Dialogue_ID,Utterance_ID,Speaker,Label,Reference_Transcript,Path_to_MP4
0,0,Chandler,neutral,also I was the point person on my company's transition from the KL-5 to GR-6 system.,data/raw/MELD-RAW/MELD.Raw/train/train_splits/dia0_utt0.mp4
0,2,Chandler,neutral,That I did. That I did.,data/raw/MELD-RAW/MELD.Raw/train/train_splits/dia0_utt2.mp4
0,4,Chandler,surprise,My duties?  All right.,data/raw/MELD-RAW/MELD.Raw/train/train_splits/dia0_utt4.mp4
0,6,Chandler,neutral,I see.,data/raw/MELD-RAW/MELD.Raw/train/train_splits/dia0_utt6.mp4
0,8,Chandler,neutral,Good to know.,data/raw/MELD-RAW/MELD.Raw/train/train_splits/dia0_utt8.mp4
0,10,Chandler,fear,No don't I beg of you!,data/raw/MELD-RAW/MELD.Raw/train/train_splits/dia0_utt10.mp4
0,12,Chandler,surprise,Really?!,data/raw/MELD-RAW/MELD.Raw/train/train_splits/dia0_utt12.mp4
2,0,Chandler,neutral,"Hey, Mon.",data/raw/MELD-RAW/MELD.Raw/train/train_splits/dia2_utt0.mp4
2,1,Monica,neutral,Hey-hey-hey. You wanna hear something that sucks.,data/raw/MELD-RAW/MELD.Raw/train/train_splits/dia2_utt1.mp4
2,2,Chandler,joy,Do I ever.,data/raw/MELD-RAW/MELD.Raw/train/train_splits/dia2_utt2.mp4
2,3,Monica,sadness,Chris says they're closing down the bar.,data/raw/MELD-RAW/MELD.Raw/train/train_splits/dia2_utt3.mp4
2,4,Chandler,surprise,No way!,data/raw/MELD-RAW/MELD.Raw/train/train_splits/dia2_utt4.mp4
2,5,Monica,neutral,"Yeah, apparently they're turning it into some kinda coffee place.",data/raw/MELD-RAW/MELD.Raw/train/train_splits/dia2_utt5.mp4
2,6,Chandler,disgust,Just coffee! Where are we gonna hang out now?,data/raw/MELD-RAW/MELD.Raw/train/train_splits/dia2_utt6.mp4
2,7,Monica,sadness,Got me.,data/raw/MELD-RAW/MELD.Raw/train/train_splits/dia2_utt7.mp4
2,8,Chandler,neutral,Can I get a beer.,data/raw/MELD-RAW/MELD.Raw/train/train_splits/dia2_utt8.mp4
2,9,Monica,neutral,"Hey, did you pick a roommate?",data/raw/MELD-RAW/MELD.Raw/train/train_splits/dia2_utt9.mp4
2,10,Chandler,joy,You betcha!,data/raw/MELD-RAW/MELD.Raw/train/train_splits/dia2_utt10.mp4
2,11,Monica,neutral,Is it the Italian guy?,data/raw/MELD-RAW/MELD.Raw/train/train_splits/dia2_utt11.mp4
2,12,Chandler,joy,"Um-mm, yeah right!",data/raw/MELD-RAW/MELD.Raw/train/train_splits/dia2_utt12.mp4
3,0,Phoebe,surprise,"Oh my God, oh my God! Poor Monica!",data/raw/MELD-RAW/MELD.Raw/train/train_splits/dia3_utt0.mp4
3,1,Chandler,surprise,"What, what, what?!",data/raw/MELD-RAW/MELD.Raw/train/train_splits/dia3_utt1.mp4
3,2,Phoebe,surprise,What?!,data/raw/MELD-RAW/MELD.Raw/train/train_splits/dia3_utt2.mp4
3,3,Phoebe,neutral,He was with her when he wrote this poem.,data/raw/MELD-RAW/MELD.Raw/train/train_splits/dia3_utt3.mp4
3,4,Phoebe,neutral,"Look,  'My vessel so empty with nothing inside.",data/raw/MELD-RAW/MELD.Raw/train/train_splits/dia3_utt4.mp4
3,5,Phoebe,neutral,"Now that I've touched you, you seem emptier still.'",data/raw/MELD-RAW/MELD.Raw/train/train_splits/dia3_utt5.mp4
3,6,Phoebe,surprise,"He thinks Monica is empty, she is the empty vase!",data/raw/MELD-RAW/MELD.Raw/train/train_splits/dia3_utt6.mp4
3,8,Phoebe,sadness,"Oh, totally. Oh, God, oh, she seemed so happy too.",data/raw/MELD-RAW/MELD.Raw/train/train_splits/dia3_utt8.mp4
5,0,Phoebe,neutral,Ameri-can.,data/raw/MELD-RAW/MELD.Raw/train/train_splits/dia5_utt0.mp4
5,2,Phoebe,neutral,Ameri-can. Y'know it's a,data/raw/MELD-RAW/MELD.Raw/train/train_splits/dia5_utt2.mp4
6,0,Chandler,joy,Good job Joe! Well done! Top notch!,data/raw/MELD-RAW/MELD.Raw/train/train_splits/dia6_utt0.mp4
6,2,Chandler,joy,"Oh-ho-ho, yeah!",data/raw/MELD-RAW/MELD.Raw/train/train_splits/dia6_utt2.mp4
6,4,Chandler,neutral,The whole thing! Can we go?,data/raw/MELD-RAW/MELD.Raw/train/train_splits/dia6_utt4.mp4
6,6,Chandler,joy,"I love the specifics, the specifics were the best part!",data/raw/MELD-RAW/MELD.Raw/train/train_splits/dia6_utt6.mp4
6,8,Chandler,surprise,I was surprised to see a kangaroo in a World War I epic.,data/raw/MELD-RAW/MELD.Raw/train/train_splits/dia6_utt8.mp4
6,14,Chandler,sadness,Don't go!,data/raw/MELD-RAW/MELD.Raw/train/train_splits/dia6_utt14.mp4
6,15,Chandler,sadness,I'm sorry.,data/raw/MELD-RAW/MELD.Raw/train/train_splits/dia6_utt15.mp4
6,16,Chandler,sadness,I'm so sorry!,data/raw/MELD-RAW/MELD.Raw/train/train_splits/dia6_utt16.mp4
6,17,Chandler,surprise,Look!,data/raw/MELD-RAW/MELD.Raw/train/train_splits/dia6_utt17.mp4
6,18,Chandler,anger,This guy fell asleep!,data/raw/MELD-RAW/MELD.Raw/train/train_splits/dia6_utt18.mp4
6,19,Chandler,anger,He fell asleep too!,data/raw/MELD-RAW/MELD.Raw/train/train_splits/dia6_utt19.mp4
6,20,Chandler,anger,Be mad at him!,data/raw/MELD-RAW/MELD.Raw/train/train_splits/dia6_utt20.mp4
6,21,Chandler,anger,"Or, call an ambulance.",data/raw/MELD-RAW/MELD.Raw/train/train_splits/dia6_utt21.mp4
8,0,Phoebe,neutral,"Yes, and it is my dying wish to have that ring.",data/raw/MELD-RAW/MELD.Raw/train/train_splits/dia8_utt0.mp4
8,1,Phoebe,neutral,"See, if I'm not buried with that ring then my spirit is going to wander the nether world for all eternity",data/raw/MELD-RAW/MELD.Raw/train/train_splits/dia8_utt1.mp4
8,2,Chandler,neutral,"Okay, that's enough honey!",data/raw/MELD-RAW/MELD.Raw/train/train_splits/dia8_utt2.mp4
8,4,Chandler,joy,"Great! Okay, here.",data/raw/MELD-RAW/MELD.Raw/train/train_splits/dia8_utt4.mp4
8,6,Chandler,joy,Thank you. Thank you. Thank you!  And,data/raw/MELD-RAW/MELD.Raw/train/train_splits/dia8_utt6.mp4
9,0,Chandler,neutral,What've you been up to?,data/raw/MELD-RAW/MELD.Raw/train/train_splits/dia9_utt0.mp4
9,3,Chandler,joy,Can you hold on a moment? I have another call.  I love her.,data/raw/MELD-RAW/MELD.Raw/train/train_splits/dia9_utt3.mp4
9,5,Chandler,neutral,I'm back.,data/raw/MELD-RAW/MELD.Raw/train/train_splits/dia9_utt5.mp4
9,7,Chandler,neutral,"Um, absolutely. Uh, how 'bout tomorrow afternoon? Do you know uh, Central Perk in the Village, say, five-ish?",data/raw/MELD-RAW/MELD.Raw/train/train_splits/dia9_utt7.mp4
9,9,Chandler,joy,Ok.  Ok. Having a phone has finally paid off.,data/raw/MELD-RAW/MELD.Raw/train/train_splits/dia9_utt9.mp4
9,11,Chandler,neutral,"I'm hoping that when Bob doesn't show up, she will seek comfort in the open arms of the wry stranger at the next table.",data/raw/MELD-RAW/MELD.Raw/train/train_splits/dia9_utt11.mp4
9,13,Chandler,anger,"Ok, pure evil , horny and alone . I've done this",data/raw/MELD-RAW/MELD.Raw/train/train_splits/dia9_utt13.mp4
10,0,Phoebe,anger,Nobody!,data/raw/MELD-RAW/MELD.Raw/train/train_splits/dia10_utt0.mp4
10,1,Phoebe,anger,Nobody respects the bucket!,data/raw/MELD-RAW/MELD.Raw/train/train_splits/dia10_utt1.mp4
10,2,Phoebe,anger,You wouldn't believe what people put in here!,data/raw/MELD-RAW/MELD.Raw/train/train_splits/dia10_utt2.mp4
10,3,Phoebe,anger,Look!,data/raw/MELD-RAW/MELD.Raw/train/train_splits/dia10_utt3.mp4
10,4,Phoebe,anger,"Okay, does this look like a garbage can to you?",data/raw/MELD-RAW/MELD.Raw/train/train_splits/dia10_utt4.mp4
10,5,Monica,neutral,No.,data/raw/MELD-RAW/MELD.Raw/train/train_splits/dia10_utt5.mp4
11,1,Monica,anger,"All right, y'know what? We really are late! Let's go! Let's go! Let's go!!",data/raw/MELD-RAW/MELD.Raw/train/train_splits/dia11_utt1.mp4
11,3,Chandler,joy,Here you go Phoebe! Here you go Phobo! Phewbedo! Phaybobo.,data/raw/MELD-RAW/MELD.Raw/train/train_splits/dia11_utt3.mp4
11,4,Phoebe,neutral,Thank you.,data/raw/MELD-RAW/MELD.Raw/train/train_splits/dia11_utt4.mp4
11,5,Phoebe,neutral,Thank you.,data/raw/MELD-RAW/MELD.Raw/train/train_splits/dia11_utt5.mp4
11,9,Phoebe,joy,"Oh, do you need a hug? You don't have to bring me anything!",data/raw/MELD-RAW/MELD.Raw/train/train_splits/dia11_utt9.mp4
12,0,Chandler,neutral,Hey!,data/raw/MELD-RAW/MELD.Raw/train/train_splits/dia12_utt0.mp4
12,2,Chandler,disgust,"That's great, but shouldn't you be on the toilet right now?",data/raw/MELD-RAW/MELD.Raw/train/train_splits/dia12_utt2.mp4
12,4,Chandler,disgust,What's wrong with you?,data/raw/MELD-RAW/MELD.Raw/train/train_splits/dia12_utt4.mp4
12,8,Chandler,surprise,This sounds like a hernia. You have toyou-you go to the doctor!,data/raw/MELD-RAW/MELD.Raw/train/train_splits/dia12_utt8.mp4
12,10,Chandler,disgust,That's a hernia.,data/raw/MELD-RAW/MELD.Raw/train/train_splits/dia12_utt10.mp4
16,2,Phoebe,disgust,Oy!!,data/raw/MELD-RAW/MELD.Raw/train/train_splits/dia16_utt2.mp4
16,3,Monica,surprise,What's with all this sand?,data/raw/MELD-RAW/MELD.Raw/train/train_splits/dia16_utt3.mp4
16,4,Phoebe,neutral,"Oh, yeah, Bob said there might be flood damage.",data/raw/MELD-RAW/MELD.Raw/train/train_splits/dia16_utt4.mp4
17,2,Chandler,neutral,"If you said, ""Big lima bean, bubbling up."" Would she understand the difference?",data/raw/MELD-RAW/MELD.Raw/train/train_splits/dia17_utt2.mp4
17,3,Monica,neutral,Rach? What are you doing?,data/raw/MELD-RAW/MELD.Raw/train/train_splits/dia17_utt3.mp4
17,5,Monica,neutral,It's a diaper commercial.,data/raw/MELD-RAW/MELD.Raw/train/train_splits/dia17_utt5.mp4
19,1,Phoebe,neutral,Hey!,data/raw/MELD-RAW/MELD.Raw/train/train_splits/dia19_utt1.mp4
20,2,Phoebe,joy,"Yay!! Oh so, you're not, you're not mad at us anymore?",data/raw/MELD-RAW/MELD.Raw/train/train_splits/dia20_utt2.mp4
20,10,Phoebe,neutral,Didn't you sleep together?,data/raw/MELD-RAW/MELD.Raw/train/train_splits/dia20_utt10.mp4
21,0,Monica,surprise,How does she do that?,data/raw/MELD-RAW/MELD.Raw/train/train_splits/dia21_utt0.mp4
21,2,Monica,joy,Would you look at her? She is so peaceful.,data/raw/MELD-RAW/MELD.Raw/train/train_splits/dia21_utt2.mp4
21,3,Phoebe,surprise,Oh! What what what! ...Hi.,data/raw/MELD-RAW/MELD.Raw/train/train_splits/dia21_utt3.mp4
21,5,Monica,surprise,What's going on with you?,data/raw/MELD-RAW/MELD.Raw/train/train_splits/dia21_utt5.mp4
21,6,Phoebe,anger,I got no sleep last night!,data/raw/MELD-RAW/MELD.Raw/train/train_splits/dia21_utt6.mp4
21,8,Phoebe,disgust,"My grandmother has this new boyfriend, and they're both kind of insecure in bed.",data/raw/MELD-RAW/MELD.Raw/train/train_splits/dia21_utt8.mp4
21,9,Phoebe,neutral,"Oh, and deaf.",data/raw/MELD-RAW/MELD.Raw/train/train_splits/dia21_utt9.mp4
21,10,Phoebe,neutral,"So they're constantly, like, having to reassure each other that they're having a good time.",data/raw/MELD-RAW/MELD.Raw/train/train_splits/dia21_utt10.mp4
21,11,Phoebe,disgust,You have no idea how loud they are!,data/raw/MELD-RAW/MELD.Raw/train/train_splits/dia21_utt11.mp4
21,12,Monica,neutral,"Well, if you want, you can stay with Rachel and me tonight.",data/raw/MELD-RAW/MELD.Raw/train/train_splits/dia21_utt12.mp4
21,13,Phoebe,joy,Thanks.,data/raw/MELD-RAW/MELD.Raw/train/train_splits/dia21_utt13.mp4
23,0,Monica,surprise,"Are you insane? I mean Joey, is going to kill you, he's actually going to kill you dead.",data/raw/MELD-RAW/MELD.Raw/train/train_splits/dia23_utt0.mp4
23,1,Chandler,anger,Okay! You don't think I thought of that?,data/raw/MELD-RAW/MELD.Raw/train/train_splits/dia23_utt1.mp4
23,2,Phoebe,surprise,How can you not know which one?,data/raw/MELD-RAW/MELD.Raw/train/train_splits/dia23_utt2.mp4
23,4,Monica,neutral,"I mean, was it Gina?",data/raw/MELD-RAW/MELD.Raw/train/train_splits/dia23_utt4.mp4
23,7,Monica,neutral,"No, no, no, that's Dina.",data/raw/MELD-RAW/MELD.Raw/train/train_splits/dia23_utt7.mp4
23,8,Chandler,surprise,"You see you can't tell which one is which either, dwha!!",data/raw/MELD-RAW/MELD.Raw/train/train_splits/dia23_utt8.mp4
27,0,Monica,sadness,"Okay, come on, I can't get married until I get something old, something new, something borrowed, and something blue.",data/raw/MELD-RAW/MELD.Raw/train/train_splits/dia27_utt0.mp4
27,1,Chandler,joy,"Okay, all right, all right, all right! Okay!  Okay, here's something, here's something blue and new.",data/raw/MELD-RAW/MELD.Raw/train/train_splits/dia27_utt1.mp4
29,0,Monica,surprise,Wow! That Mike thing was interesting! I don't know what's gonna happen with Phoebe and David.,data/raw/MELD-RAW/MELD.Raw/train/train_splits/dia29_utt0.mp4
29,1,Chandler,joy,"I do! Want a hint? huh? ""I do""  ""I do"".",data/raw/MELD-RAW/MELD.Raw/train/train_splits/dia29_utt1.mp4
29,2,Monica,neutral,"Ok, I'm sensing that this is some kind of word play, because you are pink with barely controlled glee.",data/raw/MELD-RAW/MELD.Raw/train/train_splits/dia29_utt2.mp4
29,3,Chandler,joy,David is going to propose to Phoebe.,data/raw/MELD-RAW/MELD.Raw/train/train_splits/dia29_utt3.mp4
29,4,Monica,surprise,What?  Why?,data/raw/MELD-RAW/MELD.Raw/train/train_splits/dia29_utt4.mp4
29,6,Monica,anger,"Chandler, we have talked about this.",data/raw/MELD-RAW/MELD.Raw/train/train_splits/dia29_utt6.mp4
29,7,Monica,anger,You are not supposed to give people advice!,data/raw/MELD-RAW/MELD.Raw/train/train_splits/dia29_utt7.mp4
29,8,Monica,anger,Now couldn't you just have made some sort of inappropriate joke?,data/raw/MELD-RAW/MELD.Raw/train/train_splits/dia29_utt8.mp4
29,9,Chandler,neutral,I,data/raw/MELD-RAW/MELD.Raw/train/train_splits/dia29_utt9.mp4
29,10,Monica,anger,They've only been going out for a few weeks and Phoebe is completely hung up on Mike!,data/raw/MELD-RAW/MELD.Raw/train/train_splits/dia29_utt10.mp4
29,11,Monica,anger,"She'll say ""No"", David's heart will be broken, it will be too hard for them to recover from and then Phoebe will end up alone",data/raw/MELD-RAW/MELD.Raw/train/train_splits/dia29_utt11.mp4
29,12,Chandler,surprise,"Man, that's some",data/raw/MELD-RAW/MELD.Raw/train/train_splits/dia29_utt12.mp4
31,3,Phoebe,neutral,"So umm, now do you have any of Matt Lauer's clothes here? Maybe? Just ones that haven't been cleaned yet?",data/raw/MELD-RAW/MELD.Raw/train/train_splits/dia31_utt3.mp4
32,1,Phoebe,neutral,"Oh yeah, I'm sure.  And all of a sudden his hands weren't the problem anymore.",data/raw/MELD-RAW/MELD.Raw/train/train_splits/dia32_utt1.mp4
32,2,Monica,surprise,Was it...?,data/raw/MELD-RAW/MELD.Raw/train/train_splits/dia32_utt2.mp4
32,3,Phoebe,neutral,"Oh, boy scouts could have camped under there.",data/raw/MELD-RAW/MELD.Raw/train/train_splits/dia32_utt3.mp4
32,5,Phoebe,neutral,Uma Thurman.,data/raw/MELD-RAW/MELD.Raw/train/train_splits/dia32_utt5.mp4
32,6,Monica,surprise,Oh!,data/raw/MELD-RAW/MELD.Raw/train/train_splits/dia32_utt6.mp4
32,9,Chandler,surprise,So what are you gonna do?,data/raw/MELD-RAW/MELD.Raw/train/train_splits/dia32_utt9.mp4
32,15,Chandler,neutral,"Oh, yeah, you have to tell her.",data/raw/MELD-RAW/MELD.Raw/train/train_splits/dia32_utt15.mp4
32,17,Phoebe,fear,She is gonna hate me.,data/raw/MELD-RAW/MELD.Raw/train/train_splits/dia32_utt17.mp4
33,0,Chandler,fear,Will you marry me?,data/raw/MELD-RAW/MELD.Raw/train/train_splits/dia33_utt0.mp4
33,3,Chandler,neutral,"Yeah, right here in my pocket.  Pheebs?",data/raw/MELD-RAW/MELD.Raw/train/train_splits/dia33_utt3.mp4
33,4,Phoebe,surprise,Oh! Oop!,data/raw/MELD-RAW/MELD.Raw/train/train_splits/dia33_utt4.mp4
33,5,Chandler,neutral,"Okay, now will you guys get out of here? I want this is to be a surprise and she's gonna know.",data/raw/MELD-RAW/MELD.Raw/train/train_splits/dia33_utt5.mp4
33,7,Monica,neutral,Hi guys.,data/raw/MELD-RAW/MELD.Raw/train/train_splits/dia33_utt7.mp4
33,8,Chandler,joy,You are beautiful.,data/raw/MELD-RAW/MELD.Raw/train/train_splits/dia33_utt8.mp4
33,9,Monica,joy,"Oh, thank you!   What's going on?",data/raw/MELD-RAW/MELD.Raw/train/train_splits/dia33_utt9.mp4
35,0,Phoebe,surprise,I can't believe it!,data/raw/MELD-RAW/MELD.Raw/train/train_splits/dia35_utt0.mp4
35,1,Phoebe,joy,I did it!,data/raw/MELD-RAW/MELD.Raw/train/train_splits/dia35_utt1.mp4
35,2,Phoebe,joy,I rode a bike!,data/raw/MELD-RAW/MELD.Raw/train/train_splits/dia35_utt2.mp4
35,3,Phoebe,joy,I never thought I'd be able to do that!,data/raw/MELD-RAW/MELD.Raw/train/train_splits/dia35_utt3.mp4
35,4,Phoebe,joy,Thank you Ross.,data/raw/MELD-RAW/MELD.Raw/train/train_splits/dia35_utt4.mp4
36,2,Chandler,neutral,Thanks man.,data/raw/MELD-RAW/MELD.Raw/train/train_splits/dia36_utt2.mp4
36,4,Chandler,sadness,What a baby.,data/raw/MELD-RAW/MELD.Raw/train/train_splits/dia36_utt4.mp4
37,0,Monica,neutral,"Okay, we have a lot of options here, a number of prototypes for you to try on.",data/raw/MELD-RAW/MELD.Raw/train/train_splits/dia37_utt0.mp4
37,2,Monica,joy,"Yeah! Okay, this one is a mushroom cap.  Umm, this one is made of bologna.",data/raw/MELD-RAW/MELD.Raw/train/train_splits/dia37_utt2.mp4
38,0,Monica,anger,You kissed another woman!,data/raw/MELD-RAW/MELD.Raw/train/train_splits/dia38_utt0.mp4
38,1,Chandler,neutral,Call it even?!,data/raw/MELD-RAW/MELD.Raw/train/train_splits/dia38_utt1.mp4
38,2,Monica,joy,Okay!,data/raw/MELD-RAW/MELD.Raw/train/train_splits/dia38_utt2.mp4
38,4,Phoebe,surprise,Wait you stole those from these people's wedding?,data/raw/MELD-RAW/MELD.Raw/train/train_splits/dia38_utt4.mp4
38,10,Phoebe,surprise,Oh my God!!,data/raw/MELD-RAW/MELD.Raw/train/train_splits/dia38_utt10.mp4
40,0,Phoebe,anger,I can't,data/raw/MELD-RAW/MELD.Raw/train/train_splits/dia40_utt0.mp4
40,2,Chandler,neutral,Y'know who has a great video camera?,data/raw/MELD-RAW/MELD.Raw/train/train_splits/dia40_utt2.mp4
40,3,Phoebe,neutral,Greg and Jenny?,data/raw/MELD-RAW/MELD.Raw/train/train_splits/dia40_utt3.mp4
40,4,Monica,neutral,Do you still wanna call em? I wanna call em.,data/raw/MELD-RAW/MELD.Raw/train/train_splits/dia40_utt4.mp4
40,5,Chandler,neutral,Let's call em.,data/raw/MELD-RAW/MELD.Raw/train/train_splits/dia40_utt5.mp4
40,7,Monica,neutral,Hello?  Eighth street deli?,data/raw/MELD-RAW/MELD.Raw/train/train_splits/dia40_utt7.mp4
40,9,Monica,fear,"Uh sorry, wrong number.",data/raw/MELD-RAW/MELD.Raw/train/train_splits/dia40_utt9.mp4
40,10,Chandler,neutral,Here you go.,data/raw/MELD-RAW/MELD.Raw/train/train_splits/dia40_utt10.mp4
40,11,Monica,surprise,Hello?   It's the deli again!,data/raw/MELD-RAW/MELD.Raw/train/train_splits/dia40_utt11.mp4
40,13,Monica,sadness,I don't think this number's right!,data/raw/MELD-RAW/MELD.Raw/train/train_splits/dia40_utt13.mp4
42,0,Chandler,neutral,"Everything's gonna be all right. Okay, Dick?",data/raw/MELD-RAW/MELD.Raw/train/train_splits/dia42_utt0.mp4
43,0,Monica,neutral,"Hey, Rach, how was work?",data/raw/MELD-RAW/MELD.Raw/train/train_splits/dia43_utt0.mp4
43,2,Monica,neutral,"By the way, Ross dropped by a box of your stuff.",data/raw/MELD-RAW/MELD.Raw/train/train_splits/dia43_utt2.mp4
43,5,Monica,neutral,Something wrong?,data/raw/MELD-RAW/MELD.Raw/train/train_splits/dia43_utt5.mp4
45,1,Chandler,disgust,"No, no, you're right, it is a ridiculous name!",data/raw/MELD-RAW/MELD.Raw/train/train_splits/dia45_utt1.mp4
45,3,Chandler,anger,"Yes it is! From now on, I have no first name.",data/raw/MELD-RAW/MELD.Raw/train/train_splits/dia45_utt3.mp4
46,0,Monica,joy,Because we won our apartment back!,data/raw/MELD-RAW/MELD.Raw/train/train_splits/dia46_utt0.mp4
46,2,Monica,anger,"No! Ace is low! Ace, two, three, four!",data/raw/MELD-RAW/MELD.Raw/train/train_splits/dia46_utt2.mp4
46,3,Phoebe,surprise,I don't know. Ooh! Ooh! Look it!  Ah-ha!,data/raw/MELD-RAW/MELD.Raw/train/train_splits/dia46_utt3.mp4
46,8,Chandler,joy,Yeah baby!,data/raw/MELD-RAW/MELD.Raw/train/train_splits/dia46_utt8.mp4
46,9,Monica,joy,"But, we pick again! We pick again!",data/raw/MELD-RAW/MELD.Raw/train/train_splits/dia46_utt9.mp4
46,11,Monica,fear,I don't know!,data/raw/MELD-RAW/MELD.Raw/train/train_splits/dia46_utt11.mp4
46,12,Chandler,joy,Tickets please!  That's courtside baby!,data/raw/MELD-RAW/MELD.Raw/train/train_splits/dia46_utt12.mp4
46,14,Chandler,joy,No they didn't!,data/raw/MELD-RAW/MELD.Raw/train/train_splits/dia46_utt14.mp4
47,0,Chandler,neutral,"You know, I don't think we brought enough stuff. Did you forget to pack the baby's anvil?",data/raw/MELD-RAW/MELD.Raw/train/train_splits/dia47_utt0.mp4
47,9,Chandler,neutral,"No, I got him.",data/raw/MELD-RAW/MELD.Raw/train/train_splits/dia47_utt9.mp4
47,11,Chandler,surprise,"Oh, seriously you want him?",data/raw/MELD-RAW/MELD.Raw/train/train_splits/dia47_utt11.mp4
47,13,Chandler,surprise,"Well, don't, don't think me immodest, but, me?",data/raw/MELD-RAW/MELD.Raw/train/train_splits/dia47_utt13.mp4
47,17,Chandler,neutral,"Well, we are great guys.",data/raw/MELD-RAW/MELD.Raw/train/train_splits/dia47_utt17.mp4
49,3,Monica,joy,"Well Ross, you be careful now. You don't want to get a reputation as y'know Professor McNailshisstudents.",data/raw/MELD-RAW/MELD.Raw/train/train_splits/dia49_utt3.mp4
49,9,Monica,joy,Joey that is so sweet.,data/raw/MELD-RAW/MELD.Raw/train/train_splits/dia49_utt9.mp4
49,10,Chandler,neutral,Hey.,data/raw/MELD-RAW/MELD.Raw/train/train_splits/dia49_utt10.mp4
49,12,Chandler,sadness,I couldn't do it.,data/raw/MELD-RAW/MELD.Raw/train/train_splits/dia49_utt12.mp4
49,14,Chandler,neutral,"Hey, relax I just need more time. We're going to dinner tonight.",data/raw/MELD-RAW/MELD.Raw/train/train_splits/dia49_utt14.mp4
49,15,Monica,surprise,What?! You're going out with her again!,data/raw/MELD-RAW/MELD.Raw/train/train_splits/dia49_utt15.mp4
49,17,Chandler,neutral,"Uh, Dana Keystone from college.",data/raw/MELD-RAW/MELD.Raw/train/train_splits/dia49_utt17.mp4
49,19,Chandler,neutral,"No, that was Dana Caplin.",data/raw/MELD-RAW/MELD.Raw/train/train_splits/dia49_utt19.mp4
49,20,Monica,surprise,Joey! You didn't even know her!,data/raw/MELD-RAW/MELD.Raw/train/train_splits/dia49_utt20.mp4
52,0,Monica,neutral,I know.,data/raw/MELD-RAW/MELD.Raw/train/train_splits/dia52_utt0.mp4
52,1,Phoebe,joy,"Ooh, I have to tell you something.",data/raw/MELD-RAW/MELD.Raw/train/train_splits/dia52_utt1.mp4
52,2,Monica,neutral,What?,data/raw/MELD-RAW/MELD.Raw/train/train_splits/dia52_utt2.mp4
52,3,Phoebe,neutral,But I can't tell you.,data/raw/MELD-RAW/MELD.Raw/train/train_splits/dia52_utt3.mp4
52,4,Monica,neutral,"Okay, but wouldn't it be easier if you had to tell me something that you could tell me.",data/raw/MELD-RAW/MELD.Raw/train/train_splits/dia52_utt4.mp4
52,5,Phoebe,neutral,"Well, sure in a perfect world. But, no, I promised I wouldn't tell, and I swore to like all my gods.",data/raw/MELD-RAW/MELD.Raw/train/train_splits/dia52_utt5.mp4
52,6,Monica,neutral,Okay. Does it have to do with Ross and Rachel?,data/raw/MELD-RAW/MELD.Raw/train/train_splits/dia52_utt6.mp4
52,7,Phoebe,neutral,No.,data/raw/MELD-RAW/MELD.Raw/train/train_splits/dia52_utt7.mp4
52,8,Monica,neutral,Does it have to do with Joey?,data/raw/MELD-RAW/MELD.Raw/train/train_splits/dia52_utt8.mp4
52,9,Phoebe,neutral,No.,data/raw/MELD-RAW/MELD.Raw/train/train_splits/dia52_utt9.mp4
52,10,Monica,neutral,Does it have to do with-with Chandler and that sock that he keeps by his bed?,data/raw/MELD-RAW/MELD.Raw/train/train_splits/dia52_utt10.mp4
52,11,Phoebe,neutral,"No, but let's come back to that later!",data/raw/MELD-RAW/MELD.Raw/train/train_splits/dia52_utt11.mp4
53,1,Monica,joy,Richard!,data/raw/MELD-RAW/MELD.Raw/train/train_splits/dia53_utt1.mp4
53,3,Monica,neutral,"Ohh Oh, that's okay I hate when people come back to complement the chef.",data/raw/MELD-RAW/MELD.Raw/train/train_splits/dia53_utt3.mp4
53,4,Monica,neutral,Like I have nothing better to do!,data/raw/MELD-RAW/MELD.Raw/train/train_splits/dia53_utt4.mp4
53,5,Monica,neutral,So what's up?,data/raw/MELD-RAW/MELD.Raw/train/train_splits/dia53_utt5.mp4
53,7,Monica,neutral,"Oh, good to see you too. Did you come down here to tell me that?",data/raw/MELD-RAW/MELD.Raw/train/train_splits/dia53_utt7.mp4
56,0,Chandler,surprise,"Oh my God, it's that Victoria's Secret model. Something... something Goodacre.",data/raw/MELD-RAW/MELD.Raw/train/train_splits/dia56_utt0.mp4
56,2,Chandler,surprise,"She's right, it's Jill. Jill Goodacre. Oh my God. I am trapped in an ATM vestibule with Jill Goodacre!",data/raw/MELD-RAW/MELD.Raw/train/train_splits/dia56_utt2.mp4
56,4,Chandler,neutral,Jill says vestibule... I'm going with vestibule.,data/raw/MELD-RAW/MELD.Raw/train/train_splits/dia56_utt4.mp4
56,6,Chandler,joy,"Oh! Some guy. Some guy. 'Hey Jill, I saw you with some guy last night. Yes, he was",data/raw/MELD-RAW/MELD.Raw/train/train_splits/dia56_utt6.mp4
57,1,Chandler,neutral,Are you seeing anybody right now?,data/raw/MELD-RAW/MELD.Raw/train/train_splits/dia57_utt1.mp4
57,2,Chandler,fear,"Og-ee-op, I'm not asking for me, I'm I mean No, I'm-I'm not gay, I'm not asking you out.",data/raw/MELD-RAW/MELD.Raw/train/train_splits/dia57_utt2.mp4
57,3,Chandler,fear,I'm not-I'm not-I'm not gay!,data/raw/MELD-RAW/MELD.Raw/train/train_splits/dia57_utt3.mp4
58,0,Phoebe,neutral,Personal shopping? What is that? Like where you walk around with snooty rich people and tell them what to buy?,data/raw/MELD-RAW/MELD.Raw/train/train_splits/dia58_utt0.mp4
58,2,Phoebe,surprise,That sounds great!,data/raw/MELD-RAW/MELD.Raw/train/train_splits/dia58_utt2.mp4
58,4,Monica,anger,"Umm, excuse me, we switched apartments. You can't eat are food anymore, that-that gravy train had ended.",data/raw/MELD-RAW/MELD.Raw/train/train_splits/dia58_utt4.mp4
58,6,Monica,neutral,If you have the big apartment you have to deal with people coming over all the time.,data/raw/MELD-RAW/MELD.Raw/train/train_splits/dia58_utt6.mp4
58,7,Monica,neutral,"That fridge has got to be stocked, okay, that's your department now.",data/raw/MELD-RAW/MELD.Raw/train/train_splits/dia58_utt7.mp4
58,8,Monica,neutral,What are you doing?,data/raw/MELD-RAW/MELD.Raw/train/train_splits/dia58_utt8.mp4
61,5,Chandler,sadness,"No. No, not at all, that's-that's ridiculous.",data/raw/MELD-RAW/MELD.Raw/train/train_splits/dia61_utt5.mp4
61,7,Chandler,sadness,"Ye-ye-yeah, yes I do!",data/raw/MELD-RAW/MELD.Raw/train/train_splits/dia61_utt7.mp4
62,0,Chandler,neutral,Hey Bob.,data/raw/MELD-RAW/MELD.Raw/train/train_splits/dia62_utt0.mp4
62,2,Chandler,neutral,"If I see him, I'll ask.",data/raw/MELD-RAW/MELD.Raw/train/train_splits/dia62_utt2.mp4
62,5,Chandler,joy,Yeah!,data/raw/MELD-RAW/MELD.Raw/train/train_splits/dia62_utt5.mp4
62,7,Chandler,neutral,We're on a semi-first name basis.,data/raw/MELD-RAW/MELD.Raw/train/train_splits/dia62_utt7.mp4
62,9,Chandler,surprise,"Bob? Ooh, working here with us? Everyday? Yeah, I don't know if he has what it takes.",data/raw/MELD-RAW/MELD.Raw/train/train_splits/dia62_utt9.mp4
62,11,Chandler,neutral,But this is eleven. It's almost twice as hard up here.,data/raw/MELD-RAW/MELD.Raw/train/train_splits/dia62_utt11.mp4
63,1,Chandler,neutral,A freakish thin date with a hanger for her head?,data/raw/MELD-RAW/MELD.Raw/train/train_splits/dia63_utt1.mp4
63,3,Chandler,surprise,What?,data/raw/MELD-RAW/MELD.Raw/train/train_splits/dia63_utt3.mp4
63,5,Chandler,anger,You can't wear that! I'm wearing the famous tux! James Bond's tux!,data/raw/MELD-RAW/MELD.Raw/train/train_splits/dia63_utt5.mp4
63,7,Chandler,sadness,SoIf you wear that you'll make mine less special.,data/raw/MELD-RAW/MELD.Raw/train/train_splits/dia63_utt7.mp4
64,0,Chandler,anger,"Sorry, I just don't like the idea of when I say ""I do,"" he's thinking, ""Yeah, I'd do her too!""",data/raw/MELD-RAW/MELD.Raw/train/train_splits/dia64_utt0.mp4
64,1,Monica,neutral,Well then we still have a problem.,data/raw/MELD-RAW/MELD.Raw/train/train_splits/dia64_utt1.mp4
64,2,Chandler,neutral,Yeah!,data/raw/MELD-RAW/MELD.Raw/train/train_splits/dia64_utt2.mp4
64,3,Phoebe,neutral,With what?,data/raw/MELD-RAW/MELD.Raw/train/train_splits/dia64_utt3.mp4
64,4,Monica,neutral,"Well, we're trying to find someone to perform our wedding and they're all either boring or annoying or y'know, can't stop staring at the ladies.",data/raw/MELD-RAW/MELD.Raw/train/train_splits/dia64_utt4.mp4
64,5,Phoebe,joy,Oo! You should have one of us do it!,data/raw/MELD-RAW/MELD.Raw/train/train_splits/dia64_utt5.mp4
64,6,Monica,neutral,"Phoebe, we're getting",data/raw/MELD-RAW/MELD.Raw/train/train_splits/dia64_utt6.mp4
64,7,Phoebe,joy,No! No! It's-it's uh a real thing! Anyone can get ordained on the Internet and perform like weddings and stuff!,data/raw/MELD-RAW/MELD.Raw/train/train_splits/dia64_utt7.mp4
64,9,Phoebe,anger,What?! No! It was my idea!,data/raw/MELD-RAW/MELD.Raw/train/train_splits/dia64_utt9.mp4
64,10,Chandler,neutral,Guys thank you very much but neither of you is marrying us.,data/raw/MELD-RAW/MELD.Raw/train/train_splits/dia64_utt10.mp4
64,12,Chandler,neutral,"We are going to have a legitimate member of the clergy! And when I say legitimate I mean, gay and in control of his saliva!",data/raw/MELD-RAW/MELD.Raw/train/train_splits/dia64_utt12.mp4
66,1,Phoebe,neutral,"That was supposed to be a good thing, I forget why.",data/raw/MELD-RAW/MELD.Raw/train/train_splits/dia66_utt1.mp4
66,2,Phoebe,neutral,"Just listen, Monica, I, do you know, okay, do you know, I couldn't sleep for like a month because I got like a dot of ink on one of the sofa cushions.",data/raw/MELD-RAW/MELD.Raw/train/train_splits/dia66_utt2.mp4
66,3,Monica,neutral,"Well, you-you coulda just turned the cushion over.",data/raw/MELD-RAW/MELD.Raw/train/train_splits/dia66_utt3.mp4
66,4,Phoebe,neutral,"Yeah, I would've except I had a big spaghetti stain on the other side.",data/raw/MELD-RAW/MELD.Raw/train/train_splits/dia66_utt4.mp4
66,5,Monica,surprise,What?!?!,data/raw/MELD-RAW/MELD.Raw/train/train_splits/dia66_utt5.mp4
66,6,Phoebe,neutral,"Okay, this is what I'm talking about, this. I-I need to live in a land where people can spill.",data/raw/MELD-RAW/MELD.Raw/train/train_splits/dia66_utt6.mp4
66,7,Monica,neutral,You can spill. In the sink.,data/raw/MELD-RAW/MELD.Raw/train/train_splits/dia66_utt7.mp4
66,8,Phoebe,sadness,"Aw, honey it's not your fault, y'know this is who you are, and I love you, and I want us to be friends, and if I keep living here I don't see that happening.",data/raw/MELD-RAW/MELD.Raw/train/train_splits/dia66_utt8.mp4
66,9,Monica,joy,"I love you, too.",data/raw/MELD-RAW/MELD.Raw/train/train_splits/dia66_utt9.mp4
66,10,Phoebe,joy,"Aww, good.  What?",data/raw/MELD-RAW/MELD.Raw/train/train_splits/dia66_utt10.mp4
66,11,Monica,sadness,What? I'm just said.,data/raw/MELD-RAW/MELD.Raw/train/train_splits/dia66_utt11.mp4
66,12,Phoebe,neutral,"No you're not, you're wondering which cushion it is.",data/raw/MELD-RAW/MELD.Raw/train/train_splits/dia66_utt12.mp4
67,12,Phoebe,neutral,No.,data/raw/MELD-RAW/MELD.Raw/train/train_splits/dia67_utt12.mp4
67,13,Phoebe,neutral,"No, I won't.",data/raw/MELD-RAW/MELD.Raw/train/train_splits/dia67_utt13.mp4
67,14,Phoebe,neutral,"But I should tell you this, this exact same thing happened to my roommate Denise.",data/raw/MELD-RAW/MELD.Raw/train/train_splits/dia67_utt14.mp4
67,15,Phoebe,anger,"She moved in with a guy who was secretly married to her and he said he didn't love her, but he really did, and it just blew up!",data/raw/MELD-RAW/MELD.Raw/train/train_splits/dia67_utt15.mp4
69,0,Chandler,joy,That's great.,data/raw/MELD-RAW/MELD.Raw/train/train_splits/dia69_utt0.mp4
69,1,Chandler,neutral,"Well, I'm gonna get another espresso. Can I get you another latte?",data/raw/MELD-RAW/MELD.Raw/train/train_splits/dia69_utt1.mp4
69,2,Janice,neutral,"No, no, I'm still working on mine.",data/raw/MELD-RAW/MELD.Raw/train/train_splits/dia69_utt2.mp4
69,3,Chandler,surprise,That's it?,data/raw/MELD-RAW/MELD.Raw/train/train_splits/dia69_utt3.mp4
69,4,Phoebe,sadness,"Yeah, it was really hard.",data/raw/MELD-RAW/MELD.Raw/train/train_splits/dia69_utt4.mp4
69,5,Chandler,neutral,"Oh, yeah, that hug looked pretty brutal.",data/raw/MELD-RAW/MELD.Raw/train/train_splits/dia69_utt5.mp4
69,6,Phoebe,anger,"Ok, you weren't there.",data/raw/MELD-RAW/MELD.Raw/train/train_splits/dia69_utt6.mp4
70,2,Chandler,neutral,"You'll have to pardon my roommate, he wanted to marry this.",data/raw/MELD-RAW/MELD.Raw/train/train_splits/dia70_utt2.mp4
70,4,Chandler,neutral,"Y'know, I, I really don't think we need a canoe.",data/raw/MELD-RAW/MELD.Raw/train/train_splits/dia70_utt4.mp4
70,6,Chandler,neutral,"All right, just, just take the entertainment center, and then when you get home, throw the canoe away!",data/raw/MELD-RAW/MELD.Raw/train/train_splits/dia70_utt6.mp4
71,1,Phoebe,neutral,Yeah?,data/raw/MELD-RAW/MELD.Raw/train/train_splits/dia71_utt1.mp4
72,0,Chandler,neutral,"Okay. Then I guess it's just, wait here then.   Hi. I need one fake ticket to Yemen.",data/raw/MELD-RAW/MELD.Raw/train/train_splits/dia72_utt0.mp4
72,2,Chandler,neutral,"Oh no-no-no, no. No, no, no, I just, I just need a pretend ticket.",data/raw/MELD-RAW/MELD.Raw/train/train_splits/dia72_utt2.mp4
72,4,Chandler,neutral,What would you give to a kid if he wanted a ticket to play with?,data/raw/MELD-RAW/MELD.Raw/train/train_splits/dia72_utt4.mp4
72,6,Chandler,neutral,No.,data/raw/MELD-RAW/MELD.Raw/train/train_splits/dia72_utt6.mp4
72,7,Chandler,neutral,"All right, y'know what, she's  gonna think that I'm handing you a credit card, but what I'm really gonna do is hand you a library card.",data/raw/MELD-RAW/MELD.Raw/train/train_splits/dia72_utt7.mp4
73,0,Chandler,neutral,"Okay, but this is the last time.",data/raw/MELD-RAW/MELD.Raw/train/train_splits/dia73_utt0.mp4
73,1,Chandler,joy,"With a chick-chick here, and a chick-chick there.",data/raw/MELD-RAW/MELD.Raw/train/train_splits/dia73_utt1.mp4
73,2,Chandler,joy,"Here a chick, there a chick, everywhere a chick-chick--chickeeeen.",data/raw/MELD-RAW/MELD.Raw/train/train_splits/dia73_utt2.mp4
73,4,Chandler,neutral,Hey.,data/raw/MELD-RAW/MELD.Raw/train/train_splits/dia73_utt4.mp4
73,6,Chandler,surprise,She?,data/raw/MELD-RAW/MELD.Raw/train/train_splits/dia73_utt6.mp4
73,8,Chandler,neutral,"I don't know.  I can't tell, what ever it was went back in too quickly.",data/raw/MELD-RAW/MELD.Raw/train/train_splits/dia73_utt8.mp4
73,10,Chandler,surprise,Excuse me?,data/raw/MELD-RAW/MELD.Raw/train/train_splits/dia73_utt10.mp4
74,1,Phoebe,neutral,"Yeah, but Jason's really sensitive.",data/raw/MELD-RAW/MELD.Raw/train/train_splits/dia74_utt1.mp4
74,2,Chandler,neutral,"Well sensitive is important, pick him.",data/raw/MELD-RAW/MELD.Raw/train/train_splits/dia74_utt2.mp4
74,3,Phoebe,neutral,Yeah.,data/raw/MELD-RAW/MELD.Raw/train/train_splits/dia74_utt3.mp4
74,5,Phoebe,anger,Jason is not a sissy!,data/raw/MELD-RAW/MELD.Raw/train/train_splits/dia74_utt5.mp4
78,2,Phoebe,anger,No Rachel! They got here first!,data/raw/MELD-RAW/MELD.Raw/train/train_splits/dia78_utt2.mp4
78,3,Phoebe,neutral,Why is Ross doing that?,data/raw/MELD-RAW/MELD.Raw/train/train_splits/dia78_utt3.mp4
81,1,Monica,neutral,About what?,data/raw/MELD-RAW/MELD.Raw/train/train_splits/dia81_utt1.mp4
81,3,Monica,joy,Oh my God! I love him!,data/raw/MELD-RAW/MELD.Raw/train/train_splits/dia81_utt3.mp4
81,5,Phoebe,neutral,About what?,data/raw/MELD-RAW/MELD.Raw/train/train_splits/dia81_utt5.mp4
81,6,Monica,joy,My surprise party!,data/raw/MELD-RAW/MELD.Raw/train/train_splits/dia81_utt6.mp4
81,7,Phoebe,surprise,What surprise party?,data/raw/MELD-RAW/MELD.Raw/train/train_splits/dia81_utt7.mp4
81,8,Monica,joy,Oh stop it. Joey already told me.,data/raw/MELD-RAW/MELD.Raw/train/train_splits/dia81_utt8.mp4
81,9,Phoebe,neutral,"Well, he didn't tell me.",data/raw/MELD-RAW/MELD.Raw/train/train_splits/dia81_utt9.mp4
81,11,Phoebe,anger,This is so typical. I'm always the last one to know everything.,data/raw/MELD-RAW/MELD.Raw/train/train_splits/dia81_utt11.mp4
81,12,Monica,neutral,"No, you are not. We tell you stuff.",data/raw/MELD-RAW/MELD.Raw/train/train_splits/dia81_utt12.mp4
81,13,Phoebe,anger,Yuh-huh!,data/raw/MELD-RAW/MELD.Raw/train/train_splits/dia81_utt13.mp4
81,14,Phoebe,anger,I was the last one to know when Chandler got bitten by the peacock at the zoo.,data/raw/MELD-RAW/MELD.Raw/train/train_splits/dia81_utt14.mp4
81,15,Phoebe,anger,I was the last one to know when you had a crush on Joey when he was moving in.,data/raw/MELD-RAW/MELD.Raw/train/train_splits/dia81_utt15.mp4
81,16,Phoebe,surprise,Looks like I was second to last.,data/raw/MELD-RAW/MELD.Raw/train/train_splits/dia81_utt16.mp4
82,0,Monica,neutral,"Chandler, we still haven't gotten an RSVP from your dad.",data/raw/MELD-RAW/MELD.Raw/train/train_splits/dia82_utt0.mp4
82,1,Chandler,neutral,"Oh! Right. Umm, maybe that's because I didn't send him an invitation.",data/raw/MELD-RAW/MELD.Raw/train/train_splits/dia82_utt1.mp4
82,2,Monica,anger,Chandler! He's your father.  he should be at the wedding.,data/raw/MELD-RAW/MELD.Raw/train/train_splits/dia82_utt2.mp4
82,3,Chandler,disgust,I don't even know the man. Okay? We're not that close. I haven't seen him in years.,data/raw/MELD-RAW/MELD.Raw/train/train_splits/dia82_utt3.mp4
82,4,Monica,sadness,Well what are you gonna do when he finds out he wasn't even asked?!,data/raw/MELD-RAW/MELD.Raw/train/train_splits/dia82_utt4.mp4
82,5,Chandler,neutral,It's not like we run in the same circles.,data/raw/MELD-RAW/MELD.Raw/train/train_splits/dia82_utt5.mp4
82,6,Chandler,disgust,"I hang out with you guys, and he stars in a drag show in Vegas.",data/raw/MELD-RAW/MELD.Raw/train/train_splits/dia82_utt6.mp4
82,7,Phoebe,neutral,"Ooh, I think I wanna trade circles.",data/raw/MELD-RAW/MELD.Raw/train/train_splits/dia82_utt7.mp4
82,9,Chandler,disgust,Nobody is gonna be staring at the bride when the father of the groom is wearing a back-less dress.,data/raw/MELD-RAW/MELD.Raw/train/train_splits/dia82_utt9.mp4
82,10,Monica,neutral,So what! As long as he's not wearing a white dress and a veil I don't care.,data/raw/MELD-RAW/MELD.Raw/train/train_splits/dia82_utt10.mp4
82,11,Phoebe,neutral,"Okay, I think I need to do some shopping.",data/raw/MELD-RAW/MELD.Raw/train/train_splits/dia82_utt11.mp4
84,0,Monica,fear,"No-no, Rachel, don't get it! He can't see us!",data/raw/MELD-RAW/MELD.Raw/train/train_splits/dia84_utt0.mp4
84,1,Phoebe,anger,"No, yeah! The groom cannot see the bride!",data/raw/MELD-RAW/MELD.Raw/train/train_splits/dia84_utt1.mp4
84,3,Phoebe,anger,Not after this!,data/raw/MELD-RAW/MELD.Raw/train/train_splits/dia84_utt3.mp4
85,1,Phoebe,neutral,Okay.,data/raw/MELD-RAW/MELD.Raw/train/train_splits/dia85_utt1.mp4
85,3,Phoebe,neutral,I thought you said you read it in high school.,data/raw/MELD-RAW/MELD.Raw/train/train_splits/dia85_utt3.mp4
87,4,Phoebe,joy,What a neat idea. All your clothes match. I'm gonna do this.,data/raw/MELD-RAW/MELD.Raw/train/train_splits/dia87_utt4.mp4
87,5,Monica,neutral,Hi.,data/raw/MELD-RAW/MELD.Raw/train/train_splits/dia87_utt5.mp4
87,6,Phoebe,neutral,"Hey, how'd it go?",data/raw/MELD-RAW/MELD.Raw/train/train_splits/dia87_utt6.mp4
87,8,Monica,joy,"We ripped that couple apart, and kept the pieces for ourselves.",data/raw/MELD-RAW/MELD.Raw/train/train_splits/dia87_utt8.mp4
88,0,Phoebe,neutral,You know what? You are right. I,data/raw/MELD-RAW/MELD.Raw/train/train_splits/dia88_utt0.mp4
88,2,Phoebe,neutral,Ok.,data/raw/MELD-RAW/MELD.Raw/train/train_splits/dia88_utt2.mp4
88,3,Phoebe,neutral,"Okay  If you guys have microphones in there too, I didn't mean",data/raw/MELD-RAW/MELD.Raw/train/train_splits/dia88_utt3.mp4
89,1,Chandler,neutral,It's 6:00.,data/raw/MELD-RAW/MELD.Raw/train/train_splits/dia89_utt1.mp4
89,10,Chandler,surprise,What?,data/raw/MELD-RAW/MELD.Raw/train/train_splits/dia89_utt10.mp4
90,0,Phoebe,surprise,What the hell is this?!,data/raw/MELD-RAW/MELD.Raw/train/train_splits/dia90_utt0.mp4
91,0,Phoebe,anger,"What, did you actually thought it would make me feel better to give me stuff that I can't use for another two months?!",data/raw/MELD-RAW/MELD.Raw/train/train_splits/dia91_utt0.mp4
92,0,Phoebe,anger,This sucks!,data/raw/MELD-RAW/MELD.Raw/train/train_splits/dia92_utt0.mp4
92,1,Phoebe,neutral,"All right, what's my next present?",data/raw/MELD-RAW/MELD.Raw/train/train_splits/dia92_utt1.mp4
93,0,Chandler,neutral,"All right, there's a nuclear holocaust, I'm the last man on Earth. Would you go out with me?",data/raw/MELD-RAW/MELD.Raw/train/train_splits/dia93_utt0.mp4
93,1,Monica,neutral,Enhh,data/raw/MELD-RAW/MELD.Raw/train/train_splits/dia93_utt1.mp4
93,2,Chandler,neutral,I've got canned goods.,data/raw/MELD-RAW/MELD.Raw/train/train_splits/dia93_utt2.mp4
93,4,Chandler,neutral,"Excellent hole, Joe.",data/raw/MELD-RAW/MELD.Raw/train/train_splits/dia93_utt4.mp4
93,6,Monica,disgust,Ow!! Ow!!!,data/raw/MELD-RAW/MELD.Raw/train/train_splits/dia93_utt6.mp4
95,5,Monica,joy,Umm.  Umm. Umm. I don't think so.,data/raw/MELD-RAW/MELD.Raw/train/train_splits/dia95_utt5.mp4
95,11,Monica,neutral,"Umm, why don't you give",data/raw/MELD-RAW/MELD.Raw/train/train_splits/dia95_utt11.mp4
95,13,Monica,neutral,Harder than it sounds. Isn't it?,data/raw/MELD-RAW/MELD.Raw/train/train_splits/dia95_utt13.mp4
96,0,Monica,neutral,"Hello, this is Monica...",data/raw/MELD-RAW/MELD.Raw/train/train_splits/dia96_utt0.mp4
96,1,Monica,neutral,Yeah???,data/raw/MELD-RAW/MELD.Raw/train/train_splits/dia96_utt1.mp4
96,2,Monica,neutral,Oh...,data/raw/MELD-RAW/MELD.Raw/train/train_splits/dia96_utt2.mp4
96,3,Monica,neutral,"Okay, yes, we'll be right, we'll be right down.",data/raw/MELD-RAW/MELD.Raw/train/train_splits/dia96_utt3.mp4
96,4,Monica,neutral,Thank you.,data/raw/MELD-RAW/MELD.Raw/train/train_splits/dia96_utt4.mp4
97,0,Monica,neutral,Okay. Let's bring it in.,data/raw/MELD-RAW/MELD.Raw/train/train_splits/dia97_utt0.mp4
98,1,Chandler,neutral,"Well, if the magician can open my beer with his but cheeks, then all right.",data/raw/MELD-RAW/MELD.Raw/train/train_splits/dia98_utt1.mp4
99,0,Chandler,joy,Hey!,data/raw/MELD-RAW/MELD.Raw/train/train_splits/dia99_utt0.mp4
99,1,Monica,joy,Hey!,data/raw/MELD-RAW/MELD.Raw/train/train_splits/dia99_utt1.mp4
99,2,Chandler,joy,Y'know I'm-I'm really glad we decided not to sleep together before the wedding.,data/raw/MELD-RAW/MELD.Raw/train/train_splits/dia99_utt2.mp4
99,3,Monica,joy,"Oh boy, me too!",data/raw/MELD-RAW/MELD.Raw/train/train_splits/dia99_utt3.mp4
99,4,Chandler,neutral,Y'know I was thinking if we had aa big fight and uh we broke up for a few hours,data/raw/MELD-RAW/MELD.Raw/train/train_splits/dia99_utt4.mp4
99,5,Monica,fear,Yeah?,data/raw/MELD-RAW/MELD.Raw/train/train_splits/dia99_utt5.mp4
99,6,Chandler,neutral,"Technically we could have sex again. What do you think, bossy and domineering?!",data/raw/MELD-RAW/MELD.Raw/train/train_splits/dia99_utt6.mp4
99,7,Monica,anger,"The wedding is off, sloppy and immature!",data/raw/MELD-RAW/MELD.Raw/train/train_splits/dia99_utt7.mp4
99,8,Chandler,joy,That's me! Come on!,data/raw/MELD-RAW/MELD.Raw/train/train_splits/dia99_utt8.mp4
99,9,Monica,neutral,"Okay.  But wait, we can't. My Cousin Cassie is in the guest room, we're supposed to have lunch.",data/raw/MELD-RAW/MELD.Raw/train/train_splits/dia99_utt9.mp4
99,10,Chandler,neutral,"Well, get rid of her, obsessive and shrill.",data/raw/MELD-RAW/MELD.Raw/train/train_splits/dia99_utt10.mp4
99,11,Monica,anger,Shrill?! The wedding is back on!,data/raw/MELD-RAW/MELD.Raw/train/train_splits/dia99_utt11.mp4
99,13,Chandler,joy,Hi! Nice to meet you!,data/raw/MELD-RAW/MELD.Raw/train/train_splits/dia99_utt13.mp4
99,15,Monica,neutral,"So, are you ready to go?",data/raw/MELD-RAW/MELD.Raw/train/train_splits/dia99_utt15.mp4
99,17,Monica,anger,Chandler!,data/raw/MELD-RAW/MELD.Raw/train/train_splits/dia99_utt17.mp4
99,18,Chandler,neutral,I'll be right with you.,data/raw/MELD-RAW/MELD.Raw/train/train_splits/dia99_utt18.mp4
104,0,Janice,surprise,"So? Congratulations you two, I didn't even know you got married.",data/raw/MELD-RAW/MELD.Raw/train/train_splits/dia104_utt0.mp4
105,1,Janice,surprise,What?!,data/raw/MELD-RAW/MELD.Raw/train/train_splits/dia105_utt1.mp4
106,1,Janice,surprise,Why?!!,data/raw/MELD-RAW/MELD.Raw/train/train_splits/dia106_utt1.mp4
106,3,Janice,neutral,Oh. Well then shut me up.,data/raw/MELD-RAW/MELD.Raw/train/train_splits/dia106_utt3.mp4
106,5,Janice,fear,"Uh-oh, I feel another one coming.",data/raw/MELD-RAW/MELD.Raw/train/train_splits/dia106_utt5.mp4
107,2,Monica,neutral,Do you all promise?,data/raw/MELD-RAW/MELD.Raw/train/train_splits/dia107_utt2.mp4
107,4,Monica,neutral,Chandler? Do you promise to be good?,data/raw/MELD-RAW/MELD.Raw/train/train_splits/dia107_utt4.mp4
107,7,Phoebe,neutral,Dear Ms. Buffay.,data/raw/MELD-RAW/MELD.Raw/train/train_splits/dia107_utt7.mp4
107,8,Phoebe,neutral,Thank you for calling attention to our error.,data/raw/MELD-RAW/MELD.Raw/train/train_splits/dia107_utt8.mp4
107,9,Phoebe,neutral,We have credited your account with five hundred dollars.,data/raw/MELD-RAW/MELD.Raw/train/train_splits/dia107_utt9.mp4
107,10,Phoebe,neutral,"We're sorry for the inconvenience, and hope you'll accept this-  -",data/raw/MELD-RAW/MELD.Raw/train/train_splits/dia107_utt10.mp4
108,0,Chandler,neutral,"Oh my God, honey we are so meant to be together. We both have copies of the",data/raw/MELD-RAW/MELD.Raw/train/train_splits/dia108_utt0.mp4
108,1,Monica,neutral,"Honey, both yours.",data/raw/MELD-RAW/MELD.Raw/train/train_splits/dia108_utt1.mp4
108,3,Monica,neutral,Yeah? The work problem?,data/raw/MELD-RAW/MELD.Raw/train/train_splits/dia108_utt3.mp4
108,5,Chandler,neutral,What problem did you tell him you had?,data/raw/MELD-RAW/MELD.Raw/train/train_splits/dia108_utt5.mp4
109,0,Monica,neutral,"Okay, I've got some Ones, you wanna put them in her panties?",data/raw/MELD-RAW/MELD.Raw/train/train_splits/dia109_utt0.mp4
109,1,Chandler,disgust,"No thanks, Mom!",data/raw/MELD-RAW/MELD.Raw/train/train_splits/dia109_utt1.mp4
109,3,Phoebe,anger,"Ha-ha, it's not my baby, ha-ha-ha!",data/raw/MELD-RAW/MELD.Raw/train/train_splits/dia109_utt3.mp4
109,4,Monica,joy,"Very good,  so good.",data/raw/MELD-RAW/MELD.Raw/train/train_splits/dia109_utt4.mp4
109,5,Phoebe,joy,"I really, really enjoyed it. Very exotic.",data/raw/MELD-RAW/MELD.Raw/train/train_splits/dia109_utt5.mp4
109,9,Phoebe,joy,Come on! Look where you are!!,data/raw/MELD-RAW/MELD.Raw/train/train_splits/dia109_utt9.mp4
109,10,Monica,neutral,"When you get a sec, another round of daiquiris.",data/raw/MELD-RAW/MELD.Raw/train/train_splits/dia109_utt10.mp4
109,11,Phoebe,neutral,"Remember, a virgin for me please.",data/raw/MELD-RAW/MELD.Raw/train/train_splits/dia109_utt11.mp4
109,12,Monica,neutral,Oh! And don't let me leave without getting the name of that carpet guy.,data/raw/MELD-RAW/MELD.Raw/train/train_splits/dia109_utt12.mp4
109,13,Chandler,neutral,"Ahh, come on! Y'know whaty'know what, I think I'm just gonna go home and call Kathy.",data/raw/MELD-RAW/MELD.Raw/train/train_splits/dia109_utt13.mp4
109,14,Phoebe,neutral,"Well, if you think it will help.",data/raw/MELD-RAW/MELD.Raw/train/train_splits/dia109_utt14.mp4
109,15,Chandler,anger,No!,data/raw/MELD-RAW/MELD.Raw/train/train_splits/dia109_utt15.mp4
109,16,Chandler,fear,That was a test!,data/raw/MELD-RAW/MELD.Raw/train/train_splits/dia109_utt16.mp4
109,17,Chandler,fear,In a couple of hours I'm gonna get really drunk and wanna call Kathy and you guys are gonna have to stop me!,data/raw/MELD-RAW/MELD.Raw/train/train_splits/dia109_utt17.mp4
109,18,Chandler,fear,"And then after that, I'm gonna get so drunk, I'm gonna wanna call Janice",data/raw/MELD-RAW/MELD.Raw/train/train_splits/dia109_utt18.mp4
109,19,Phoebe,surprise,You should! How is she?,data/raw/MELD-RAW/MELD.Raw/train/train_splits/dia109_utt19.mp4
109,20,Chandler,anger,Ohhh!!,data/raw/MELD-RAW/MELD.Raw/train/train_splits/dia109_utt20.mp4
109,21,Monica,joy,I think somebody needs another lap dance.,data/raw/MELD-RAW/MELD.Raw/train/train_splits/dia109_utt21.mp4
110,0,Monica,neutral,"All right, I definitely taste nutmeg.",data/raw/MELD-RAW/MELD.Raw/train/train_splits/dia110_utt0.mp4
110,1,Phoebe,surprise,You do?,data/raw/MELD-RAW/MELD.Raw/train/train_splits/dia110_utt1.mp4
110,2,Monica,surprise,"You don't?  Well, that's the difference between a professional and a layman.",data/raw/MELD-RAW/MELD.Raw/train/train_splits/dia110_utt2.mp4
110,3,Phoebe,anger,That and arrogance.,data/raw/MELD-RAW/MELD.Raw/train/train_splits/dia110_utt3.mp4
110,5,Monica,joy,Hey! How was sailing?,data/raw/MELD-RAW/MELD.Raw/train/train_splits/dia110_utt5.mp4
111,1,Chandler,fear,Joe?,data/raw/MELD-RAW/MELD.Raw/train/train_splits/dia111_utt1.mp4
111,3,Chandler,neutral,"Uh, you've had a lot of sex right?",data/raw/MELD-RAW/MELD.Raw/train/train_splits/dia111_utt3.mp4
111,5,Chandler,fear,"Well, it's just the reason that I'm asking is because I kind of eh, uh, I was unable toI mean I really wanted to, but I couldn't.",data/raw/MELD-RAW/MELD.Raw/train/train_splits/dia111_utt5.mp4
111,6,Chandler,fear,"There huhhmm, there-there was an incident.",data/raw/MELD-RAW/MELD.Raw/train/train_splits/dia111_utt6.mp4
111,8,Chandler,surprise,It's happened to you?,data/raw/MELD-RAW/MELD.Raw/train/train_splits/dia111_utt8.mp4
111,10,Chandler,surprise,"Well, what'd you do?",data/raw/MELD-RAW/MELD.Raw/train/train_splits/dia111_utt10.mp4
111,13,Chandler,fear,"Take whatever you want, just please don't hurt me.",data/raw/MELD-RAW/MELD.Raw/train/train_splits/dia111_utt13.mp4
111,15,Chandler,disgust,"Yes, on a scale from 1 to 10, 10 being the dumbest a person can look, you are definitely 19.",data/raw/MELD-RAW/MELD.Raw/train/train_splits/dia111_utt15.mp4
111,17,Chandler,disgust,"Young! You're a man-child okay?! Now go get changed because everybody's ready and please, oh please, keep my underwear!",data/raw/MELD-RAW/MELD.Raw/train/train_splits/dia111_utt17.mp4
112,1,Phoebe,surprise,"Okay, well Ross, what is this really about?",data/raw/MELD-RAW/MELD.Raw/train/train_splits/dia112_utt1.mp4
112,3,Phoebe,anger,"Okay, I will find someplace else to do the rest of my appointments. I just don't know what the big deal is!",data/raw/MELD-RAW/MELD.Raw/train/train_splits/dia112_utt3.mp4
113,1,Monica,anger,Do you always have to bring him here?,data/raw/MELD-RAW/MELD.Raw/train/train_splits/dia113_utt1.mp4
113,7,Chandler,neutral,"Y'know, if you're gonna work late, I could look in on him for you.",data/raw/MELD-RAW/MELD.Raw/train/train_splits/dia113_utt7.mp4
113,10,Chandler,neutral,"Okay, but if he asks, I'm not going to lie.",data/raw/MELD-RAW/MELD.Raw/train/train_splits/dia113_utt10.mp4
114,0,Chandler,neutral,Check this out.,data/raw/MELD-RAW/MELD.Raw/train/train_splits/dia114_utt0.mp4
114,1,Chandler,surprise,It says here that there's a place you can go to rent videos of all the museums!,data/raw/MELD-RAW/MELD.Raw/train/train_splits/dia114_utt1.mp4
114,2,Chandler,neutral,"""It's almost as good as being there.""",data/raw/MELD-RAW/MELD.Raw/train/train_splits/dia114_utt2.mp4
115,1,Monica,neutral,"Yeah, I talked to you on the phone, I'm the lady that got stuck with the racecar bed.",data/raw/MELD-RAW/MELD.Raw/train/train_splits/dia115_utt1.mp4
115,7,Janice,surprise,Oh my God.,data/raw/MELD-RAW/MELD.Raw/train/train_splits/dia115_utt7.mp4
117,0,Monica,joy,"Oh, um, I don't know if that's a good idea.",data/raw/MELD-RAW/MELD.Raw/train/train_splits/dia117_utt0.mp4
117,2,Monica,joy,"No, I just I think that it's too soon.",data/raw/MELD-RAW/MELD.Raw/train/train_splits/dia117_utt2.mp4
118,0,Chandler,neutral,I invented the game of Cups as a way to give Joey money.,data/raw/MELD-RAW/MELD.Raw/train/train_splits/dia118_utt0.mp4
118,2,Chandler,neutral,Exactly.,data/raw/MELD-RAW/MELD.Raw/train/train_splits/dia118_utt2.mp4
118,4,Chandler,anger,It's not a real game! I made it up!,data/raw/MELD-RAW/MELD.Raw/train/train_splits/dia118_utt4.mp4
119,5,Monica,neutral,Why?,data/raw/MELD-RAW/MELD.Raw/train/train_splits/dia119_utt5.mp4
119,7,Monica,surprise,"What are you talking about?  She obviously lives on the second floor, seventh apartment from the left!",data/raw/MELD-RAW/MELD.Raw/train/train_splits/dia119_utt7.mp4
119,9,Monica,neutral,"No, those first two windows,  that's the lobby.",data/raw/MELD-RAW/MELD.Raw/train/train_splits/dia119_utt9.mp4
119,10,Monica,neutral,"And y'know the other one over there, that's the stairway.",data/raw/MELD-RAW/MELD.Raw/train/train_splits/dia119_utt10.mp4
119,11,Monica,neutral,You've been counting wrong.,data/raw/MELD-RAW/MELD.Raw/train/train_splits/dia119_utt11.mp4
120,1,Monica,joy,"Rachel, I have not missed one question the whole game. I own this game! Look at my hand.",data/raw/MELD-RAW/MELD.Raw/train/train_splits/dia120_utt1.mp4
120,3,Monica,neutral,"No! Steady as a rock! Now, are you with me.",data/raw/MELD-RAW/MELD.Raw/train/train_splits/dia120_utt3.mp4
120,9,Chandler,neutral,Okay.,data/raw/MELD-RAW/MELD.Raw/train/train_splits/dia120_utt9.mp4
120,13,Chandler,neutral,Dangerous Liaisons,data/raw/MELD-RAW/MELD.Raw/train/train_splits/dia120_utt13.mp4
121,0,Phoebe,neutral,"Well, look, why don't you just, why don't you do your Phase Two strip club thing with us.",data/raw/MELD-RAW/MELD.Raw/train/train_splits/dia121_utt0.mp4
121,1,Monica,joy,"Yeah, come on, we can be guys!",data/raw/MELD-RAW/MELD.Raw/train/train_splits/dia121_utt1.mp4
121,2,Chandler,joy,No you can't.,data/raw/MELD-RAW/MELD.Raw/train/train_splits/dia121_utt2.mp4
121,4,Chandler,disgust,"You don't want to be guys, you'd be all hairy and wouldn't live as long.",data/raw/MELD-RAW/MELD.Raw/train/train_splits/dia121_utt4.mp4
121,5,Phoebe,anger,"Y'know you, you just stop being such a wuss and get those off and you come with us and watch naked girls dance around!!",data/raw/MELD-RAW/MELD.Raw/train/train_splits/dia121_utt5.mp4
121,6,Chandler,neutral,Okay.,data/raw/MELD-RAW/MELD.Raw/train/train_splits/dia121_utt6.mp4
121,7,Phoebe,sadness,I'm sorry.,data/raw/MELD-RAW/MELD.Raw/train/train_splits/dia121_utt7.mp4
122,0,Monica,surprise,"And y'know what, I just realised, in the last year I've only gone out with two guys, Richard and Julio.",data/raw/MELD-RAW/MELD.Raw/train/train_splits/dia122_utt0.mp4
122,1,Monica,fear,"You gotta help me out here, you gotta set me up, you gotta get me back in the game.",data/raw/MELD-RAW/MELD.Raw/train/train_splits/dia122_utt1.mp4
122,3,Monica,neutral,"Pete, can I get you something else?",data/raw/MELD-RAW/MELD.Raw/train/train_splits/dia122_utt3.mp4
122,5,Monica,neutral,Haven't you and I covered that topic?,data/raw/MELD-RAW/MELD.Raw/train/train_splits/dia122_utt5.mp4
122,7,Monica,joy,"Aww, the only reason you want to go out with me because my blond wig, and the big boobs, and the fact that I serve you food.",data/raw/MELD-RAW/MELD.Raw/train/train_splits/dia122_utt7.mp4
122,14,Monica,neutral,"I mean really, think about it.",data/raw/MELD-RAW/MELD.Raw/train/train_splits/dia122_utt14.mp4
123,0,Chandler,surprise,I believe I read that somewhere!,data/raw/MELD-RAW/MELD.Raw/train/train_splits/dia123_utt0.mp4
123,5,Chandler,neutral,I respectfully disagree.,data/raw/MELD-RAW/MELD.Raw/train/train_splits/dia123_utt5.mp4
123,7,Chandler,neutral,Who cares? Nobody reads those things,data/raw/MELD-RAW/MELD.Raw/train/train_splits/dia123_utt7.mp4
123,9,Chandler,neutral,I don't have a page.,data/raw/MELD-RAW/MELD.Raw/train/train_splits/dia123_utt9.mp4
124,1,Chandler,surprise,"Okay, what is in here? Rocks?",data/raw/MELD-RAW/MELD.Raw/train/train_splits/dia124_utt1.mp4
124,3,Chandler,disgust,"So, rocks.",data/raw/MELD-RAW/MELD.Raw/train/train_splits/dia124_utt3.mp4
126,6,Monica,neutral,"Hey, I have all the space I need. Just do what I did.",data/raw/MELD-RAW/MELD.Raw/train/train_splits/dia126_utt6.mp4
126,8,Monica,neutral,Y'know what? I am,data/raw/MELD-RAW/MELD.Raw/train/train_splits/dia126_utt8.mp4
126,10,Monica,neutral,Okay.,data/raw/MELD-RAW/MELD.Raw/train/train_splits/dia126_utt10.mp4
126,12,Monica,anger,Shut up! This place is a hole!,data/raw/MELD-RAW/MELD.Raw/train/train_splits/dia126_utt12.mp4
127,0,Chandler,neutral,"All right buddy, time to roll over.",data/raw/MELD-RAW/MELD.Raw/train/train_splits/dia127_utt0.mp4
127,1,Chandler,fear,No-no!,data/raw/MELD-RAW/MELD.Raw/train/train_splits/dia127_utt1.mp4
127,2,Chandler,fear,"No, no-n-n-n-no!!",data/raw/MELD-RAW/MELD.Raw/train/train_splits/dia127_utt2.mp4
127,3,Chandler,disgust,You are going to a clinic!,data/raw/MELD-RAW/MELD.Raw/train/train_splits/dia127_utt3.mp4
127,4,Chandler,disgust,"You're going to a clinic, and a pyjama store!",data/raw/MELD-RAW/MELD.Raw/train/train_splits/dia127_utt4.mp4
128,0,Phoebe,neutral,Are you under the sheet?,data/raw/MELD-RAW/MELD.Raw/train/train_splits/dia128_utt0.mp4
128,1,Monica,neutral,Yes.,data/raw/MELD-RAW/MELD.Raw/train/train_splits/dia128_utt1.mp4
128,2,Phoebe,joy,"Great, let's begin.  How's the pressure?",data/raw/MELD-RAW/MELD.Raw/train/train_splits/dia128_utt2.mp4
128,3,Monica,joy,Nice! Wow Phoebe you are good!,data/raw/MELD-RAW/MELD.Raw/train/train_splits/dia128_utt3.mp4
128,4,Phoebe,joy,"Stating the obvious, but thank you. And it's not weird is it.",data/raw/MELD-RAW/MELD.Raw/train/train_splits/dia128_utt4.mp4
128,5,Monica,joy,No. Ooohh,data/raw/MELD-RAW/MELD.Raw/train/train_splits/dia128_utt5.mp4
128,6,Phoebe,neutral,"That's right, you just enjoy.",data/raw/MELD-RAW/MELD.Raw/train/train_splits/dia128_utt6.mp4
128,7,Monica,joy,Oh. Oh yeah! Ohhhhh! Ohh! Oh yeah!,data/raw/MELD-RAW/MELD.Raw/train/train_splits/dia128_utt7.mp4
128,8,Phoebe,neutral,Okay.,data/raw/MELD-RAW/MELD.Raw/train/train_splits/dia128_utt8.mp4
128,9,Monica,joy,Oh God Phoebe!!  Oh that's it! That's it! Right there! Oh!  Ooooh-oooh-ooooh,data/raw/MELD-RAW/MELD.Raw/train/train_splits/dia128_utt9.mp4
131,1,Monica,sadness,"Sorry, Pheebs.",data/raw/MELD-RAW/MELD.Raw/train/train_splits/dia131_utt1.mp4
133,0,Chandler,fear,"Come on, pick up, pick up!",data/raw/MELD-RAW/MELD.Raw/train/train_splits/dia133_utt0.mp4
134,0,Chandler,neutral,Hello?,data/raw/MELD-RAW/MELD.Raw/train/train_splits/dia134_utt0.mp4
135,0,Chandler,neutral,Transit Authority?,data/raw/MELD-RAW/MELD.Raw/train/train_splits/dia135_utt0.mp4
135,1,Chandler,neutral,"Yes, hello.",data/raw/MELD-RAW/MELD.Raw/train/train_splits/dia135_utt1.mp4
135,2,Chandler,neutral,"I'm doing research for a book, and I was wondering what someone might do if they left a baby on a city bus.",data/raw/MELD-RAW/MELD.Raw/train/train_splits/dia135_utt2.mp4
138,4,Monica,surprise,My turn? What-what are you talking about?,data/raw/MELD-RAW/MELD.Raw/train/train_splits/dia138_utt4.mp4
138,6,Monica,surprise,What?!,data/raw/MELD-RAW/MELD.Raw/train/train_splits/dia138_utt6.mp4
138,10,Monica,joy,Well. Sounds like you're writing yourself a little play there Rach. Wow! Let me know how that one turns out.,data/raw/MELD-RAW/MELD.Raw/train/train_splits/dia138_utt10.mp4
138,12,Monica,neutral,"Well, if you had kept listening, you-you would have heard me call him Mr. Bigot.",data/raw/MELD-RAW/MELD.Raw/train/train_splits/dia138_utt12.mp4
138,14,Monica,neutral,Mr. Bigot. He tells the most,data/raw/MELD-RAW/MELD.Raw/train/train_splits/dia138_utt14.mp4
138,16,Monica,surprise,Me and Chandler?!,data/raw/MELD-RAW/MELD.Raw/train/train_splits/dia138_utt16.mp4
139,0,Phoebe,neutral,"I really thought you making a good point. I mean y'know, until you got cut off.",data/raw/MELD-RAW/MELD.Raw/train/train_splits/dia139_utt0.mp4
139,2,Phoebe,anger,I don't know! I didn't come with her!,data/raw/MELD-RAW/MELD.Raw/train/train_splits/dia139_utt2.mp4
139,3,Monica,joy,All right everybody! Everybody guess what? I just convinced Paul to give us a test next week!,data/raw/MELD-RAW/MELD.Raw/train/train_splits/dia139_utt3.mp4
139,5,Monica,joy,Come on! Tests make us all better learners! Oh yeah!  We should have essay questions!!,data/raw/MELD-RAW/MELD.Raw/train/train_splits/dia139_utt5.mp4
140,0,Phoebe,neutral,"Okay I've got one for you, if you had too which one would you rather eat, a seeing eye dog or a talking gorilla?",data/raw/MELD-RAW/MELD.Raw/train/train_splits/dia140_utt0.mp4
140,2,Phoebe,surprise,Somebody went to college. Wow.  What is it? I'm sorry.,data/raw/MELD-RAW/MELD.Raw/train/train_splits/dia140_utt2.mp4
141,1,Chandler,neutral,I think it's best sir.,data/raw/MELD-RAW/MELD.Raw/train/train_splits/dia141_utt1.mp4
141,5,Chandler,neutral,"Y'know what you should do, just toss em in the shedder and claim you never got em.",data/raw/MELD-RAW/MELD.Raw/train/train_splits/dia141_utt5.mp4
141,7,Chandler,neutral,What does a guy have to,data/raw/MELD-RAW/MELD.Raw/train/train_splits/dia141_utt7.mp4
143,0,Phoebe,neutral,Isn't there a national football league.,data/raw/MELD-RAW/MELD.Raw/train/train_splits/dia143_utt0.mp4
143,1,Chandler,neutral,"Yes. Yes, there is, they play on Sundays and Monday nights.",data/raw/MELD-RAW/MELD.Raw/train/train_splits/dia143_utt1.mp4
143,3,Phoebe,joy,"Umm, this stuffing is amazing. Do you think we should bring them some?",data/raw/MELD-RAW/MELD.Raw/train/train_splits/dia143_utt3.mp4
145,0,Chandler,surprise,"Oh, Danielle! I wasn't expecting the machine... Give me a call when you get a chance.  Bye-bye.  Oh God!",data/raw/MELD-RAW/MELD.Raw/train/train_splits/dia145_utt0.mp4
145,1,Monica,neutral,That's,data/raw/MELD-RAW/MELD.Raw/train/train_splits/dia145_utt1.mp4
145,2,Chandler,anger,"Hey, I've been honing!",data/raw/MELD-RAW/MELD.Raw/train/train_splits/dia145_utt2.mp4
145,4,Chandler,fear,"Oh, uh..",data/raw/MELD-RAW/MELD.Raw/train/train_splits/dia145_utt4.mp4
145,5,Chandler,fear,I want her to think I might be in a restaurant.. y'know?,data/raw/MELD-RAW/MELD.Raw/train/train_splits/dia145_utt5.mp4
145,6,Chandler,anger,"I might have some kind of life, like I haven't been sitting around here honing for the past few hours.",data/raw/MELD-RAW/MELD.Raw/train/train_splits/dia145_utt6.mp4
145,7,Monica,surprise,"Look look! He's doing it again, the guy with the telescope!",data/raw/MELD-RAW/MELD.Raw/train/train_splits/dia145_utt7.mp4
145,8,Phoebe,anger,Oh my God!  Go away!  Stop looking in here!,data/raw/MELD-RAW/MELD.Raw/train/train_splits/dia145_utt8.mp4
145,9,Monica,disgust,"Great, now he's waving back.",data/raw/MELD-RAW/MELD.Raw/train/train_splits/dia145_utt9.mp4
145,14,Monica,joy,What kinda stuff?,data/raw/MELD-RAW/MELD.Raw/train/train_splits/dia145_utt14.mp4
145,16,Phoebe,surprise,You cook naked?,data/raw/MELD-RAW/MELD.Raw/train/train_splits/dia145_utt16.mp4
145,18,Chandler,surprise,What are you looking at me for? I didn't know that.,data/raw/MELD-RAW/MELD.Raw/train/train_splits/dia145_utt18.mp4
146,0,Monica,neutral,Y'know they say a watched pot never beeps.,data/raw/MELD-RAW/MELD.Raw/train/train_splits/dia146_utt0.mp4
146,1,Phoebe,sadness,"It's just y'know, been a couple of hours, and she hasn't called. Not that I even care, y'know.",data/raw/MELD-RAW/MELD.Raw/train/train_splits/dia146_utt1.mp4
146,2,Monica,neutral,Phoebe why don't you just call her? You obviously want to.,data/raw/MELD-RAW/MELD.Raw/train/train_splits/dia146_utt2.mp4
146,3,Phoebe,anger,You think you know me so well.,data/raw/MELD-RAW/MELD.Raw/train/train_splits/dia146_utt3.mp4
146,4,Monica,neutral,"Well, don't cha wanna?",data/raw/MELD-RAW/MELD.Raw/train/train_splits/dia146_utt4.mp4
146,5,Phoebe,neutral,Yeah.,data/raw/MELD-RAW/MELD.Raw/train/train_splits/dia146_utt5.mp4
146,6,Monica,neutral,"Okay, well I do know you.",data/raw/MELD-RAW/MELD.Raw/train/train_splits/dia146_utt6.mp4
146,7,Phoebe,neutral,That's what I said.,data/raw/MELD-RAW/MELD.Raw/train/train_splits/dia146_utt7.mp4
146,8,Monica,neutral,Well so?,data/raw/MELD-RAW/MELD.Raw/train/train_splits/dia146_utt8.mp4
146,9,Phoebe,sadness,I can't.,data/raw/MELD-RAW/MELD.Raw/train/train_splits/dia146_utt9.mp4
146,10,Phoebe,sadness,I can't.,data/raw/MELD-RAW/MELD.Raw/train/train_splits/dia146_utt10.mp4
146,11,Phoebe,sadness,"She dumped me, I mean I totally trusted her and then one day it was Okay, bye Pheebs' gone.",data/raw/MELD-RAW/MELD.Raw/train/train_splits/dia146_utt11.mp4
146,12,Phoebe,sadness,"Y'know what the saddest part is, when we were playing together, that was like the most fun I've ever had in like all my lives.",data/raw/MELD-RAW/MELD.Raw/train/train_splits/dia146_utt12.mp4
147,1,Chandler,neutral,"Oh. Well, hold on camper, are you sure you've thought this thing through?",data/raw/MELD-RAW/MELD.Raw/train/train_splits/dia147_utt1.mp4
147,3,Chandler,joy,"It's just you and Rachel, just the two of you? This is a date. You're going on a date.",data/raw/MELD-RAW/MELD.Raw/train/train_splits/dia147_utt3.mp4
147,5,Chandler,joy,Yuh-huh.,data/raw/MELD-RAW/MELD.Raw/train/train_splits/dia147_utt5.mp4
147,7,Chandler,disgust,"Well, you may wanna rethink the dirty underwear.",data/raw/MELD-RAW/MELD.Raw/train/train_splits/dia147_utt7.mp4
147,8,Chandler,surprise,This is basically the first time she's gonna see your underwearyou want it to be dirty?,data/raw/MELD-RAW/MELD.Raw/train/train_splits/dia147_utt8.mp4
147,10,Chandler,neutral,"Oh, and uh, the fabric softener?",data/raw/MELD-RAW/MELD.Raw/train/train_splits/dia147_utt10.mp4
148,0,Chandler,anger,"Ok, so it's just because it was my table, I have to buy a new one?",data/raw/MELD-RAW/MELD.Raw/train/train_splits/dia148_utt0.mp4
148,2,Chandler,anger,"What rule? There's no rule, if anything, you owe me a table!",data/raw/MELD-RAW/MELD.Raw/train/train_splits/dia148_utt2.mp4
148,4,Chandler,anger,"Well, I believe the piece of furniture was fine until your little breakfast adventure with Angela Delvecchio",data/raw/MELD-RAW/MELD.Raw/train/train_splits/dia148_utt4.mp4
148,6,Chandler,disgust,"Well, let's just say the impressions you made in the butter left little to the imagination.",data/raw/MELD-RAW/MELD.Raw/train/train_splits/dia148_utt6.mp4
148,8,Chandler,neutral,"What do you mean, like, buy it together?",data/raw/MELD-RAW/MELD.Raw/train/train_splits/dia148_utt8.mp4
148,10,Chandler,neutral,You think we're ready for something like that?,data/raw/MELD-RAW/MELD.Raw/train/train_splits/dia148_utt10.mp4
148,12,Chandler,neutral,"Well, it's a pretty big commitment, I mean, what if one of us wants to move out?",data/raw/MELD-RAW/MELD.Raw/train/train_splits/dia148_utt12.mp4
148,14,Chandler,neutral,I'm not moving out.,data/raw/MELD-RAW/MELD.Raw/train/train_splits/dia148_utt14.mp4
148,16,Chandler,neutral,"Yeah, yeah, it's just that with my last roommate Kip...",data/raw/MELD-RAW/MELD.Raw/train/train_splits/dia148_utt16.mp4
148,18,Chandler,anger,"It's just that we bought a hibachi together, and then he ran off and got married, and things got pretty ugly.",data/raw/MELD-RAW/MELD.Raw/train/train_splits/dia148_utt18.mp4
148,20,Chandler,sadness,"Aw, don't do that",data/raw/MELD-RAW/MELD.Raw/train/train_splits/dia148_utt20.mp4
149,0,Phoebe,sadness,"Ooh, oh no! I have to go! I have a massage appointment.",data/raw/MELD-RAW/MELD.Raw/train/train_splits/dia149_utt0.mp4
149,2,Phoebe,neutral,"No, I got in trouble for that before. I'll see you later.",data/raw/MELD-RAW/MELD.Raw/train/train_splits/dia149_utt2.mp4
152,0,Monica,surprise,Oh my God!,data/raw/MELD-RAW/MELD.Raw/train/train_splits/dia152_utt0.mp4
152,4,Monica,neutral,"My brother's going through that right now, he's such a mess. How did you get through it?",data/raw/MELD-RAW/MELD.Raw/train/train_splits/dia152_utt4.mp4
152,6,Monica,neutral,-leg?,data/raw/MELD-RAW/MELD.Raw/train/train_splits/dia152_utt6.mp4
152,8,Monica,surprise,You actually broke her watch?,data/raw/MELD-RAW/MELD.Raw/train/train_splits/dia152_utt8.mp4
153,3,Phoebe,neutral,So what are they doing?,data/raw/MELD-RAW/MELD.Raw/train/train_splits/dia153_utt3.mp4
153,5,Phoebe,neutral,"Hey, you're early.",data/raw/MELD-RAW/MELD.Raw/train/train_splits/dia153_utt5.mp4
153,6,Monica,surprise,What are you doing with the lamp?,data/raw/MELD-RAW/MELD.Raw/train/train_splits/dia153_utt6.mp4
153,7,Phoebe,neutral,I'm just taking it to be re-wired.,data/raw/MELD-RAW/MELD.Raw/train/train_splits/dia153_utt7.mp4
153,8,Monica,disgust,"Oh, well don't take it to the same place you took the stereo, cause they've had that thing for over a week.",data/raw/MELD-RAW/MELD.Raw/train/train_splits/dia153_utt8.mp4
153,9,Phoebe,neutral,"No, no, Mr. Heckles no one is making any noise up here.",data/raw/MELD-RAW/MELD.Raw/train/train_splits/dia153_utt9.mp4
153,11,Phoebe,anger,You don't play the oboe!,data/raw/MELD-RAW/MELD.Raw/train/train_splits/dia153_utt11.mp4
156,0,Phoebe,sadness,"Look, I feel really bad about how I freaked you out before, so I called the father and asked him to meet you here so you can tell him.",data/raw/MELD-RAW/MELD.Raw/train/train_splits/dia156_utt0.mp4
156,1,Phoebe,anger,Go!,data/raw/MELD-RAW/MELD.Raw/train/train_splits/dia156_utt1.mp4
156,3,Phoebe,anger,"I may play the fool at times, but I'm a little more than a pretty blond girl with an ass that won't quit.",data/raw/MELD-RAW/MELD.Raw/train/train_splits/dia156_utt3.mp4
156,4,Phoebe,neutral,I believe this belongs to the father of your baby.,data/raw/MELD-RAW/MELD.Raw/train/train_splits/dia156_utt4.mp4
156,6,Phoebe,neutral,Uh-huh. Now you can turn around or you can go in there and rip the Band-Aid off. What to you want to do?,data/raw/MELD-RAW/MELD.Raw/train/train_splits/dia156_utt6.mp4
156,8,Phoebe,surprise,Really? Are you sure?,data/raw/MELD-RAW/MELD.Raw/train/train_splits/dia156_utt8.mp4
156,10,Phoebe,neutral,"Okay, sorry. Yeah.",data/raw/MELD-RAW/MELD.Raw/train/train_splits/dia156_utt10.mp4
157,0,Phoebe,joy,"Hey, thank you so much for these tickets, Chandler.",data/raw/MELD-RAW/MELD.Raw/train/train_splits/dia157_utt0.mp4
157,1,Chandler,joy,"Oh well, this was a really important experience for me, and    I wanted to share it with you.",data/raw/MELD-RAW/MELD.Raw/train/train_splits/dia157_utt1.mp4
157,2,Monica,joy,"Oh, you're so wonderful.",data/raw/MELD-RAW/MELD.Raw/train/train_splits/dia157_utt2.mp4
158,8,Chandler,neutral,"Hello sir, you know Monica.",data/raw/MELD-RAW/MELD.Raw/train/train_splits/dia158_utt8.mp4
161,1,Chandler,joy,"Seriously dude, 3 years ago.",data/raw/MELD-RAW/MELD.Raw/train/train_splits/dia161_utt1.mp4
161,5,Chandler,surprise,You don't trust him?,data/raw/MELD-RAW/MELD.Raw/train/train_splits/dia161_utt5.mp4
163,1,Monica,anger,Well there's some people who do want to marry me.,data/raw/MELD-RAW/MELD.Raw/train/train_splits/dia163_utt1.mp4
163,3,Monica,anger,Yeah! Richard!,data/raw/MELD-RAW/MELD.Raw/train/train_splits/dia163_utt3.mp4
163,5,Monica,neutral,That's right.,data/raw/MELD-RAW/MELD.Raw/train/train_splits/dia163_utt5.mp4
163,7,Monica,surprise,You just told me that he hates marriage!,data/raw/MELD-RAW/MELD.Raw/train/train_splits/dia163_utt7.mp4
163,8,Monica,anger,That-that he's a-a complex fellow who's unlikely to take a wife!,data/raw/MELD-RAW/MELD.Raw/train/train_splits/dia163_utt8.mp4
163,9,Monica,anger,That-that he's against marriage and always will be!,data/raw/MELD-RAW/MELD.Raw/train/train_splits/dia163_utt9.mp4
165,0,Chandler,neutral,"Well, I just thought it'd make me feel good to do something nice for my friend.",data/raw/MELD-RAW/MELD.Raw/train/train_splits/dia165_utt0.mp4
165,2,Chandler,neutral,Oh no-no-no.,data/raw/MELD-RAW/MELD.Raw/train/train_splits/dia165_utt2.mp4
165,4,Chandler,neutral,"Well, y'know I'm 29. I mean who needs a savings account.",data/raw/MELD-RAW/MELD.Raw/train/train_splits/dia165_utt4.mp4
165,6,Chandler,fear,"Oh, I don't know.",data/raw/MELD-RAW/MELD.Raw/train/train_splits/dia165_utt6.mp4
165,9,Chandler,neutral,You mean with Casey.,data/raw/MELD-RAW/MELD.Raw/train/train_splits/dia165_utt9.mp4
165,11,Chandler,neutral,Or Casey.,data/raw/MELD-RAW/MELD.Raw/train/train_splits/dia165_utt11.mp4
165,13,Chandler,neutral,Could be Casey.,data/raw/MELD-RAW/MELD.Raw/train/train_splits/dia165_utt13.mp4
165,15,Chandler,neutral,Consider Casey.,data/raw/MELD-RAW/MELD.Raw/train/train_splits/dia165_utt15.mp4
165,19,Chandler,joy,That all the pieces of my life are falling right into place!,data/raw/MELD-RAW/MELD.Raw/train/train_splits/dia165_utt19.mp4
166,0,Chandler,neutral,"Hey, anybody got a length of rope about six feet long with a little nouse at the end?",data/raw/MELD-RAW/MELD.Raw/train/train_splits/dia166_utt0.mp4
166,1,Monica,neutral,"Honey, what's the matter?",data/raw/MELD-RAW/MELD.Raw/train/train_splits/dia166_utt1.mp4
166,2,Chandler,neutral,I just saw Janice.,data/raw/MELD-RAW/MELD.Raw/train/train_splits/dia166_utt2.mp4
167,2,Phoebe,anger,"Oh-ho yeah! A song with rhyming words. Oo, I never thought of that before.",data/raw/MELD-RAW/MELD.Raw/train/train_splits/dia167_utt2.mp4
167,3,Chandler,neutral,I like her.,data/raw/MELD-RAW/MELD.Raw/train/train_splits/dia167_utt3.mp4
167,4,Phoebe,neutral,Why? Because she can sing and play guitar and do both at the same time?,data/raw/MELD-RAW/MELD.Raw/train/train_splits/dia167_utt4.mp4
167,5,Chandler,neutral,"Well, that's pretty much all I'm looking for from these people.",data/raw/MELD-RAW/MELD.Raw/train/train_splits/dia167_utt5.mp4
167,6,Monica,anger,Look at you. All jealous.,data/raw/MELD-RAW/MELD.Raw/train/train_splits/dia167_utt6.mp4
167,9,Phoebe,anger,"Okay, see, see, everyone else is happy she's done.",data/raw/MELD-RAW/MELD.Raw/train/train_splits/dia167_utt9.mp4
167,12,Phoebe,neutral,"Oh no, one of those look for the hidden meaning' songs.",data/raw/MELD-RAW/MELD.Raw/train/train_splits/dia167_utt12.mp4
170,0,Monica,surprise,Oh my God!!! What are you doing?!!,data/raw/MELD-RAW/MELD.Raw/train/train_splits/dia170_utt0.mp4
170,2,Monica,disgust,So?!,data/raw/MELD-RAW/MELD.Raw/train/train_splits/dia170_utt2.mp4
170,4,Monica,disgust,Yeah huh!! Cover yourself up!,data/raw/MELD-RAW/MELD.Raw/train/train_splits/dia170_utt4.mp4
170,6,Monica,disgust,"I don't believe this! When someone asks you in for lemonade, and to you that means they wanna have sex?",data/raw/MELD-RAW/MELD.Raw/train/train_splits/dia170_utt6.mp4
170,11,Monica,neutral,"It's okay. I suppose it could happen to anyone, not anyone I know, but... By the way I can still see it.",data/raw/MELD-RAW/MELD.Raw/train/train_splits/dia170_utt11.mp4
172,1,Chandler,neutral,I didn't mean,data/raw/MELD-RAW/MELD.Raw/train/train_splits/dia172_utt1.mp4
172,8,Chandler,joy,"Well, you're welcome! Glad I could help.",data/raw/MELD-RAW/MELD.Raw/train/train_splits/dia172_utt8.mp4
172,10,Chandler,neutral,"David, I'm pretending to",data/raw/MELD-RAW/MELD.Raw/train/train_splits/dia172_utt10.mp4
173,0,Phoebe,joy,"Okay, you have 19 questions left. Use them wisely.  Come on Joey! You can't win if you don't ask any",data/raw/MELD-RAW/MELD.Raw/train/train_splits/dia173_utt0.mp4
173,2,Phoebe,joy,"Well, you promised me a fun road trip!",data/raw/MELD-RAW/MELD.Raw/train/train_splits/dia173_utt2.mp4
173,3,Phoebe,anger,We've been on the road six hours and you've been asleep for five and a half!,data/raw/MELD-RAW/MELD.Raw/train/train_splits/dia173_utt3.mp4
173,4,Phoebe,anger,We are switching at the next rest stop and,data/raw/MELD-RAW/MELD.Raw/train/train_splits/dia173_utt4.mp4
173,6,Phoebe,anger,Yeah! And until then you are going to sing to me because the radio's broken and you are selfish but have a nice voice.,data/raw/MELD-RAW/MELD.Raw/train/train_splits/dia173_utt6.mp4
173,8,Phoebe,anger,Sing!!,data/raw/MELD-RAW/MELD.Raw/train/train_splits/dia173_utt8.mp4
174,1,Monica,joy,Thank you!,data/raw/MELD-RAW/MELD.Raw/train/train_splits/dia174_utt1.mp4
174,3,Monica,joy,Thank you!    You haven't said anything...,data/raw/MELD-RAW/MELD.Raw/train/train_splits/dia174_utt3.mp4
174,5,Monica,neutral,Oh..please!I-I welcome criticism.,data/raw/MELD-RAW/MELD.Raw/train/train_splits/dia174_utt5.mp4
174,7,Monica,surprise,What musician?,data/raw/MELD-RAW/MELD.Raw/train/train_splits/dia174_utt7.mp4
175,1,Monica,joy,You owe me 20 bucks.,data/raw/MELD-RAW/MELD.Raw/train/train_splits/dia175_utt1.mp4
175,3,Monica,neutral,"Chandler, here you go, got your traditional Thanksgiving feast, you got your tomato soup, your grilled cheese fixin's, and your family size bag of Funyuns.",data/raw/MELD-RAW/MELD.Raw/train/train_splits/dia175_utt3.mp4
175,6,Chandler,neutral,"All right, I'm nine years old.",data/raw/MELD-RAW/MELD.Raw/train/train_splits/dia175_utt6.mp4
175,8,Chandler,neutral,We just finished this magnificent Thanksgiving dinner.,data/raw/MELD-RAW/MELD.Raw/train/train_splits/dia175_utt8.mp4
175,9,Chandler,sadness,"I have--and I remember this part vividly--a mouthful of pumpkin pie, and this is the moment my parents choose to tell me they're getting divorced.",data/raw/MELD-RAW/MELD.Raw/train/train_splits/dia175_utt9.mp4
175,11,Chandler,sadness,Yes. It's very difficult to appreciate a Thanksgiving dinner once you've seen it in reverse.,data/raw/MELD-RAW/MELD.Raw/train/train_splits/dia175_utt11.mp4
176,4,Chandler,surprise,Who are those people?,data/raw/MELD-RAW/MELD.Raw/train/train_splits/dia176_utt4.mp4
176,6,Monica,neutral,"Oh, that's Nana, right there in the middle.  'Me and the gang at Java Joe's'.",data/raw/MELD-RAW/MELD.Raw/train/train_splits/dia176_utt6.mp4
176,8,Monica,neutral,"Let's see, 1939... yeah, 24, 25?",data/raw/MELD-RAW/MELD.Raw/train/train_splits/dia176_utt8.mp4
177,1,Phoebe,neutral,"Rachel has something that she wants to tell you and umm, I believe that this is your red sweater.",data/raw/MELD-RAW/MELD.Raw/train/train_splits/dia177_utt1.mp4
177,3,Phoebe,fear,Oh no. Could I get anyone a coffee orpoison? No? Just for me? Okay.,data/raw/MELD-RAW/MELD.Raw/train/train_splits/dia177_utt3.mp4
180,0,Monica,joy,Hey!,data/raw/MELD-RAW/MELD.Raw/train/train_splits/dia180_utt0.mp4
180,4,Monica,sadness,I can't believe this is taking so long. How are you doing?,data/raw/MELD-RAW/MELD.Raw/train/train_splits/dia180_utt4.mp4
180,6,Chandler,surprise,Weirdest thing. Did I hearMother of God it's true!,data/raw/MELD-RAW/MELD.Raw/train/train_splits/dia180_utt6.mp4
180,7,Janice,surprise,Chandler Bing!,data/raw/MELD-RAW/MELD.Raw/train/train_splits/dia180_utt7.mp4
180,10,Janice,neutral,"Oh, this should be easy. I have a very wide pelvis. You remember Chandler.",data/raw/MELD-RAW/MELD.Raw/train/train_splits/dia180_utt10.mp4
180,11,Chandler,surprise,Janice I didn't even know you were pregnant! Who's the unwitting human who's essence you've stolen?,data/raw/MELD-RAW/MELD.Raw/train/train_splits/dia180_utt11.mp4
180,12,Janice,neutral,It's you. This is yours.,data/raw/MELD-RAW/MELD.Raw/train/train_splits/dia180_utt12.mp4
180,13,Chandler,surprise,What?!,data/raw/MELD-RAW/MELD.Raw/train/train_splits/dia180_utt13.mp4
180,14,Janice,joy,Look how nervous he gets! We haven't slept together in years!,data/raw/MELD-RAW/MELD.Raw/train/train_splits/dia180_utt14.mp4
180,15,Chandler,fear,That's funny. Does it-does it hurt? Does the labor hurt?,data/raw/MELD-RAW/MELD.Raw/train/train_splits/dia180_utt15.mp4
182,0,Monica,neutral,"Hey, what's up?",data/raw/MELD-RAW/MELD.Raw/train/train_splits/dia182_utt0.mp4
182,2,Monica,sadness,"Oh, honey, I'm sorry.",data/raw/MELD-RAW/MELD.Raw/train/train_splits/dia182_utt2.mp4
182,4,Monica,anger,You had no relationship!!,data/raw/MELD-RAW/MELD.Raw/train/train_splits/dia182_utt4.mp4
182,6,Monica,anger,"Oh God, stop with the plan!",data/raw/MELD-RAW/MELD.Raw/train/train_splits/dia182_utt6.mp4
182,7,Monica,neutral,"So what, so what you saw him with a girl?",data/raw/MELD-RAW/MELD.Raw/train/train_splits/dia182_utt7.mp4
182,8,Monica,anger,Who cares?!,data/raw/MELD-RAW/MELD.Raw/train/train_splits/dia182_utt8.mp4
182,9,Monica,anger,That doesn't mean anything!,data/raw/MELD-RAW/MELD.Raw/train/train_splits/dia182_utt9.mp4
182,10,Monica,neutral,"Now look, you're going to go out on a date with Danny and you're going to be so charming he's gonna forget all about that stupid subway girl.",data/raw/MELD-RAW/MELD.Raw/train/train_splits/dia182_utt10.mp4
183,0,Phoebe,neutral,Hi.,data/raw/MELD-RAW/MELD.Raw/train/train_splits/dia183_utt0.mp4
183,2,Phoebe,joy,Ta-da.,data/raw/MELD-RAW/MELD.Raw/train/train_splits/dia183_utt2.mp4
183,4,Phoebe,neutral,Hi.,data/raw/MELD-RAW/MELD.Raw/train/train_splits/dia183_utt4.mp4
183,6,Phoebe,neutral,"Do I? Thank you, so do you.",data/raw/MELD-RAW/MELD.Raw/train/train_splits/dia183_utt6.mp4
183,8,Phoebe,neutral,Sparkly.,data/raw/MELD-RAW/MELD.Raw/train/train_splits/dia183_utt8.mp4
183,9,Phoebe,joy,"So, wow, this is pretty wonerful, huh.",data/raw/MELD-RAW/MELD.Raw/train/train_splits/dia183_utt9.mp4
183,10,Phoebe,neutral,Mr. major capades guy.,data/raw/MELD-RAW/MELD.Raw/train/train_splits/dia183_utt10.mp4
183,11,Phoebe,neutral,"I, I remember when you were just, like, King Friday in Mr. Roger's Ice is Nice.",data/raw/MELD-RAW/MELD.Raw/train/train_splits/dia183_utt11.mp4
183,13,Phoebe,neutral,"Yeah, well, ya know, I'm kind of spooky that way. Wooo.",data/raw/MELD-RAW/MELD.Raw/train/train_splits/dia183_utt13.mp4
183,15,Phoebe,neutral,OK.,data/raw/MELD-RAW/MELD.Raw/train/train_splits/dia183_utt15.mp4
183,17,Phoebe,neutral,"Oh, right, OK. Ole.",data/raw/MELD-RAW/MELD.Raw/train/train_splits/dia183_utt17.mp4
183,19,Phoebe,joy,"Um, the matador.  Ole, ha ha ha.",data/raw/MELD-RAW/MELD.Raw/train/train_splits/dia183_utt19.mp4
185,1,Chandler,neutral,"Oh, that's Ross's.",data/raw/MELD-RAW/MELD.Raw/train/train_splits/dia185_utt1.mp4
185,3,Phoebe,neutral,Remembered what?,data/raw/MELD-RAW/MELD.Raw/train/train_splits/dia185_utt3.mp4
185,8,Phoebe,surprise,"Oh, it's so pretty. This must have cost him a fortune.",data/raw/MELD-RAW/MELD.Raw/train/train_splits/dia185_utt8.mp4
185,9,Monica,surprise,I can't believe he did this.,data/raw/MELD-RAW/MELD.Raw/train/train_splits/dia185_utt9.mp4
185,10,Chandler,neutral,"Come on, Ross? Remember back in college, when he fell in love with Carol and bought her that ridiculously expensive crystal duck?",data/raw/MELD-RAW/MELD.Raw/train/train_splits/dia185_utt10.mp4
185,12,Chandler,fear,F-hah.... flennin....,data/raw/MELD-RAW/MELD.Raw/train/train_splits/dia185_utt12.mp4
186,1,Phoebe,joy,"I like waking up with you too.  Oh! It's such a beautiful morning.  Oh, I can stay here all day.",data/raw/MELD-RAW/MELD.Raw/train/train_splits/dia186_utt1.mp4
186,3,Phoebe,joy,We could have breakfast in bed,data/raw/MELD-RAW/MELD.Raw/train/train_splits/dia186_utt3.mp4
186,5,Phoebe,surprise,Okay.  Oh! Oh no.,data/raw/MELD-RAW/MELD.Raw/train/train_splits/dia186_utt5.mp4
187,1,Phoebe,surprise,Um-hmm. Oh wait! This is Bonnie.,data/raw/MELD-RAW/MELD.Raw/train/train_splits/dia187_utt1.mp4
187,8,Phoebe,neutral,Well I hope you have fun tonight.,data/raw/MELD-RAW/MELD.Raw/train/train_splits/dia187_utt8.mp4
189,0,Monica,fear,"I'm telling you, something's wrong! My brother does not stay out all night.",data/raw/MELD-RAW/MELD.Raw/train/train_splits/dia189_utt0.mp4
189,4,Phoebe,neutral,Hey!,data/raw/MELD-RAW/MELD.Raw/train/train_splits/dia189_utt4.mp4
189,6,Monica,anger,Oh my God!  Where the hell have you been?!!,data/raw/MELD-RAW/MELD.Raw/train/train_splits/dia189_utt6.mp4
189,9,Phoebe,neutral,What were you doing?,data/raw/MELD-RAW/MELD.Raw/train/train_splits/dia189_utt9.mp4
189,15,Janice,neutral,Ross you left you scarf in Hey you guys.,data/raw/MELD-RAW/MELD.Raw/train/train_splits/dia189_utt15.mp4
190,0,Chandler,neutral,"Oh yeah, that looks good.",data/raw/MELD-RAW/MELD.Raw/train/train_splits/dia190_utt0.mp4
190,1,Phoebe,neutral,You guys make a,data/raw/MELD-RAW/MELD.Raw/train/train_splits/dia190_utt1.mp4
190,3,Chandler,neutral,Okay.,data/raw/MELD-RAW/MELD.Raw/train/train_splits/dia190_utt3.mp4
190,4,Monica,joy,Wow! Imagine what our kids would look like!,data/raw/MELD-RAW/MELD.Raw/train/train_splits/dia190_utt4.mp4
190,6,Chandler,joy,I'm marrying her.,data/raw/MELD-RAW/MELD.Raw/train/train_splits/dia190_utt6.mp4
193,0,Phoebe,neutral,"Smelly cat, smelly cat, what are they feeding you? Smelly cat, smelly cat, it's not your fault.",data/raw/MELD-RAW/MELD.Raw/train/train_splits/dia193_utt0.mp4
193,2,Phoebe,joy,"Oh, yeah!",data/raw/MELD-RAW/MELD.Raw/train/train_splits/dia193_utt2.mp4
193,4,Phoebe,neutral,"I..., a jingle? No, no-no-no, no.",data/raw/MELD-RAW/MELD.Raw/train/train_splits/dia193_utt4.mp4
193,6,Phoebe,neutral,"Okay, well if I was in this for the money, I'd be a millionaire by now, y'know.",data/raw/MELD-RAW/MELD.Raw/train/train_splits/dia193_utt6.mp4
193,7,Phoebe,neutral,You just got to get out of that jingle head sweetie.,data/raw/MELD-RAW/MELD.Raw/train/train_splits/dia193_utt7.mp4
194,1,Phoebe,joy,"That's okay. All right, I'm gonna play song that's really, really sad. It's called Magician Box Mix Up.",data/raw/MELD-RAW/MELD.Raw/train/train_splits/dia194_utt1.mp4
195,7,Monica,surprise,Are you serious?  Oh my God.,data/raw/MELD-RAW/MELD.Raw/train/train_splits/dia195_utt7.mp4
195,9,Monica,neutral,Why? Cause otherwise you'd go for it?,data/raw/MELD-RAW/MELD.Raw/train/train_splits/dia195_utt9.mp4
195,18,Monica,surprise,"Rach, are you really gonna let him do this?",data/raw/MELD-RAW/MELD.Raw/train/train_splits/dia195_utt18.mp4
196,2,Monica,surprise,A-ha!!!,data/raw/MELD-RAW/MELD.Raw/train/train_splits/dia196_utt2.mp4
198,0,Phoebe,neutral,Good!,data/raw/MELD-RAW/MELD.Raw/train/train_splits/dia198_utt0.mp4
198,2,Phoebe,joy,Left!  Thank you.,data/raw/MELD-RAW/MELD.Raw/train/train_splits/dia198_utt2.mp4
198,4,Phoebe,surprise,Ross!,data/raw/MELD-RAW/MELD.Raw/train/train_splits/dia198_utt4.mp4
198,6,Phoebe,joy,Yeah absolutely!,data/raw/MELD-RAW/MELD.Raw/train/train_splits/dia198_utt6.mp4
199,0,Phoebe,sadness,"Rachel, we're sorry for pushing those guys on you.",data/raw/MELD-RAW/MELD.Raw/train/train_splits/dia199_utt0.mp4
199,4,Chandler,neutral,So what was it for anyway?,data/raw/MELD-RAW/MELD.Raw/train/train_splits/dia199_utt4.mp4
199,9,Phoebe,surprise,"Oh my God, look! That's Elizabeth!",data/raw/MELD-RAW/MELD.Raw/train/train_splits/dia199_utt9.mp4
202,0,Chandler,joy,Hey!,data/raw/MELD-RAW/MELD.Raw/train/train_splits/dia202_utt0.mp4
202,1,Phoebe,neutral,How do you feel?,data/raw/MELD-RAW/MELD.Raw/train/train_splits/dia202_utt1.mp4
202,2,Chandler,neutral,"Well, let's just say that Krog will be fully equipped to destroy the universe again in twelve to fourteen hours.",data/raw/MELD-RAW/MELD.Raw/train/train_splits/dia202_utt2.mp4
202,3,Phoebe,neutral,"Okay, so I",data/raw/MELD-RAW/MELD.Raw/train/train_splits/dia202_utt3.mp4
202,4,Chandler,neutral,And protected them from a tornado?,data/raw/MELD-RAW/MELD.Raw/train/train_splits/dia202_utt4.mp4
202,5,Monica,surprise,Oh my God.,data/raw/MELD-RAW/MELD.Raw/train/train_splits/dia202_utt5.mp4
202,6,Phoebe,neutral,"I know, the babies are asleep.",data/raw/MELD-RAW/MELD.Raw/train/train_splits/dia202_utt6.mp4
202,7,Monica,surprise,"Phoebe, what, what happened here?!",data/raw/MELD-RAW/MELD.Raw/train/train_splits/dia202_utt7.mp4
202,8,Phoebe,joy,I did it! I took care of the babies all by myself!,data/raw/MELD-RAW/MELD.Raw/train/train_splits/dia202_utt8.mp4
202,9,Monica,surprise,But my apartment!,data/raw/MELD-RAW/MELD.Raw/train/train_splits/dia202_utt9.mp4
202,12,Chandler,neutral,Is not as important as the fact that Phoebe took care of the babies all by herself.,data/raw/MELD-RAW/MELD.Raw/train/train_splits/dia202_utt12.mp4
202,13,Monica,neutral,"You're right, you're right I shouldn't freak out.",data/raw/MELD-RAW/MELD.Raw/train/train_splits/dia202_utt13.mp4
202,14,Monica,neutral,Cause this is what will happen when you and I have babies!,data/raw/MELD-RAW/MELD.Raw/train/train_splits/dia202_utt14.mp4
202,15,Monica,neutral,When will that be?,data/raw/MELD-RAW/MELD.Raw/train/train_splits/dia202_utt15.mp4
202,16,Chandler,anger,"Phoebe, would you take a look at this mess!!!!",data/raw/MELD-RAW/MELD.Raw/train/train_splits/dia202_utt16.mp4
205,4,Phoebe,joy,"See, there you go, the cleansing works!",data/raw/MELD-RAW/MELD.Raw/train/train_splits/dia205_utt4.mp4
205,5,Monica,neutral,They're nice guys.,data/raw/MELD-RAW/MELD.Raw/train/train_splits/dia205_utt5.mp4
207,0,Monica,joy,"Oh, and I can also speak a little French. Voulez-vous coucher avec moi ce soir?  Why? What did I say?",data/raw/MELD-RAW/MELD.Raw/train/train_splits/dia207_utt0.mp4
207,2,Monica,surprise,Oh my God! No wonder I get such great service at Cafe Maurice.,data/raw/MELD-RAW/MELD.Raw/train/train_splits/dia207_utt2.mp4
207,3,Phoebe,neutral,"Knock, knock, knock, knock, hi.",data/raw/MELD-RAW/MELD.Raw/train/train_splits/dia207_utt3.mp4
207,4,Phoebe,neutral,"Um, could you please tell Sergei that um, I was fascinated by what Boutros Boutros Gali said in the New York Times.",data/raw/MELD-RAW/MELD.Raw/train/train_splits/dia207_utt4.mp4
207,5,Phoebe,neutral,You didn't say Boutros Boutros Gali.,data/raw/MELD-RAW/MELD.Raw/train/train_splits/dia207_utt5.mp4
207,8,Phoebe,neutral,Interesting.,data/raw/MELD-RAW/MELD.Raw/train/train_splits/dia207_utt8.mp4
207,10,Phoebe,joy,"Okay, ah, before you get all talky again, umm, could you also please tell Sergei that I really like his suit.",data/raw/MELD-RAW/MELD.Raw/train/train_splits/dia207_utt10.mp4
207,13,Monica,joy,I'm also thinking about opening up my own restaurant.,data/raw/MELD-RAW/MELD.Raw/train/train_splits/dia207_utt13.mp4
207,15,Phoebe,neutral,"Monica, can I talk to you behind my menu, please.  What are you doing?",data/raw/MELD-RAW/MELD.Raw/train/train_splits/dia207_utt15.mp4
207,16,Monica,neutral,"Well, I was having a conversation.",data/raw/MELD-RAW/MELD.Raw/train/train_splits/dia207_utt16.mp4
207,17,Phoebe,anger,"Yeah but, Mischa is so interested in you, that Sergei and I haven't been able to say two words to each other.",data/raw/MELD-RAW/MELD.Raw/train/train_splits/dia207_utt17.mp4
207,18,Monica,anger,What do you want me to do? Just sit here silently while you three have a conversation?,data/raw/MELD-RAW/MELD.Raw/train/train_splits/dia207_utt18.mp4
207,19,Phoebe,neutral,That would be great. Thank you.,data/raw/MELD-RAW/MELD.Raw/train/train_splits/dia207_utt19.mp4
208,2,Chandler,surprise,When did that happen to you?!,data/raw/MELD-RAW/MELD.Raw/train/train_splits/dia208_utt2.mp4
208,4,Chandler,disgust,"Oh yeah. First off all, chasing the Churo guy isn't jogging.",data/raw/MELD-RAW/MELD.Raw/train/train_splits/dia208_utt4.mp4
208,11,Chandler,joy,"Okay, bye!  Oh my God!!",data/raw/MELD-RAW/MELD.Raw/train/train_splits/dia208_utt11.mp4
208,12,Monica,surprise,That was unbelievable!,data/raw/MELD-RAW/MELD.Raw/train/train_splits/dia208_utt12.mp4
208,15,Chandler,surprise,I don't believe they're brother and sister.,data/raw/MELD-RAW/MELD.Raw/train/train_splits/dia208_utt15.mp4
210,10,Phoebe,neutral,I know.,data/raw/MELD-RAW/MELD.Raw/train/train_splits/dia210_utt10.mp4
211,1,Chandler,neutral,"Oh yeah, I should probably call them.",data/raw/MELD-RAW/MELD.Raw/train/train_splits/dia211_utt1.mp4
211,3,Chandler,neutral,"Oh, I don't think I ever heard that story.",data/raw/MELD-RAW/MELD.Raw/train/train_splits/dia211_utt3.mp4
211,7,Chandler,neutral,What a sweet story.,data/raw/MELD-RAW/MELD.Raw/train/train_splits/dia211_utt7.mp4
211,8,Monica,disgust,"Well, at least you're not hearing it for the first time at your fifth grade Halloween party.",data/raw/MELD-RAW/MELD.Raw/train/train_splits/dia211_utt8.mp4
211,10,Monica,joy,"Anyway, we're really excited about our wedding plans, and well I guess pretty soon we'll be making a big withdrawal from the Monica wedding fund.",data/raw/MELD-RAW/MELD.Raw/train/train_splits/dia211_utt10.mp4
211,11,Monica,surprise,What?,data/raw/MELD-RAW/MELD.Raw/train/train_splits/dia211_utt11.mp4
211,13,Monica,surprise,What happened? You still have the Monica wedding fund don't you?,data/raw/MELD-RAW/MELD.Raw/train/train_splits/dia211_utt13.mp4
212,0,Phoebe,neutral,"After applying the Waxine and linen strips to leg number one,",data/raw/MELD-RAW/MELD.Raw/train/train_splits/dia212_utt0.mp4
212,1,Monica,joy,Did that!,data/raw/MELD-RAW/MELD.Raw/train/train_splits/dia212_utt1.mp4
212,2,Phoebe,neutral,Grasp one of the linen strips by its easy grab tab' and pull it off in one quick pain free motion.,data/raw/MELD-RAW/MELD.Raw/train/train_splits/dia212_utt2.mp4
212,3,Monica,surprise,Okay.  Ow!!!!! Ow-oh-oh!,data/raw/MELD-RAW/MELD.Raw/train/train_splits/dia212_utt3.mp4
212,4,Phoebe,surprise,Was it not pain-free?,data/raw/MELD-RAW/MELD.Raw/train/train_splits/dia212_utt4.mp4
212,5,Monica,disgust,"No. It was painful. Oh my God , they should call it Pain-zine, now with a little wax.",data/raw/MELD-RAW/MELD.Raw/train/train_splits/dia212_utt5.mp4
212,6,Phoebe,neutral,"Huh, well, the girls in the satin nighties on the commercial don't seem to think it's that bad.",data/raw/MELD-RAW/MELD.Raw/train/train_splits/dia212_utt6.mp4
212,7,Monica,anger,That's because their nerves are probably deadened from being so stupid.,data/raw/MELD-RAW/MELD.Raw/train/train_splits/dia212_utt7.mp4
212,8,Monica,neutral,"But hey, y'know if you don't believe me, please, by my guest.",data/raw/MELD-RAW/MELD.Raw/train/train_splits/dia212_utt8.mp4
212,9,Phoebe,surprise,Ow-ow-ow-ow! Oh my God!!!,data/raw/MELD-RAW/MELD.Raw/train/train_splits/dia212_utt9.mp4
213,4,Chandler,sadness,No!,data/raw/MELD-RAW/MELD.Raw/train/train_splits/dia213_utt4.mp4
214,0,Phoebe,surprise,Oh my God! That's David!,data/raw/MELD-RAW/MELD.Raw/train/train_splits/dia214_utt0.mp4
214,1,Monica,neutral,David who?,data/raw/MELD-RAW/MELD.Raw/train/train_splits/dia214_utt1.mp4
214,2,Phoebe,sadness,"David the scientist guy, David that I was in love with, David who went to Russia and broke my heart David!",data/raw/MELD-RAW/MELD.Raw/train/train_splits/dia214_utt2.mp4
214,4,Phoebe,neutral,"Oh, you say someone's name enough, they turn around.",data/raw/MELD-RAW/MELD.Raw/train/train_splits/dia214_utt4.mp4
214,6,Phoebe,surprise,David!  What-what are you doing here? Aren't you supposed to be in Russia?,data/raw/MELD-RAW/MELD.Raw/train/train_splits/dia214_utt6.mp4
214,8,Phoebe,joy,Well Yeah. You look great too. Did you get a haircut?,data/raw/MELD-RAW/MELD.Raw/train/train_splits/dia214_utt8.mp4
214,10,Phoebe,neutral,Yeah.,data/raw/MELD-RAW/MELD.Raw/train/train_splits/dia214_utt10.mp4
218,4,Monica,sadness,I eat by myself in the alley because everybody hates me.,data/raw/MELD-RAW/MELD.Raw/train/train_splits/dia218_utt4.mp4
219,0,Chandler,joy,You did look like an idiot.,data/raw/MELD-RAW/MELD.Raw/train/train_splits/dia219_utt0.mp4
219,6,Monica,sadness,That's it. That's my worse Thanksgiving.,data/raw/MELD-RAW/MELD.Raw/train/train_splits/dia219_utt6.mp4
219,7,Phoebe,neutral,Oh wait! That can't be the one Rachel's talking about. She didn't even know that happened. So which one was it?,data/raw/MELD-RAW/MELD.Raw/train/train_splits/dia219_utt7.mp4
219,8,Monica,sadness,"Umm, I-I really don't want to tell this story.",data/raw/MELD-RAW/MELD.Raw/train/train_splits/dia219_utt8.mp4
219,9,Chandler,neutral,"Oh, come on Monica, reliving past pain and getting depressed is what Thanksgiving is all about.",data/raw/MELD-RAW/MELD.Raw/train/train_splits/dia219_utt9.mp4
219,10,Chandler,sadness,"Y'know, for me anyway.",data/raw/MELD-RAW/MELD.Raw/train/train_splits/dia219_utt10.mp4
219,11,Chandler,sadness,"And of course, the Indians.",data/raw/MELD-RAW/MELD.Raw/train/train_splits/dia219_utt11.mp4
219,12,Monica,anger,"Look umm, of all people, you do not want me to tell this story!",data/raw/MELD-RAW/MELD.Raw/train/train_splits/dia219_utt12.mp4
220,0,Phoebe,neutral,"Hi, guys.",data/raw/MELD-RAW/MELD.Raw/train/train_splits/dia220_utt0.mp4
220,2,Monica,neutral,Hi Phoebe.,data/raw/MELD-RAW/MELD.Raw/train/train_splits/dia220_utt2.mp4
220,3,Phoebe,sadness,"I-I wanted to apologise if Iy'know seemed a tad edgy yesterday at my shower. Y'know it's just the hormones, y'know.",data/raw/MELD-RAW/MELD.Raw/train/train_splits/dia220_utt3.mp4
220,5,Monica,neutral,Hormones.,data/raw/MELD-RAW/MELD.Raw/train/train_splits/dia220_utt5.mp4
222,1,Chandler,neutral,"Honey, you remember my boss Doug right?",data/raw/MELD-RAW/MELD.Raw/train/train_splits/dia222_utt1.mp4
222,2,Monica,neutral,"Yes, hi.",data/raw/MELD-RAW/MELD.Raw/train/train_splits/dia222_utt2.mp4
222,4,Chandler,sadness,"I didn't know you and Carol were getting divorced, I'm sorry.",data/raw/MELD-RAW/MELD.Raw/train/train_splits/dia222_utt4.mp4
222,6,Monica,neutral,No leg-chewing for us sir.,data/raw/MELD-RAW/MELD.Raw/train/train_splits/dia222_utt6.mp4
222,13,Monica,joy,"Okay, I'll see you tomorrow!",data/raw/MELD-RAW/MELD.Raw/train/train_splits/dia222_utt13.mp4
222,14,Monica,neutral,"Just so you know, we're not seeing him tomorrow.",data/raw/MELD-RAW/MELD.Raw/train/train_splits/dia222_utt14.mp4
222,15,Monica,disgust,I-I cannot spend another evening with that man.,data/raw/MELD-RAW/MELD.Raw/train/train_splits/dia222_utt15.mp4
222,16,Monica,disgust,Do you remember how he behaved at our wedding?,data/raw/MELD-RAW/MELD.Raw/train/train_splits/dia222_utt16.mp4
222,17,Chandler,neutral,No.,data/raw/MELD-RAW/MELD.Raw/train/train_splits/dia222_utt17.mp4
222,18,Monica,disgust,That's because he wasn't invited because of the way he behaved at our engagement party.,data/raw/MELD-RAW/MELD.Raw/train/train_splits/dia222_utt18.mp4
222,19,Chandler,disgust,"Oh yeah. Boy, urine cuts",data/raw/MELD-RAW/MELD.Raw/train/train_splits/dia222_utt19.mp4
223,1,Chandler,neutral,"How many times have I told you guys, you",data/raw/MELD-RAW/MELD.Raw/train/train_splits/dia223_utt1.mp4
223,2,Monica,neutral,Hi Chandler.,data/raw/MELD-RAW/MELD.Raw/train/train_splits/dia223_utt2.mp4
223,3,Chandler,neutral,Hey!,data/raw/MELD-RAW/MELD.Raw/train/train_splits/dia223_utt3.mp4
223,4,Monica,neutral,"Uh, listen, I need that broiling pan that Joey borrowed the other day.",data/raw/MELD-RAW/MELD.Raw/train/train_splits/dia223_utt4.mp4
223,5,Chandler,sadness,"Oh that was yours? Uh, yeah, we used it when the duck was throwing up caterpillars.",data/raw/MELD-RAW/MELD.Raw/train/train_splits/dia223_utt5.mp4
223,6,Monica,neutral,William Sonoma,data/raw/MELD-RAW/MELD.Raw/train/train_splits/dia223_utt6.mp4
223,7,Chandler,neutral,Expect it in 4-6 weeks.,data/raw/MELD-RAW/MELD.Raw/train/train_splits/dia223_utt7.mp4
223,8,Chandler,neutral,"Umm, hey, umm, Joey's gonna be at the telethon for the rest of the day, we have the whole place to ourselves.",data/raw/MELD-RAW/MELD.Raw/train/train_splits/dia223_utt8.mp4
223,9,Monica,neutral,"Yeah, so?",data/raw/MELD-RAW/MELD.Raw/train/train_splits/dia223_utt9.mp4
223,10,Chandler,neutral,"Well I just, thought maybe you'd wanna book some time with the best you'd ever had.",data/raw/MELD-RAW/MELD.Raw/train/train_splits/dia223_utt10.mp4
223,11,Monica,neutral,"Y'know what, champ? I think I'll pass.",data/raw/MELD-RAW/MELD.Raw/train/train_splits/dia223_utt11.mp4
223,12,Chandler,surprise,Why?,data/raw/MELD-RAW/MELD.Raw/train/train_splits/dia223_utt12.mp4
223,13,Monica,neutral,Why?,data/raw/MELD-RAW/MELD.Raw/train/train_splits/dia223_utt13.mp4
223,14,Chandler,neutral,What's your point?,data/raw/MELD-RAW/MELD.Raw/train/train_splits/dia223_utt14.mp4
226,5,Monica,neutral,I thought there wasn't a ball?,data/raw/MELD-RAW/MELD.Raw/train/train_splits/dia226_utt5.mp4
226,20,Monica,neutral,I think I need a drink.,data/raw/MELD-RAW/MELD.Raw/train/train_splits/dia226_utt20.mp4
228,0,Phoebe,anger,"No, I can't talk to you! I don't have a fancy ad in the Yellow Pages!",data/raw/MELD-RAW/MELD.Raw/train/train_splits/dia228_utt0.mp4
228,4,Phoebe,joy,Uh-huh!,data/raw/MELD-RAW/MELD.Raw/train/train_splits/dia228_utt4.mp4
228,7,Phoebe,anger,No!,data/raw/MELD-RAW/MELD.Raw/train/train_splits/dia228_utt7.mp4
229,1,Chandler,joy,"Yes. Yes, thanks for letting me use your phone... and for saving my life.",data/raw/MELD-RAW/MELD.Raw/train/train_splits/dia229_utt1.mp4
229,3,Chandler,neutral,"Hi, um, I'm account number 7143457.",data/raw/MELD-RAW/MELD.Raw/train/train_splits/dia229_utt3.mp4
229,4,Chandler,neutral,"And, uh, I don't know if you got any of that, but I would really like a copy of the tape.",data/raw/MELD-RAW/MELD.Raw/train/train_splits/dia229_utt4.mp4
232,0,Monica,surprise,Oh yeah? When?,data/raw/MELD-RAW/MELD.Raw/train/train_splits/dia232_utt0.mp4
232,1,Chandler,neutral,I'll tell you what.,data/raw/MELD-RAW/MELD.Raw/train/train_splits/dia232_utt1.mp4
232,2,Chandler,neutral,"When we're 40, if neither one of us are married, what do you say you and I get together and have one?",data/raw/MELD-RAW/MELD.Raw/train/train_splits/dia232_utt2.mp4
232,3,Monica,surprise,Why won't I be married when I'm 40?,data/raw/MELD-RAW/MELD.Raw/train/train_splits/dia232_utt3.mp4
232,4,Chandler,neutral,"Oh, no, no. I just meant hypothetically.",data/raw/MELD-RAW/MELD.Raw/train/train_splits/dia232_utt4.mp4
232,5,Monica,anger,"Ok, hypothetically, why won't I be married when I'm 40?",data/raw/MELD-RAW/MELD.Raw/train/train_splits/dia232_utt5.mp4
232,6,Chandler,neutral,"No, no, no.",data/raw/MELD-RAW/MELD.Raw/train/train_splits/dia232_utt6.mp4
232,7,Monica,anger,What is it? Is there something fundamentally unmarriable about me?,data/raw/MELD-RAW/MELD.Raw/train/train_splits/dia232_utt7.mp4
232,8,Chandler,neutral,"Uh, uh.",data/raw/MELD-RAW/MELD.Raw/train/train_splits/dia232_utt8.mp4
232,9,Monica,surprise,Well?,data/raw/MELD-RAW/MELD.Raw/train/train_splits/dia232_utt9.mp4
232,10,Chandler,surprise,Dear God! This parachute is a knapsack!,data/raw/MELD-RAW/MELD.Raw/train/train_splits/dia232_utt10.mp4
232,12,Phoebe,surprise,"Hey. Ooh, look at you, dressy-dress.",data/raw/MELD-RAW/MELD.Raw/train/train_splits/dia232_utt12.mp4
232,13,Monica,surprise,Did you go home and change?,data/raw/MELD-RAW/MELD.Raw/train/train_splits/dia232_utt13.mp4
232,15,Monica,neutral,"No, I haven't seen him.",data/raw/MELD-RAW/MELD.Raw/train/train_splits/dia232_utt15.mp4
232,17,Chandler,neutral,"Rachel, what is the deal with you and doctors, anyway? Was, like, your father a doctor?",data/raw/MELD-RAW/MELD.Raw/train/train_splits/dia232_utt17.mp4
232,19,Chandler,neutral,No reason.,data/raw/MELD-RAW/MELD.Raw/train/train_splits/dia232_utt19.mp4
233,1,Monica,surprise,"What happened to Santa, Holiday Armadillo?",data/raw/MELD-RAW/MELD.Raw/train/train_splits/dia233_utt1.mp4
234,2,Chandler,neutral,"Yeah, that's her.",data/raw/MELD-RAW/MELD.Raw/train/train_splits/dia234_utt2.mp4
234,4,Monica,surprise,It's unbelievable! I-I can't believe that sign didn't work!,data/raw/MELD-RAW/MELD.Raw/train/train_splits/dia234_utt4.mp4
234,5,Chandler,neutral,Y'know what would work?,data/raw/MELD-RAW/MELD.Raw/train/train_splits/dia234_utt5.mp4
234,6,Chandler,anger,Stop making candy!,data/raw/MELD-RAW/MELD.Raw/train/train_splits/dia234_utt6.mp4
234,8,Chandler,neutral,You mean they like you.,data/raw/MELD-RAW/MELD.Raw/train/train_splits/dia234_utt8.mp4
234,9,Monica,neutral,Maybe.,data/raw/MELD-RAW/MELD.Raw/train/train_splits/dia234_utt9.mp4
234,10,Chandler,surprise,Is that why you became a chef? So that people would like you?,data/raw/MELD-RAW/MELD.Raw/train/train_splits/dia234_utt10.mp4
234,11,Monica,anger,"Oh, you really want to talk about getting people to like you huh, funny man?",data/raw/MELD-RAW/MELD.Raw/train/train_splits/dia234_utt11.mp4
235,0,Monica,anger,"We were on the platform, ready to dance the world into the new Millennium, and the guy yelled CUT!'",data/raw/MELD-RAW/MELD.Raw/train/train_splits/dia235_utt0.mp4
235,2,Monica,joy,"Yeah. But of course we had to update it a little bit.  Hey, by the way, great thinking about catching me!",data/raw/MELD-RAW/MELD.Raw/train/train_splits/dia235_utt2.mp4
235,4,Monica,surprise,What? We could do it!,data/raw/MELD-RAW/MELD.Raw/train/train_splits/dia235_utt4.mp4
235,6,Monica,neutral,"I can do it, okay? Come on, let's go.",data/raw/MELD-RAW/MELD.Raw/train/train_splits/dia235_utt6.mp4
235,8,Monica,sadness,I can't do it!,data/raw/MELD-RAW/MELD.Raw/train/train_splits/dia235_utt8.mp4
235,9,Chandler,neutral,"Now you do that, you're on TV.",data/raw/MELD-RAW/MELD.Raw/train/train_splits/dia235_utt9.mp4
236,3,Chandler,neutral,"Well, I don't have to buy that, ""I'm with stupid"" T-shirt anymore.",data/raw/MELD-RAW/MELD.Raw/train/train_splits/dia236_utt3.mp4
236,5,Chandler,anger,"All right, look, you're not really gonna buy that are you? Don't you think you've embarrassed me enough for one day?",data/raw/MELD-RAW/MELD.Raw/train/train_splits/dia236_utt5.mp4
236,7,Chandler,neutral,How can I answer that when I'm pretending I don't know you?,data/raw/MELD-RAW/MELD.Raw/train/train_splits/dia236_utt7.mp4
236,9,Chandler,neutral,Oh really? Then how come no one here is wearing them?,data/raw/MELD-RAW/MELD.Raw/train/train_splits/dia236_utt9.mp4
236,11,Chandler,disgust,"All right, look, if you insist on wearing that, in public, y'know, you're gonna spend the rest of the afternoon all by yourself.",data/raw/MELD-RAW/MELD.Raw/train/train_splits/dia236_utt11.mp4
236,15,Chandler,anger,"Okay, wait. All right, that's it, okay, I'm out of here. I am not going to be embarrassed anymore!",data/raw/MELD-RAW/MELD.Raw/train/train_splits/dia236_utt15.mp4
237,0,Monica,surprise,"So! I'm just an empty vase, huh?",data/raw/MELD-RAW/MELD.Raw/train/train_splits/dia237_utt0.mp4
237,2,Monica,anger,"Y'know, so I don't read as many important books as you do, and I don't write trick poems that seem to be about one thing but are actually about something else.",data/raw/MELD-RAW/MELD.Raw/train/train_splits/dia237_utt2.mp4
237,3,Monica,neutral,"And y'know what, I get excited about stupid stuff, like when I my",data/raw/MELD-RAW/MELD.Raw/train/train_splits/dia237_utt3.mp4
237,5,Monica,anger,You don't even know me...,data/raw/MELD-RAW/MELD.Raw/train/train_splits/dia237_utt5.mp4
237,7,Monica,surprise,What?,data/raw/MELD-RAW/MELD.Raw/train/train_splits/dia237_utt7.mp4
237,9,Monica,sadness,"I'm sorry, my friend Phoebe...",data/raw/MELD-RAW/MELD.Raw/train/train_splits/dia237_utt9.mp4
237,11,Monica,neutral,Oh yeah.,data/raw/MELD-RAW/MELD.Raw/train/train_splits/dia237_utt11.mp4
238,1,Phoebe,neutral,"Okay, here's what we're gonna do.",data/raw/MELD-RAW/MELD.Raw/train/train_splits/dia238_utt1.mp4
238,2,Phoebe,neutral,"Okay, I'm gonna break into this mini-van and put it in neutral.",data/raw/MELD-RAW/MELD.Raw/train/train_splits/dia238_utt2.mp4
238,3,Phoebe,neutral,You guys push it forward so Ross can drive out of his spot.,data/raw/MELD-RAW/MELD.Raw/train/train_splits/dia238_utt3.mp4
238,4,Phoebe,neutral,Okay?,data/raw/MELD-RAW/MELD.Raw/train/train_splits/dia238_utt4.mp4
238,5,Phoebe,neutral,"All right, here we go.",data/raw/MELD-RAW/MELD.Raw/train/train_splits/dia238_utt5.mp4
238,6,Phoebe,neutral,Haul ass!!!,data/raw/MELD-RAW/MELD.Raw/train/train_splits/dia238_utt6.mp4
239,6,Chandler,joy,Ba dum bumb cheshhh!,data/raw/MELD-RAW/MELD.Raw/train/train_splits/dia239_utt6.mp4
240,0,Monica,neutral,"David, can you help me?! I'm trying to explain to Chandler how a plane stays in the air.",data/raw/MELD-RAW/MELD.Raw/train/train_splits/dia240_utt0.mp4
240,2,Monica,neutral,See?,data/raw/MELD-RAW/MELD.Raw/train/train_splits/dia240_utt2.mp4
240,3,Chandler,fear,"Yeah, that's the same as ""it has something to do with wind"".",data/raw/MELD-RAW/MELD.Raw/train/train_splits/dia240_utt3.mp4
240,4,Monica,neutral,"Alright, I'm gonna go pick up a few things for the trip.",data/raw/MELD-RAW/MELD.Raw/train/train_splits/dia240_utt4.mp4
240,5,Phoebe,neutral,"Oh, I should go, too.",data/raw/MELD-RAW/MELD.Raw/train/train_splits/dia240_utt5.mp4
240,6,Phoebe,neutral,"Oh, now... tomorrow do you guys wanna share a cab to the airport or should Mike and I just meet you there.",data/raw/MELD-RAW/MELD.Raw/train/train_splits/dia240_utt6.mp4
241,0,Phoebe,anger,"Oh... Mike's sister just invited me to a party tonight, he's gonna be there.",data/raw/MELD-RAW/MELD.Raw/train/train_splits/dia241_utt0.mp4
241,1,Phoebe,sadness,"And she was like ""Oh, don't worry!",data/raw/MELD-RAW/MELD.Raw/train/train_splits/dia241_utt1.mp4
241,2,Phoebe,neutral,I asked him.,data/raw/MELD-RAW/MELD.Raw/train/train_splits/dia241_utt2.mp4
241,3,Phoebe,anger,"He's totally ok with seeing you!"".",data/raw/MELD-RAW/MELD.Raw/train/train_splits/dia241_utt3.mp4
241,4,Phoebe,joy,So now I have to go so he'll think that I'm totally ok with seeing him!,data/raw/MELD-RAW/MELD.Raw/train/train_splits/dia241_utt4.mp4
241,6,Phoebe,neutral,Exactly!,data/raw/MELD-RAW/MELD.Raw/train/train_splits/dia241_utt6.mp4
241,8,Phoebe,anger,"I didn't even think about that!  Aaargh,",data/raw/MELD-RAW/MELD.Raw/train/train_splits/dia241_utt8.mp4
241,10,Phoebe,joy,"Ok, that'll be great!",data/raw/MELD-RAW/MELD.Raw/train/train_splits/dia241_utt10.mp4
242,0,Chandler,joy,"Julie hi! Chandler Bing, I, I guess you remember me.",data/raw/MELD-RAW/MELD.Raw/train/train_splits/dia242_utt0.mp4
242,2,Chandler,neutral,"It's a nickname, I'll explain later.",data/raw/MELD-RAW/MELD.Raw/train/train_splits/dia242_utt2.mp4
242,3,Monica,neutral,It's pretty clear.,data/raw/MELD-RAW/MELD.Raw/train/train_splits/dia242_utt3.mp4
242,4,Chandler,neutral,"Ah, uh, I owe you a long overdue apology. I never should have broken up with you because you were overweight.",data/raw/MELD-RAW/MELD.Raw/train/train_splits/dia242_utt4.mp4
242,6,Chandler,sadness,"You-you-you didn't know that.  Well, I guess my work here is done!",data/raw/MELD-RAW/MELD.Raw/train/train_splits/dia242_utt6.mp4
245,0,Phoebe,joy,"Oh, great!",data/raw/MELD-RAW/MELD.Raw/train/train_splits/dia245_utt0.mp4
245,1,Phoebe,joy,"We couldn't keep our eyes off each other all night and then every once and a while y'know, he'd kinda lean over and stroke my hair and touch my neck.",data/raw/MELD-RAW/MELD.Raw/train/train_splits/dia245_utt1.mp4
245,2,Monica,joy,"Okay, stop it Phoebe, you're getting me all tingly.",data/raw/MELD-RAW/MELD.Raw/train/train_splits/dia245_utt2.mp4
245,3,Phoebe,joy,"All I could think of was y'know, ""Is he gonna kiss me? Is he gonna kiss me?""",data/raw/MELD-RAW/MELD.Raw/train/train_splits/dia245_utt3.mp4
245,4,Monica,neutral,And did he?,data/raw/MELD-RAW/MELD.Raw/train/train_splits/dia245_utt4.mp4
245,5,Phoebe,joy,"I'm a lady Monica, I don't kiss and tell. But this hickey speaks for itself.",data/raw/MELD-RAW/MELD.Raw/train/train_splits/dia245_utt5.mp4
245,6,Monica,neutral,"Okay-okay, I got it. I got it.",data/raw/MELD-RAW/MELD.Raw/train/train_splits/dia245_utt6.mp4
245,7,Phoebe,joy,I just like him so much that I just feel like I've had 10 drinks today and I've only had six.,data/raw/MELD-RAW/MELD.Raw/train/train_splits/dia245_utt7.mp4
245,8,Monica,joy,"Oh, I haven't had that feeling since I first started going out with Chandler.",data/raw/MELD-RAW/MELD.Raw/train/train_splits/dia245_utt8.mp4
245,9,Monica,sadness,"Wow, I'm never gonna have that feeling again, am I?",data/raw/MELD-RAW/MELD.Raw/train/train_splits/dia245_utt9.mp4
245,10,Phoebe,disgust,You sound like a guy.,data/raw/MELD-RAW/MELD.Raw/train/train_splits/dia245_utt10.mp4
245,11,Monica,disgust,"No, a guy would be saying, ""I'm never gonna get to sleep with anyone else.""",data/raw/MELD-RAW/MELD.Raw/train/train_splits/dia245_utt11.mp4
245,12,Monica,surprise,Oh my God!,data/raw/MELD-RAW/MELD.Raw/train/train_splits/dia245_utt12.mp4
245,13,Monica,sadness,I'm never gonna get to sleep with anyone else!,data/raw/MELD-RAW/MELD.Raw/train/train_splits/dia245_utt13.mp4
245,14,Monica,surprise,I've been so busy planning the wedding that I forgot about all the things that I'd be giving up!,data/raw/MELD-RAW/MELD.Raw/train/train_splits/dia245_utt14.mp4
245,15,Monica,sadness,"I mean, II'm never gonna have a first kiss again.",data/raw/MELD-RAW/MELD.Raw/train/train_splits/dia245_utt15.mp4
245,16,Phoebe,neutral,You'll have a last kiss.,data/raw/MELD-RAW/MELD.Raw/train/train_splits/dia245_utt16.mp4
247,1,Phoebe,surprise,Joey! Those are my maternity pants!,data/raw/MELD-RAW/MELD.Raw/train/train_splits/dia247_utt1.mp4
248,0,Phoebe,neutral,No.,data/raw/MELD-RAW/MELD.Raw/train/train_splits/dia248_utt0.mp4
248,1,Phoebe,anger,No!,data/raw/MELD-RAW/MELD.Raw/train/train_splits/dia248_utt1.mp4
248,3,Phoebe,joy,"Oh, would you look at that Monica?",data/raw/MELD-RAW/MELD.Raw/train/train_splits/dia248_utt3.mp4
248,4,Phoebe,joy,"I just knocked off all of your top scores, how sad.",data/raw/MELD-RAW/MELD.Raw/train/train_splits/dia248_utt4.mp4
248,5,Monica,anger,"Okay, I'm next.  Don't! Don't start another game! I said I'm next! Phoebe!",data/raw/MELD-RAW/MELD.Raw/train/train_splits/dia248_utt5.mp4
248,6,Phoebe,joy,"Oh, I'm sorry. I didn't hear you over all the winning.",data/raw/MELD-RAW/MELD.Raw/train/train_splits/dia248_utt6.mp4
248,7,Monica,anger,Chandler! Phoebe's hogging the game!,data/raw/MELD-RAW/MELD.Raw/train/train_splits/dia248_utt7.mp4
249,2,Monica,neutral,"Anyway, it just doesn't seem worth it to make a whole turkey for just three people. Okay? It's a lot of work.",data/raw/MELD-RAW/MELD.Raw/train/train_splits/dia249_utt2.mp4
249,6,Monica,sadness,All right fine! If it means that much to you! But justthere's gonna be a ton left over.,data/raw/MELD-RAW/MELD.Raw/train/train_splits/dia249_utt6.mp4
249,8,Monica,neutral,"All right, you're telling me you can eat an entire turkey in just one sitting?",data/raw/MELD-RAW/MELD.Raw/train/train_splits/dia249_utt8.mp4
250,0,Phoebe,surprise,"Wow! It's huge! It's so much bigger than the cubicle. Oh, this is a cube.",data/raw/MELD-RAW/MELD.Raw/train/train_splits/dia250_utt0.mp4
250,1,Chandler,joy,Look at this!,data/raw/MELD-RAW/MELD.Raw/train/train_splits/dia250_utt1.mp4
250,2,Phoebe,surprise,Oh! You have a window!,data/raw/MELD-RAW/MELD.Raw/train/train_splits/dia250_utt2.mp4
250,3,Chandler,joy,Yes indeedy!  With a beautiful view of...,data/raw/MELD-RAW/MELD.Raw/train/train_splits/dia250_utt3.mp4
250,4,Phoebe,surprise,Oh look! That guy's peeing!,data/raw/MELD-RAW/MELD.Raw/train/train_splits/dia250_utt4.mp4
250,5,Monica,neutral,Hi.,data/raw/MELD-RAW/MELD.Raw/train/train_splits/dia250_utt5.mp4
252,16,Chandler,neutral,...He's in.,data/raw/MELD-RAW/MELD.Raw/train/train_splits/dia252_utt16.mp4
253,0,Chandler,neutral,My specimen is in the    room and I just want to thank whoever knocked on the door while I was in there.,data/raw/MELD-RAW/MELD.Raw/train/train_splits/dia253_utt0.mp4
253,1,Chandler,joy,Really helped speed the process along!,data/raw/MELD-RAW/MELD.Raw/train/train_splits/dia253_utt1.mp4
253,2,Chandler,surprise,Janice!,data/raw/MELD-RAW/MELD.Raw/train/train_splits/dia253_utt2.mp4
253,3,Chandler,surprise,You're not... gone?,data/raw/MELD-RAW/MELD.Raw/train/train_splits/dia253_utt3.mp4
253,4,Janice,neutral,Sid is still in his room.,data/raw/MELD-RAW/MELD.Raw/train/train_splits/dia253_utt4.mp4
253,5,Janice,joy,I don't allow porn at home so    this is like a vacation for him.,data/raw/MELD-RAW/MELD.Raw/train/train_splits/dia253_utt5.mp4
253,6,Janice,surprise,So did you do it?,data/raw/MELD-RAW/MELD.Raw/train/train_splits/dia253_utt6.mp4
253,7,Janice,neutral,Did you make your deposit?,data/raw/MELD-RAW/MELD.Raw/train/train_splits/dia253_utt7.mp4
253,8,Chandler,joy,Yeah! yeah... The hard part is over!,data/raw/MELD-RAW/MELD.Raw/train/train_splits/dia253_utt8.mp4
253,9,Janice,fear,"That's not the hard part honey! The hard part is what comes    next, I mean aren't you worried about the results?",data/raw/MELD-RAW/MELD.Raw/train/train_splits/dia253_utt9.mp4
253,10,Chandler,joy,I haven't... I haven't even thought about the results yet...    I just assumed that everything was gonna be ok.,data/raw/MELD-RAW/MELD.Raw/train/train_splits/dia253_utt10.mp4
253,11,Janice,neutral,"Oh! Well, you know what? It probably is.",data/raw/MELD-RAW/MELD.Raw/train/train_splits/dia253_utt11.mp4
254,0,Monica,fear,"Phoebe, where's your purse?",data/raw/MELD-RAW/MELD.Raw/train/train_splits/dia254_utt0.mp4
254,1,Monica,anger,"No, no! Give it to me!",data/raw/MELD-RAW/MELD.Raw/train/train_splits/dia254_utt1.mp4
254,2,Phoebe,anger,You can't have it.,data/raw/MELD-RAW/MELD.Raw/train/train_splits/dia254_utt2.mp4
254,3,Monica,anger,Give it to me!,data/raw/MELD-RAW/MELD.Raw/train/train_splits/dia254_utt3.mp4
254,4,Phoebe,anger,No,data/raw/MELD-RAW/MELD.Raw/train/train_splits/dia254_utt4.mp4
254,5,Monica,anger,I'll go in there.,data/raw/MELD-RAW/MELD.Raw/train/train_splits/dia254_utt5.mp4
254,6,Phoebe,anger,Oh yeah.,data/raw/MELD-RAW/MELD.Raw/train/train_splits/dia254_utt6.mp4
254,7,Monica,neutral,Phoebe come here,data/raw/MELD-RAW/MELD.Raw/train/train_splits/dia254_utt7.mp4
254,8,Monica,joy,Haha!,data/raw/MELD-RAW/MELD.Raw/train/train_splits/dia254_utt8.mp4
254,9,Phoebe,anger,Damn you Monica Geller hyphen Bing!,data/raw/MELD-RAW/MELD.Raw/train/train_splits/dia254_utt9.mp4
255,0,Monica,disgust,"What we did was wrong. Oh god, I just had sex with somebody that wasn't alive during the Bicentennial.",data/raw/MELD-RAW/MELD.Raw/train/train_splits/dia255_utt0.mp4
255,2,Monica,surprise,"Ethan, focus. How could you not tell me?",data/raw/MELD-RAW/MELD.Raw/train/train_splits/dia255_utt2.mp4
255,4,Monica,disgust,"Well, that's different. My lie didn't make one of us a felon in 48 states. What were you thinking?",data/raw/MELD-RAW/MELD.Raw/train/train_splits/dia255_utt4.mp4
255,6,Monica,fear,Don't say it.,data/raw/MELD-RAW/MELD.Raw/train/train_splits/dia255_utt6.mp4
255,8,Monica,surprise,Really?,data/raw/MELD-RAW/MELD.Raw/train/train_splits/dia255_utt8.mp4
255,10,Monica,anger,"Well,fall out of it.",data/raw/MELD-RAW/MELD.Raw/train/train_splits/dia255_utt10.mp4
255,11,Monica,anger,"You know, you shouldn't even be here, it's a school night.",data/raw/MELD-RAW/MELD.Raw/train/train_splits/dia255_utt11.mp4
255,12,Monica,joy,"Oh god, oh god.",data/raw/MELD-RAW/MELD.Raw/train/train_splits/dia255_utt12.mp4
255,13,Monica,disgust,I'm like those women that you see with shiny guys named Chad.,data/raw/MELD-RAW/MELD.Raw/train/train_splits/dia255_utt13.mp4
255,14,Monica,disgust,I'm Joan Collins.,data/raw/MELD-RAW/MELD.Raw/train/train_splits/dia255_utt14.mp4
256,8,Phoebe,neutral,"Oh I know, I've been there. I remember toward the end",data/raw/MELD-RAW/MELD.Raw/train/train_splits/dia256_utt8.mp4
256,15,Chandler,neutral,Let's.,data/raw/MELD-RAW/MELD.Raw/train/train_splits/dia256_utt15.mp4
258,0,Chandler,joy,Oh-hey-hey-hey! There you are!,data/raw/MELD-RAW/MELD.Raw/train/train_splits/dia258_utt0.mp4
258,1,Monica,neutral,"Umm, listen there's something I think you should know.",data/raw/MELD-RAW/MELD.Raw/train/train_splits/dia258_utt1.mp4
258,2,Chandler,surprise,"Oh, is this about you-you dating the nurse?",data/raw/MELD-RAW/MELD.Raw/train/train_splits/dia258_utt2.mp4
258,3,Chandler,neutral,"Yeah, Joey already told me, and I am so-so fine.",data/raw/MELD-RAW/MELD.Raw/train/train_splits/dia258_utt3.mp4
258,4,Chandler,neutral,"I mean, you and I we're just, y'know, we're nothing, we're goofin' around.",data/raw/MELD-RAW/MELD.Raw/train/train_splits/dia258_utt4.mp4
258,5,Monica,neutral,"Umm, actually I was about to tell you that I was, I was going to get out of it, but hey, if we're just goofing around then uh, maybe I",data/raw/MELD-RAW/MELD.Raw/train/train_splits/dia258_utt5.mp4
258,6,Chandler,joy,Fine! Maybe I will too!,data/raw/MELD-RAW/MELD.Raw/train/train_splits/dia258_utt6.mp4
260,1,Phoebe,anger,She cancelled! My namesake cancelled on me!,data/raw/MELD-RAW/MELD.Raw/train/train_splits/dia260_utt1.mp4
260,3,Phoebe,sadness,"Yeah, she clamed she had to go out of town suddenly.",data/raw/MELD-RAW/MELD.Raw/train/train_splits/dia260_utt3.mp4
260,4,Phoebe,sadness,"She's avoiding me, she doesn't want to tell me where my Father is.",data/raw/MELD-RAW/MELD.Raw/train/train_splits/dia260_utt4.mp4
260,5,Phoebe,sadness,"She knows, and she won't tell me.",data/raw/MELD-RAW/MELD.Raw/train/train_splits/dia260_utt5.mp4
260,7,Phoebe,sadness,"Yeah, well, don't Aww Pheebs, that sucks! me yet.",data/raw/MELD-RAW/MELD.Raw/train/train_splits/dia260_utt7.mp4
260,8,Chandler,neutral,Where ya going?,data/raw/MELD-RAW/MELD.Raw/train/train_splits/dia260_utt8.mp4
260,9,Phoebe,neutral,"Well, she's out of town so, there's gotta be something in her house that tells me where my Father is.",data/raw/MELD-RAW/MELD.Raw/train/train_splits/dia260_utt9.mp4
260,11,Phoebe,anger,"Well, are any of those people here?!",data/raw/MELD-RAW/MELD.Raw/train/train_splits/dia260_utt11.mp4
261,0,Phoebe,surprise,"Oh my God, so do I!",data/raw/MELD-RAW/MELD.Raw/train/train_splits/dia261_utt0.mp4
261,2,Phoebe,neutral,"Wait-wait-wait, wait! Puppies. Cute or ugly?",data/raw/MELD-RAW/MELD.Raw/train/train_splits/dia261_utt2.mp4
261,4,Phoebe,anger,"Uh-huh, well! But umm, still I'm-I'm mad at you.",data/raw/MELD-RAW/MELD.Raw/train/train_splits/dia261_utt4.mp4
261,6,Phoebe,neutral,"Well umm, do you wanna get something to eat? I'm kinda hungry.",data/raw/MELD-RAW/MELD.Raw/train/train_splits/dia261_utt6.mp4
261,8,Phoebe,sadness,"All right, stop it. Now you're just doing it to freak me out.",data/raw/MELD-RAW/MELD.Raw/train/train_splits/dia261_utt8.mp4
262,0,Phoebe,neutral,"Ok, you can do this.",data/raw/MELD-RAW/MELD.Raw/train/train_splits/dia262_utt0.mp4
262,1,Phoebe,neutral,It's just like pulling off a Band-aid.,data/raw/MELD-RAW/MELD.Raw/train/train_splits/dia262_utt1.mp4
262,2,Phoebe,neutral,"Just do it really fast, and then the wound is exposed.",data/raw/MELD-RAW/MELD.Raw/train/train_splits/dia262_utt2.mp4
262,3,Chandler,sadness,"Janice. Hi, Janice. Ok, here we go. I don't think we should go out anymore. Janice.",data/raw/MELD-RAW/MELD.Raw/train/train_splits/dia262_utt3.mp4
262,4,Janice,anger,"All right. Well, there you go.  Stop it, stop it, stop it.",data/raw/MELD-RAW/MELD.Raw/train/train_splits/dia262_utt4.mp4
263,0,Phoebe,surprise,Oh my God! That guy at the counter is totally checking you out!,data/raw/MELD-RAW/MELD.Raw/train/train_splits/dia263_utt0.mp4
263,1,Monica,surprise,"Really?  My God, he's really cute.",data/raw/MELD-RAW/MELD.Raw/train/train_splits/dia263_utt1.mp4
263,2,Phoebe,neutral,Go for it.,data/raw/MELD-RAW/MELD.Raw/train/train_splits/dia263_utt2.mp4
263,3,Monica,surprise,"Phoebe, I'm engaged!",data/raw/MELD-RAW/MELD.Raw/train/train_splits/dia263_utt3.mp4
263,4,Phoebe,neutral,"I'm just saying, get his number just in case.",data/raw/MELD-RAW/MELD.Raw/train/train_splits/dia263_utt4.mp4
263,5,Phoebe,neutral,But no: Chandler is in an accident and can't perform sexually and he would want you to take a lover to satisfy the needs that he can no longer fulfill.,data/raw/MELD-RAW/MELD.Raw/train/train_splits/dia263_utt5.mp4
263,6,Monica,joy,"Op, can I just tell you something? Very flattered but umm, I'm engaged.",data/raw/MELD-RAW/MELD.Raw/train/train_splits/dia263_utt6.mp4
263,7,Monica,disgust,Well you should be embarrassed.,data/raw/MELD-RAW/MELD.Raw/train/train_splits/dia263_utt7.mp4
263,8,Phoebe,joy,"I did, but that was really fun.",data/raw/MELD-RAW/MELD.Raw/train/train_splits/dia263_utt8.mp4
264,0,Chandler,neutral,Hey.,data/raw/MELD-RAW/MELD.Raw/train/train_splits/dia264_utt0.mp4
264,2,Chandler,surprise,What?!,data/raw/MELD-RAW/MELD.Raw/train/train_splits/dia264_utt2.mp4
264,4,Chandler,joy,"Okay, are you aware unagi  is an eel?",data/raw/MELD-RAW/MELD.Raw/train/train_splits/dia264_utt4.mp4
264,6,Chandler,neutral,I can't figure out what to make Monica.,data/raw/MELD-RAW/MELD.Raw/train/train_splits/dia264_utt6.mp4
264,8,Chandler,fear,I'm going crazy! Okay? Do you have any thing around here that looks homemade?,data/raw/MELD-RAW/MELD.Raw/train/train_splits/dia264_utt8.mp4
264,13,Chandler,neutral,"Yeah, I guess I could use that. I could say that your love sends me to the moon.",data/raw/MELD-RAW/MELD.Raw/train/train_splits/dia264_utt13.mp4
264,16,Chandler,neutral,"Wait a minute, I can't give this to her.",data/raw/MELD-RAW/MELD.Raw/train/train_splits/dia264_utt16.mp4
264,18,Chandler,neutral,"Because it says ""Captain Ross"" on the side and ""I hate Monica"" on the bottom.",data/raw/MELD-RAW/MELD.Raw/train/train_splits/dia264_utt18.mp4
265,0,Janice,anger,Oh. Oh I just cannot believe Clark stood me up!,data/raw/MELD-RAW/MELD.Raw/train/train_splits/dia265_utt0.mp4
265,1,Monica,neutral,He might still show up.,data/raw/MELD-RAW/MELD.Raw/train/train_splits/dia265_utt1.mp4
265,2,Janice,anger,"Oh, what are you, stupid? It's been three hours.",data/raw/MELD-RAW/MELD.Raw/train/train_splits/dia265_utt2.mp4
265,3,Monica,neutral,Is that all?,data/raw/MELD-RAW/MELD.Raw/train/train_splits/dia265_utt3.mp4
265,4,Janice,sadness,"I should just go on to happier things, okay? Umm, why don't you tell about your lovely wedding?",data/raw/MELD-RAW/MELD.Raw/train/train_splits/dia265_utt4.mp4
266,0,Chandler,neutral,"Well actually uh, there was something we wanted to tell you about the wedding.",data/raw/MELD-RAW/MELD.Raw/train/train_splits/dia266_utt0.mp4
267,0,Chandler,neutral,"Um, it's going to be a small ceremony.",data/raw/MELD-RAW/MELD.Raw/train/train_splits/dia267_utt0.mp4
268,0,Chandler,surprise,"Uh, tiny!",data/raw/MELD-RAW/MELD.Raw/train/train_splits/dia268_utt0.mp4
268,1,Chandler,neutral,We're not even sure why we're having it.,data/raw/MELD-RAW/MELD.Raw/train/train_splits/dia268_utt1.mp4
269,0,Monica,neutral,It's actually going to be just family.,data/raw/MELD-RAW/MELD.Raw/train/train_splits/dia269_utt0.mp4
269,1,Janice,surprise,"Ohwaityou two think of me as family?! Oh, I have to ask you something now and be honest; do you want me to sing",data/raw/MELD-RAW/MELD.Raw/train/train_splits/dia269_utt1.mp4
272,0,Phoebe,fear,"How could you pick up a hitchhiker?! He could be a rape, a rapist or a killer or something!",data/raw/MELD-RAW/MELD.Raw/train/train_splits/dia272_utt0.mp4
272,2,Phoebe,anger,"Y'know what? I'm not talking to you! You go back to sleep!  And you, are you a rapist?!",data/raw/MELD-RAW/MELD.Raw/train/train_splits/dia272_utt2.mp4
272,4,Phoebe,neutral,Do you like car games?,data/raw/MELD-RAW/MELD.Raw/train/train_splits/dia272_utt4.mp4
272,6,Phoebe,neutral,I,data/raw/MELD-RAW/MELD.Raw/train/train_splits/dia272_utt6.mp4
272,8,Phoebe,anger,No-No! You need your sleep. Night-night! Shh!,data/raw/MELD-RAW/MELD.Raw/train/train_splits/dia272_utt8.mp4
273,0,Chandler,neutral,"Pheebs, can you help me pick out an engagement ring for Monica?",data/raw/MELD-RAW/MELD.Raw/train/train_splits/dia273_utt0.mp4
273,1,Chandler,anger,I can't figure this out!,data/raw/MELD-RAW/MELD.Raw/train/train_splits/dia273_utt1.mp4
273,2,Chandler,sadness,It's so hard!,data/raw/MELD-RAW/MELD.Raw/train/train_splits/dia273_utt2.mp4
273,3,Chandler,sadness,Should I get her a  Tiffany cut or a Princess cut or aah-ah!,data/raw/MELD-RAW/MELD.Raw/train/train_splits/dia273_utt3.mp4
273,4,Chandler,sadness,Paper cut!,data/raw/MELD-RAW/MELD.Raw/train/train_splits/dia273_utt4.mp4
273,5,Phoebe,neutral,"Now, have you told anyone else?",data/raw/MELD-RAW/MELD.Raw/train/train_splits/dia273_utt5.mp4
273,6,Chandler,neutral,"No, I don't want to tell anybody else because I don't want Monica to find out.",data/raw/MELD-RAW/MELD.Raw/train/train_splits/dia273_utt6.mp4
273,7,Phoebe,surprise,You told me.,data/raw/MELD-RAW/MELD.Raw/train/train_splits/dia273_utt7.mp4
273,8,Chandler,anger,"Well, it's because I trust you, you're one of my best friends, and you walked in on me when I was looking at ring brochures.",data/raw/MELD-RAW/MELD.Raw/train/train_splits/dia273_utt8.mp4
273,9,Phoebe,surprise,"Yeah well, once again not knocking pays off. I only wish you hadn't been on the toilet.",data/raw/MELD-RAW/MELD.Raw/train/train_splits/dia273_utt9.mp4
273,10,Chandler,neutral,Me too.,data/raw/MELD-RAW/MELD.Raw/train/train_splits/dia273_utt10.mp4
273,12,Chandler,neutral,Hey.,data/raw/MELD-RAW/MELD.Raw/train/train_splits/dia273_utt12.mp4
273,13,Phoebe,joy,"Hey! So Chandler, wanna go to the coffeehouse?",data/raw/MELD-RAW/MELD.Raw/train/train_splits/dia273_utt13.mp4
273,14,Chandler,neutral,Oh all right.,data/raw/MELD-RAW/MELD.Raw/train/train_splits/dia273_utt14.mp4
273,16,Chandler,neutral,"Oh well, we don't because we gottheother pl-place.",data/raw/MELD-RAW/MELD.Raw/train/train_splits/dia273_utt16.mp4
274,1,Chandler,surprise,What?,data/raw/MELD-RAW/MELD.Raw/train/train_splits/dia274_utt1.mp4
274,3,Chandler,disgust,Ugh.,data/raw/MELD-RAW/MELD.Raw/train/train_splits/dia274_utt3.mp4
274,4,Chandler,neutral,"Just a sec, give me a minute to wake up for thisAh-ha-ha!!",data/raw/MELD-RAW/MELD.Raw/train/train_splits/dia274_utt4.mp4
274,5,Chandler,joy,You lost the ring!,data/raw/MELD-RAW/MELD.Raw/train/train_splits/dia274_utt5.mp4
274,6,Chandler,anger,You're the worst best man ever!,data/raw/MELD-RAW/MELD.Raw/train/train_splits/dia274_utt6.mp4
274,11,Chandler,surprise,You slept with the stripper?,data/raw/MELD-RAW/MELD.Raw/train/train_splits/dia274_utt11.mp4
278,1,Phoebe,joy,So you like the drums!,data/raw/MELD-RAW/MELD.Raw/train/train_splits/dia278_utt1.mp4
278,2,Phoebe,joy,"That's, that's great!",data/raw/MELD-RAW/MELD.Raw/train/train_splits/dia278_utt2.mp4
278,3,Phoebe,neutral,"Y'know, I was worried, that, you know, they would maybe an unbearable living situation.",data/raw/MELD-RAW/MELD.Raw/train/train_splits/dia278_utt3.mp4
278,4,Phoebe,sadness,"All right, okay, well, apparently not!",data/raw/MELD-RAW/MELD.Raw/train/train_splits/dia278_utt4.mp4
278,5,Phoebe,joy,"So, yay!",data/raw/MELD-RAW/MELD.Raw/train/train_splits/dia278_utt5.mp4
278,8,Phoebe,joy,That's fun.,data/raw/MELD-RAW/MELD.Raw/train/train_splits/dia278_utt8.mp4
279,3,Monica,fear,"Joey, please don't do that. I think it's best that we just forget about it.",data/raw/MELD-RAW/MELD.Raw/train/train_splits/dia279_utt3.mp4
279,6,Monica,surprise,My God! Is this a gym card?,data/raw/MELD-RAW/MELD.Raw/train/train_splits/dia279_utt6.mp4
279,7,Chandler,neutral,"Oh yeah, gym member. I try to go four times a week, but I've missed the last 1200 times.",data/raw/MELD-RAW/MELD.Raw/train/train_splits/dia279_utt7.mp4
279,9,Chandler,joy,You don't think I've tried? You think I,data/raw/MELD-RAW/MELD.Raw/train/train_splits/dia279_utt9.mp4
279,11,Chandler,joy,"Oh Maria. You can't say no to her, she's like this lycra spandex covered gymtreat.",data/raw/MELD-RAW/MELD.Raw/train/train_splits/dia279_utt11.mp4
279,13,Chandler,anger,No!,data/raw/MELD-RAW/MELD.Raw/train/train_splits/dia279_utt13.mp4
279,15,Chandler,fear,"Oh no, you'll have to come.",data/raw/MELD-RAW/MELD.Raw/train/train_splits/dia279_utt15.mp4
280,1,Phoebe,anger,Exactly! Because it's in the past!,data/raw/MELD-RAW/MELD.Raw/train/train_splits/dia280_utt1.mp4
281,1,Phoebe,joy,Hey!,data/raw/MELD-RAW/MELD.Raw/train/train_splits/dia281_utt1.mp4
281,3,Phoebe,neutral,Yeah!,data/raw/MELD-RAW/MELD.Raw/train/train_splits/dia281_utt3.mp4
281,5,Phoebe,neutral,I know. They were mine.,data/raw/MELD-RAW/MELD.Raw/train/train_splits/dia281_utt5.mp4
281,7,Phoebe,neutral,"No, it's not! We were just goofing around and I dared him to try them on.",data/raw/MELD-RAW/MELD.Raw/train/train_splits/dia281_utt7.mp4
281,9,Phoebe,neutral,I'm wearing his briefs right now.,data/raw/MELD-RAW/MELD.Raw/train/train_splits/dia281_utt9.mp4
282,0,Phoebe,joy,I think so too. And that little flap? Great for holding my lipstick.,data/raw/MELD-RAW/MELD.Raw/train/train_splits/dia282_utt0.mp4
282,2,Phoebe,joy,And! Y'know what Jake says? That women's underwear is actually more comfortable. And he loves the way the silk feels against his skin.,data/raw/MELD-RAW/MELD.Raw/train/train_splits/dia282_utt2.mp4
283,1,Phoebe,neutral,There is nothing wrong with Jake! Okay? He is all man! I'm thinking even more than you.,data/raw/MELD-RAW/MELD.Raw/train/train_splits/dia283_utt1.mp4
283,3,Phoebe,neutral,I'm just saying that only a man completely secure with his masculinity could walk around in women's underwear!,data/raw/MELD-RAW/MELD.Raw/train/train_splits/dia283_utt3.mp4
283,4,Phoebe,neutral,I don't think you could ever do that.,data/raw/MELD-RAW/MELD.Raw/train/train_splits/dia283_utt4.mp4
283,6,Phoebe,disgust,"Okay, whatever.",data/raw/MELD-RAW/MELD.Raw/train/train_splits/dia283_utt6.mp4
284,0,Phoebe,neutral,Lusts of the flesh.,data/raw/MELD-RAW/MELD.Raw/train/train_splits/dia284_utt0.mp4
284,2,Phoebe,neutral,I don't know.  A cowboy theme?,data/raw/MELD-RAW/MELD.Raw/train/train_splits/dia284_utt2.mp4
286,0,Chandler,neutral,Can you see my nipples through this shirt?,data/raw/MELD-RAW/MELD.Raw/train/train_splits/dia286_utt0.mp4
286,2,Phoebe,neutral,"Where are you going, Mr. Suity-Man?",data/raw/MELD-RAW/MELD.Raw/train/train_splits/dia286_utt2.mp4
286,3,Chandler,neutral,"Well, I have an appointment to see Dr. Robert Pillman, career counselor a-gogo.  I added the ""a-gogo.""",data/raw/MELD-RAW/MELD.Raw/train/train_splits/dia286_utt3.mp4
287,1,Chandler,sadness,"Oh, uh, listen, about tonight...",data/raw/MELD-RAW/MELD.Raw/train/train_splits/dia287_utt1.mp4
287,4,Chandler,anger,"Yes, I know, but her friend sounds like such a...",data/raw/MELD-RAW/MELD.Raw/train/train_splits/dia287_utt4.mp4
287,12,Chandler,joy,"Yes! Way to go, man!  Still got the egg, huh?",data/raw/MELD-RAW/MELD.Raw/train/train_splits/dia287_utt12.mp4
289,1,Phoebe,fear,No-no wait-wait! I can't just let you hang up! Just please talk to me.,data/raw/MELD-RAW/MELD.Raw/train/train_splits/dia289_utt1.mp4
289,3,Phoebe,sadness,"Yeah! Now, why do you want to kill yourself?",data/raw/MELD-RAW/MELD.Raw/train/train_splits/dia289_utt3.mp4
289,5,Phoebe,neutral,Chandler?,data/raw/MELD-RAW/MELD.Raw/train/train_splits/dia289_utt5.mp4
291,0,Phoebe,sadness,"No look, I-I'm sure that people know you exist!",data/raw/MELD-RAW/MELD.Raw/train/train_splits/dia291_utt0.mp4
293,3,Monica,neutral,"Well y'know Joey, you're a pretty charming guy.",data/raw/MELD-RAW/MELD.Raw/train/train_splits/dia293_utt3.mp4
293,5,Monica,neutral,"No sweetie, you've got to win over the guy that controls C.H.E.E.S.E.! You've got to kiss some serious robot ass!",data/raw/MELD-RAW/MELD.Raw/train/train_splits/dia293_utt5.mp4
293,9,Chandler,neutral,"So do you think uh, Joey's more charming than me?",data/raw/MELD-RAW/MELD.Raw/train/train_splits/dia293_utt9.mp4
293,10,Monica,sadness,Yeah! That's why I'm sleeping with him on the side.,data/raw/MELD-RAW/MELD.Raw/train/train_splits/dia293_utt10.mp4
293,11,Chandler,neutral,"Yeah, you wish.",data/raw/MELD-RAW/MELD.Raw/train/train_splits/dia293_utt11.mp4
293,12,Phoebe,joy,"""You wish.""",data/raw/MELD-RAW/MELD.Raw/train/train_splits/dia293_utt12.mp4
295,1,Phoebe,neutral,Well It's a date.,data/raw/MELD-RAW/MELD.Raw/train/train_splits/dia295_utt1.mp4
295,4,Phoebe,sadness,"Come on Joey, don't make me feel badly about this.",data/raw/MELD-RAW/MELD.Raw/train/train_splits/dia295_utt4.mp4
295,10,Phoebe,anger,ThatIt's not the same thing! This is,data/raw/MELD-RAW/MELD.Raw/train/train_splits/dia295_utt10.mp4
295,12,Phoebe,surprise,She was?,data/raw/MELD-RAW/MELD.Raw/train/train_splits/dia295_utt12.mp4
295,14,Phoebe,joy,"Okay, whatever.",data/raw/MELD-RAW/MELD.Raw/train/train_splits/dia295_utt14.mp4
295,15,Phoebe,neutral,Y'know what?,data/raw/MELD-RAW/MELD.Raw/train/train_splits/dia295_utt15.mp4
295,16,Phoebe,anger,"I don't have time to convince you because he's only here for four hours, and I'm gonna go see him!",data/raw/MELD-RAW/MELD.Raw/train/train_splits/dia295_utt16.mp4
295,18,Phoebe,anger,Yeah!,data/raw/MELD-RAW/MELD.Raw/train/train_splits/dia295_utt18.mp4
295,20,Phoebe,anger,Yeah!,data/raw/MELD-RAW/MELD.Raw/train/train_splits/dia295_utt20.mp4
297,0,Monica,neutral,Does she use the cups? Yes! I believe she does. Does she use the plates? Yes! I believe she does.,data/raw/MELD-RAW/MELD.Raw/train/train_splits/dia297_utt0.mp4
297,1,Monica,joy,"Oh. Thank you. Ohhh, thank you very much. Oh, thank you for coming.  Uh, just a second!",data/raw/MELD-RAW/MELD.Raw/train/train_splits/dia297_utt1.mp4
297,2,Phoebe,anger,"No-no, let me in!",data/raw/MELD-RAW/MELD.Raw/train/train_splits/dia297_utt2.mp4
297,3,Monica,neutral,Phoebe?,data/raw/MELD-RAW/MELD.Raw/train/train_splits/dia297_utt3.mp4
297,4,Phoebe,joy,Yeah!,data/raw/MELD-RAW/MELD.Raw/train/train_splits/dia297_utt4.mp4
297,5,Monica,neutral,Can you just hold on for one minute?,data/raw/MELD-RAW/MELD.Raw/train/train_splits/dia297_utt5.mp4
297,6,Phoebe,joy,"No, you have to let me in right now!!",data/raw/MELD-RAW/MELD.Raw/train/train_splits/dia297_utt6.mp4
297,7,Monica,neutral,Are you alone?,data/raw/MELD-RAW/MELD.Raw/train/train_splits/dia297_utt7.mp4
297,8,Phoebe,joy,Yes!,data/raw/MELD-RAW/MELD.Raw/train/train_splits/dia297_utt8.mp4
297,9,Monica,neutral,All right.,data/raw/MELD-RAW/MELD.Raw/train/train_splits/dia297_utt9.mp4
298,0,Monica,anger,Let go!,data/raw/MELD-RAW/MELD.Raw/train/train_splits/dia298_utt0.mp4
298,3,Monica,neutral,I don't know. I guess the other people just don't care enough.,data/raw/MELD-RAW/MELD.Raw/train/train_splits/dia298_utt3.mp4
298,6,Monica,anger,Let go!,data/raw/MELD-RAW/MELD.Raw/train/train_splits/dia298_utt6.mp4
299,1,Chandler,neutral,Umm?,data/raw/MELD-RAW/MELD.Raw/train/train_splits/dia299_utt1.mp4
299,3,Chandler,neutral,I've got five bucks says you can't.,data/raw/MELD-RAW/MELD.Raw/train/train_splits/dia299_utt3.mp4
302,0,Phoebe,neutral,"Listen, Robert's gonna be here any second so, will one of you just tell him?",data/raw/MELD-RAW/MELD.Raw/train/train_splits/dia302_utt0.mp4
302,2,Phoebe,fear,"Please, right now, no, every time I see him it's like Is it on the lose?' Is it watching me?'",data/raw/MELD-RAW/MELD.Raw/train/train_splits/dia302_utt2.mp4
302,3,Chandler,anger,"We can't tell him, you can't go up to a guy you barely know and talk about his.... stuff.",data/raw/MELD-RAW/MELD.Raw/train/train_splits/dia302_utt3.mp4
302,6,Phoebe,neutral,Hey.,data/raw/MELD-RAW/MELD.Raw/train/train_splits/dia302_utt6.mp4
302,8,Phoebe,neutral,"No, I can spot you from here.",data/raw/MELD-RAW/MELD.Raw/train/train_splits/dia302_utt8.mp4
302,10,Phoebe,neutral,"Okay, listen Robert...",data/raw/MELD-RAW/MELD.Raw/train/train_splits/dia302_utt10.mp4
303,0,Phoebe,anger,I don't have time for this.,data/raw/MELD-RAW/MELD.Raw/train/train_splits/dia303_utt0.mp4
303,1,Monica,neutral,"No, that is what the game is.",data/raw/MELD-RAW/MELD.Raw/train/train_splits/dia303_utt1.mp4
304,0,Phoebe,neutral,Which you just gave up really quickly.,data/raw/MELD-RAW/MELD.Raw/train/train_splits/dia304_utt0.mp4
304,1,Chandler,neutral,Have you seen Joey?,data/raw/MELD-RAW/MELD.Raw/train/train_splits/dia304_utt1.mp4
304,2,Monica,neutral,What's the matter?,data/raw/MELD-RAW/MELD.Raw/train/train_splits/dia304_utt2.mp4
304,3,Chandler,neutral,"Oh, just this!  Y'know what it's my fault really, because the couch is usually where we",data/raw/MELD-RAW/MELD.Raw/train/train_splits/dia304_utt3.mp4
304,5,Chandler,surprise,What's going on?,data/raw/MELD-RAW/MELD.Raw/train/train_splits/dia304_utt5.mp4
304,6,Monica,neutral,He's retiling my floor.,data/raw/MELD-RAW/MELD.Raw/train/train_splits/dia304_utt6.mp4
304,7,Chandler,neutral,Yo!! Spackel boy! Get up!,data/raw/MELD-RAW/MELD.Raw/train/train_splits/dia304_utt7.mp4
304,8,Monica,anger,"Ah-ah-ah, now you started this, you will finish it.",data/raw/MELD-RAW/MELD.Raw/train/train_splits/dia304_utt8.mp4
304,9,Chandler,anger,He started mine first!,data/raw/MELD-RAW/MELD.Raw/train/train_splits/dia304_utt9.mp4
304,10,Phoebe,anger,"Build the unit Cinderelly, lay the tile Cinderelly.",data/raw/MELD-RAW/MELD.Raw/train/train_splits/dia304_utt10.mp4
305,0,Chandler,joy,Come on Chloe! Finish up with your customer first. Come on Chloe! Come on Chloe!!,data/raw/MELD-RAW/MELD.Raw/train/train_splits/dia305_utt0.mp4
305,2,Chandler,fear,Uh-oh.,data/raw/MELD-RAW/MELD.Raw/train/train_splits/dia305_utt2.mp4
305,5,Chandler,joy,"Okay, that hurt us.",data/raw/MELD-RAW/MELD.Raw/train/train_splits/dia305_utt5.mp4
305,7,Chandler,neutral,"Well ah, ........y'know.",data/raw/MELD-RAW/MELD.Raw/train/train_splits/dia305_utt7.mp4
305,14,Chandler,joy,"All right, rock on.",data/raw/MELD-RAW/MELD.Raw/train/train_splits/dia305_utt14.mp4
307,1,Monica,joy,Because! You could get to live out my fantasy!,data/raw/MELD-RAW/MELD.Raw/train/train_splits/dia307_utt1.mp4
307,3,Monica,neutral,"No! Y'know,",data/raw/MELD-RAW/MELD.Raw/train/train_splits/dia307_utt3.mp4
307,5,Monica,neutral,"Yeah that, plus his mom used to put sour cream on everything!",data/raw/MELD-RAW/MELD.Raw/train/train_splits/dia307_utt5.mp4
307,6,Monica,neutral,Do you love her?,data/raw/MELD-RAW/MELD.Raw/train/train_splits/dia307_utt6.mp4
307,8,Monica,surprise,You love her!,data/raw/MELD-RAW/MELD.Raw/train/train_splits/dia307_utt8.mp4
307,10,Monica,neutral,"Ohhh, I",data/raw/MELD-RAW/MELD.Raw/train/train_splits/dia307_utt10.mp4
307,12,Monica,neutral,"Then you two can, can sneak into the cockpit, and things will start to heat up, and then a stewardess comes in  I've been watching too much porn.",data/raw/MELD-RAW/MELD.Raw/train/train_splits/dia307_utt12.mp4
308,1,Phoebe,joy,"Okay, I can do that! Oh, by the way, I",data/raw/MELD-RAW/MELD.Raw/train/train_splits/dia308_utt1.mp4
308,3,Phoebe,neutral,"Oh okay. Umm, all right.  Hi, this is Phoebe from Empire Office Supplies, can I speak to your supply manager please?",data/raw/MELD-RAW/MELD.Raw/train/train_splits/dia308_utt3.mp4
308,5,Phoebe,neutral,"Umm, okay I would like to talk to you about your toner needs.",data/raw/MELD-RAW/MELD.Raw/train/train_splits/dia308_utt5.mp4
309,0,Chandler,joy,"Kathy! Kathy! Hi!! Kathy! Kathy! (She doesn't hear him and keeps running, Chandler starts chasing her as the theme to",data/raw/MELD-RAW/MELD.Raw/train/train_splits/dia309_utt0.mp4
309,2,Chandler,joy,"Oh, I just wanted to say, ""Hey!""",data/raw/MELD-RAW/MELD.Raw/train/train_splits/dia309_utt2.mp4
309,4,Chandler,neutral,Okay.,data/raw/MELD-RAW/MELD.Raw/train/train_splits/dia309_utt4.mp4
310,0,Phoebe,neutral,"Oh, hey, Mon, do you still have your like old blouses and dresses from high school?",data/raw/MELD-RAW/MELD.Raw/train/train_splits/dia310_utt0.mp4
310,1,Monica,neutral,"Yeah, I think I have some around here somewhere. Why?",data/raw/MELD-RAW/MELD.Raw/train/train_splits/dia310_utt1.mp4
310,2,Phoebe,joy,"Well, it's just that maternity clothes are so expensive.",data/raw/MELD-RAW/MELD.Raw/train/train_splits/dia310_utt2.mp4
310,3,Monica,sadness,"Hey, Rach! I made a pile of your stuff over on this side of the room. If you could justthrow your purses at it.",data/raw/MELD-RAW/MELD.Raw/train/train_splits/dia310_utt3.mp4
310,5,Monica,surprise,"Oh my God, are you out of a job?",data/raw/MELD-RAW/MELD.Raw/train/train_splits/dia310_utt5.mp4
311,0,Phoebe,neutral,Okay!,data/raw/MELD-RAW/MELD.Raw/train/train_splits/dia311_utt0.mp4
311,1,Monica,joy,"Come on, no peeking!",data/raw/MELD-RAW/MELD.Raw/train/train_splits/dia311_utt1.mp4
311,2,Chandler,joy,Our eyes are closed and we're about to cross the street. Very good.,data/raw/MELD-RAW/MELD.Raw/train/train_splits/dia311_utt2.mp4
311,3,Phoebe,joy,"Okayyyyy, open up!",data/raw/MELD-RAW/MELD.Raw/train/train_splits/dia311_utt3.mp4
311,5,Phoebe,joy,"Yeah, it's for our catering business!",data/raw/MELD-RAW/MELD.Raw/train/train_splits/dia311_utt5.mp4
311,7,Monica,joy,"All right, umm, we're not gonna really keep it this way though.",data/raw/MELD-RAW/MELD.Raw/train/train_splits/dia311_utt7.mp4
311,9,Phoebe,neutral,"No, we're gonna paint over the sword, and replace it with a baguette.",data/raw/MELD-RAW/MELD.Raw/train/train_splits/dia311_utt9.mp4
311,11,Phoebe,neutral,"And also, we don't know what to do with this.",data/raw/MELD-RAW/MELD.Raw/train/train_splits/dia311_utt11.mp4
312,17,Chandler,anger,"Noo!! I don't care! I'm not, I'm not gonna playing one-on-one strip poker with you for practice!",data/raw/MELD-RAW/MELD.Raw/train/train_splits/dia312_utt17.mp4
313,1,Chandler,neutral,The key's stuck in the lock.,data/raw/MELD-RAW/MELD.Raw/train/train_splits/dia313_utt1.mp4
313,3,Chandler,joy,It still doesn't work.,data/raw/MELD-RAW/MELD.Raw/train/train_splits/dia313_utt3.mp4
314,1,Phoebe,joy,"I know, they're gonna be",data/raw/MELD-RAW/MELD.Raw/train/train_splits/dia314_utt1.mp4
314,3,Phoebe,neutral,Not,data/raw/MELD-RAW/MELD.Raw/train/train_splits/dia314_utt3.mp4
314,5,Phoebe,joy,Me too! So happy for them!,data/raw/MELD-RAW/MELD.Raw/train/train_splits/dia314_utt5.mp4
314,7,Phoebe,neutral,"Oh no! No God, definitely not jealous!",data/raw/MELD-RAW/MELD.Raw/train/train_splits/dia314_utt7.mp4
314,9,Phoebe,joy,Totally. I'm like 90/10.,data/raw/MELD-RAW/MELD.Raw/train/train_splits/dia314_utt9.mp4
315,0,Monica,neutral,Remember that guy from cooking school I told you about that put cilantro with everything?,data/raw/MELD-RAW/MELD.Raw/train/train_splits/dia315_utt0.mp4
315,1,Phoebe,neutral,"Oh sure, Cilantro Larry.",data/raw/MELD-RAW/MELD.Raw/train/train_splits/dia315_utt1.mp4
315,2,Monica,joy,"Well, I'm gonna fill in for him as food critic for the Chelsea Reporter.",data/raw/MELD-RAW/MELD.Raw/train/train_splits/dia315_utt2.mp4
315,3,Monica,joy,"Wow, Monica! What an amazing opportunity to influence dozens of people.",data/raw/MELD-RAW/MELD.Raw/train/train_splits/dia315_utt3.mp4
315,4,Phoebe,anger,"How could you say yes, what about our catering business?",data/raw/MELD-RAW/MELD.Raw/train/train_splits/dia315_utt4.mp4
315,5,Monica,neutral,"Oh no-no-no, it's only one night a week, and plus I get to take all of you out for a",data/raw/MELD-RAW/MELD.Raw/train/train_splits/dia315_utt5.mp4
315,7,Phoebe,joy,"Oh, in that caseYay!  That was me hopping on board.",data/raw/MELD-RAW/MELD.Raw/train/train_splits/dia315_utt7.mp4
315,8,Monica,joy,Oh.,data/raw/MELD-RAW/MELD.Raw/train/train_splits/dia315_utt8.mp4
315,9,Chandler,joy,"Hey, you guys! Hey, Ross, quick question for ya. Are you ready to party?",data/raw/MELD-RAW/MELD.Raw/train/train_splits/dia315_utt9.mp4
316,1,Chandler,neutral,"Hey, it's me.",data/raw/MELD-RAW/MELD.Raw/train/train_splits/dia316_utt1.mp4
316,2,Chandler,sadness,"I know you can't stand to be in the same room as me, so I just thought I'd try and apologize over the phone.",data/raw/MELD-RAW/MELD.Raw/train/train_splits/dia316_utt2.mp4
316,4,Chandler,fear,"Look I never should have kissed your girlfriend, but I'm",data/raw/MELD-RAW/MELD.Raw/train/train_splits/dia316_utt4.mp4
317,0,Phoebe,neutral,Joseph Francis Tribbiani are you home yet?!!,data/raw/MELD-RAW/MELD.Raw/train/train_splits/dia317_utt0.mp4
317,2,Phoebe,neutral,"Well, I'll tell you Rachel Karen Green, I had plans with Joey tonight and he left me this note.",data/raw/MELD-RAW/MELD.Raw/train/train_splits/dia317_utt2.mp4
317,4,Phoebe,neutral,Oh that's a nickname we were trying out.,data/raw/MELD-RAW/MELD.Raw/train/train_splits/dia317_utt4.mp4
317,7,Phoebe,joy,Oh! Here's Joseph Francis!,data/raw/MELD-RAW/MELD.Raw/train/train_splits/dia317_utt7.mp4
317,9,Phoebe,anger,So what?! That doesn't give you the right to ditch me!,data/raw/MELD-RAW/MELD.Raw/train/train_splits/dia317_utt9.mp4
317,12,Phoebe,anger,I don't accept this rule.,data/raw/MELD-RAW/MELD.Raw/train/train_splits/dia317_utt12.mp4
317,13,Phoebe,anger,"When we make plans, I expect you to show up.",data/raw/MELD-RAW/MELD.Raw/train/train_splits/dia317_utt13.mp4
317,14,Phoebe,anger,"Okay, I can't just be a way to kill time til you meet someone better!",data/raw/MELD-RAW/MELD.Raw/train/train_splits/dia317_utt14.mp4
317,15,Phoebe,anger,"Y'know boyfriends and girlfriends come and go, but this  is for life!",data/raw/MELD-RAW/MELD.Raw/train/train_splits/dia317_utt15.mp4
318,1,Monica,neutral,No.,data/raw/MELD-RAW/MELD.Raw/train/train_splits/dia318_utt1.mp4
318,2,Chandler,neutral,How long have we been home?,data/raw/MELD-RAW/MELD.Raw/train/train_splits/dia318_utt2.mp4
318,3,Monica,neutral,About a half an hour.,data/raw/MELD-RAW/MELD.Raw/train/train_splits/dia318_utt3.mp4
318,4,Chandler,neutral,Love,data/raw/MELD-RAW/MELD.Raw/train/train_splits/dia318_utt4.mp4
319,1,Monica,joy,"Ooh, nice.",data/raw/MELD-RAW/MELD.Raw/train/train_splits/dia319_utt1.mp4
319,3,Monica,neutral,"Oh, right! I completely forgot about that.",data/raw/MELD-RAW/MELD.Raw/train/train_splits/dia319_utt3.mp4
319,5,Monica,neutral,Yeah?,data/raw/MELD-RAW/MELD.Raw/train/train_splits/dia319_utt5.mp4
319,7,Monica,surprise,Wow.,data/raw/MELD-RAW/MELD.Raw/train/train_splits/dia319_utt7.mp4
319,9,Monica,neutral,What's that?,data/raw/MELD-RAW/MELD.Raw/train/train_splits/dia319_utt9.mp4
319,11,Monica,neutral,Okay.,data/raw/MELD-RAW/MELD.Raw/train/train_splits/dia319_utt11.mp4
319,13,Monica,surprise,You wanna what?!,data/raw/MELD-RAW/MELD.Raw/train/train_splits/dia319_utt13.mp4
319,15,Monica,surprise,What are you talking about?,data/raw/MELD-RAW/MELD.Raw/train/train_splits/dia319_utt15.mp4
319,17,Monica,joy,And I suppose you used a ring designer for that.,data/raw/MELD-RAW/MELD.Raw/train/train_splits/dia319_utt17.mp4
319,22,Monica,disgust,My parents will be so happy.,data/raw/MELD-RAW/MELD.Raw/train/train_splits/dia319_utt22.mp4
320,0,Chandler,neutral,Okay to come in?,data/raw/MELD-RAW/MELD.Raw/train/train_splits/dia320_utt0.mp4
320,1,Monica,neutral,"Yeah, come on, eat, whatever you want. Dr. Roger got beeped again.",data/raw/MELD-RAW/MELD.Raw/train/train_splits/dia320_utt1.mp4
320,2,Chandler,neutral,"Yeah I know, guess who beeped him?",data/raw/MELD-RAW/MELD.Raw/train/train_splits/dia320_utt2.mp4
320,3,Monica,surprise,What?!,data/raw/MELD-RAW/MELD.Raw/train/train_splits/dia320_utt3.mp4
320,4,Chandler,sadness,I'm the ruptured spleen.,data/raw/MELD-RAW/MELD.Raw/train/train_splits/dia320_utt4.mp4
320,5,Monica,joy,Why would you do that?,data/raw/MELD-RAW/MELD.Raw/train/train_splits/dia320_utt5.mp4
320,6,Chandler,sadness,Because you shouldn't be with him.  You should be with me.,data/raw/MELD-RAW/MELD.Raw/train/train_splits/dia320_utt6.mp4
320,7,Monica,surprise,Really?,data/raw/MELD-RAW/MELD.Raw/train/train_splits/dia320_utt7.mp4
320,8,Chandler,sadness,"When you were talking about Roger, that was killing me!",data/raw/MELD-RAW/MELD.Raw/train/train_splits/dia320_utt8.mp4
320,9,Chandler,neutral,"Look, things like last night they don't just happen.",data/raw/MELD-RAW/MELD.Raw/train/train_splits/dia320_utt9.mp4
320,10,Chandler,neutral,Or at least not to me.,data/raw/MELD-RAW/MELD.Raw/train/train_splits/dia320_utt10.mp4
320,11,Chandler,neutral,"Or with the other two women, in the morning y'know I was just lying there and I couldn't wait to just go hang out with my friends, but with you I always y'know with a friend.",data/raw/MELD-RAW/MELD.Raw/train/train_splits/dia320_utt11.mp4
320,12,Monica,surprise,Chandler!,data/raw/MELD-RAW/MELD.Raw/train/train_splits/dia320_utt12.mp4
320,13,Chandler,sadness,"I know you probably don't want to go out with me, y'know because I make too many jokes and I've never been in a serious relationship and I guess I'm not technically a ""doctor""",data/raw/MELD-RAW/MELD.Raw/train/train_splits/dia320_utt13.mp4
320,14,Monica,neutral,"There was just one woman, wasn't there?",data/raw/MELD-RAW/MELD.Raw/train/train_splits/dia320_utt14.mp4
320,15,Chandler,neutral,"No, there were two.",data/raw/MELD-RAW/MELD.Raw/train/train_splits/dia320_utt15.mp4
320,16,Monica,surprise,Including me?,data/raw/MELD-RAW/MELD.Raw/train/train_splits/dia320_utt16.mp4
320,17,Chandler,joy,Oh yeah.,data/raw/MELD-RAW/MELD.Raw/train/train_splits/dia320_utt17.mp4
321,0,Phoebe,joy,Hey!,data/raw/MELD-RAW/MELD.Raw/train/train_splits/dia321_utt0.mp4
321,2,Phoebe,joy,Hey!  Can we pick up where we left off?,data/raw/MELD-RAW/MELD.Raw/train/train_splits/dia321_utt2.mp4
321,4,Phoebe,surprise,Why?,data/raw/MELD-RAW/MELD.Raw/train/train_splits/dia321_utt4.mp4
321,6,Phoebe,surprise,What sex?,data/raw/MELD-RAW/MELD.Raw/train/train_splits/dia321_utt6.mp4
321,8,Phoebe,surprise,We didn't have sex.,data/raw/MELD-RAW/MELD.Raw/train/train_splits/dia321_utt8.mp4
321,10,Phoebe,disgust,Ew! Ew! Ew! Ew! Ew! Ew!,data/raw/MELD-RAW/MELD.Raw/train/train_splits/dia321_utt10.mp4
322,0,Monica,disgust,Oh my God Stu! I-I can't believe you did this! Now are you absolutely sure she's a hooker?,data/raw/MELD-RAW/MELD.Raw/train/train_splits/dia322_utt0.mp4
323,0,Monica,sadness,Would you look at them. Am I ever gonna find a boyfriend again? I gonna die an old maid.,data/raw/MELD-RAW/MELD.Raw/train/train_splits/dia323_utt0.mp4
324,1,Phoebe,surprise,Ehh?,data/raw/MELD-RAW/MELD.Raw/train/train_splits/dia324_utt1.mp4
324,3,Chandler,neutral,Hi there.,data/raw/MELD-RAW/MELD.Raw/train/train_splits/dia324_utt3.mp4
326,0,Phoebe,sadness,"Well yeah, I lied before.",data/raw/MELD-RAW/MELD.Raw/train/train_splits/dia326_utt0.mp4
326,2,Monica,surprise,Oh God,data/raw/MELD-RAW/MELD.Raw/train/train_splits/dia326_utt2.mp4
326,3,Phoebe,neutral,Now you know how you really feel about it.,data/raw/MELD-RAW/MELD.Raw/train/train_splits/dia326_utt3.mp4
326,5,Monica,fear,Are you really gonna do this?,data/raw/MELD-RAW/MELD.Raw/train/train_splits/dia326_utt5.mp4
326,7,Phoebe,neutral,With who?,data/raw/MELD-RAW/MELD.Raw/train/train_splits/dia326_utt7.mp4
327,0,Phoebe,anger,You said I was boring--Ohh!,data/raw/MELD-RAW/MELD.Raw/train/train_splits/dia327_utt0.mp4
327,2,Phoebe,surprise,"Oh my God, I remember now! We were playing chess!",data/raw/MELD-RAW/MELD.Raw/train/train_splits/dia327_utt2.mp4
327,4,Phoebe,joy,"Oh, come on!",data/raw/MELD-RAW/MELD.Raw/train/train_splits/dia327_utt4.mp4
327,5,Phoebe,neutral,"Yes, remember that time on the frozen lake?",data/raw/MELD-RAW/MELD.Raw/train/train_splits/dia327_utt5.mp4
327,6,Phoebe,anger,"We were playing chess, you said I was boring, and then you took off your energy mask and you were Cameron Diaz!",data/raw/MELD-RAW/MELD.Raw/train/train_splits/dia327_utt6.mp4
327,7,Phoebe,neutral,"Okay, there's a",data/raw/MELD-RAW/MELD.Raw/train/train_splits/dia327_utt7.mp4
328,8,Chandler,sadness,"I-I can't believe Jill's gone.  I can't help it, I opened a gate.",data/raw/MELD-RAW/MELD.Raw/train/train_splits/dia328_utt8.mp4
329,0,Monica,joy,"How about, you're moving!!",data/raw/MELD-RAW/MELD.Raw/train/train_splits/dia329_utt0.mp4
329,2,Phoebe,neutral,"Hey, how are you guys doing?",data/raw/MELD-RAW/MELD.Raw/train/train_splits/dia329_utt2.mp4
329,4,Monica,anger,I am not!,data/raw/MELD-RAW/MELD.Raw/train/train_splits/dia329_utt4.mp4
329,6,Phoebe,neutral,"Okay, you guys. You guys I think I know what's going on here. Okay, you guys",data/raw/MELD-RAW/MELD.Raw/train/train_splits/dia329_utt6.mp4
329,7,Monica,anger,No Phoebe I am mad!,data/raw/MELD-RAW/MELD.Raw/train/train_splits/dia329_utt7.mp4
329,8,Phoebe,neutral,"Well, deep-deep-deep down!",data/raw/MELD-RAW/MELD.Raw/train/train_splits/dia329_utt8.mp4
329,10,Phoebe,neutral,Then keep running.,data/raw/MELD-RAW/MELD.Raw/train/train_splits/dia329_utt10.mp4
331,0,Phoebe,anger,Oh! Here we,data/raw/MELD-RAW/MELD.Raw/train/train_splits/dia331_utt0.mp4
331,1,Chandler,neutral,"All right, y'know what, we've been talking about London too much haven't we?",data/raw/MELD-RAW/MELD.Raw/train/train_splits/dia331_utt1.mp4
331,2,Phoebe,neutral,I'm sorry.,data/raw/MELD-RAW/MELD.Raw/train/train_splits/dia331_utt2.mp4
331,3,Phoebe,neutral,It's just 'cause I couldn't be there.,data/raw/MELD-RAW/MELD.Raw/train/train_splits/dia331_utt3.mp4
331,4,Phoebe,sadness,"Cause all I ever get to do now is pregnant stuff, it just bums me out.",data/raw/MELD-RAW/MELD.Raw/train/train_splits/dia331_utt4.mp4
331,6,Monica,neutral,What happened?,data/raw/MELD-RAW/MELD.Raw/train/train_splits/dia331_utt6.mp4
331,8,Monica,joy,"See, didn't I tell you?! You're getting over Ross already!",data/raw/MELD-RAW/MELD.Raw/train/train_splits/dia331_utt8.mp4
334,1,Chandler,neutral,Okay.,data/raw/MELD-RAW/MELD.Raw/train/train_splits/dia334_utt1.mp4
334,3,Chandler,neutral,Oh yeah man.  Joey.,data/raw/MELD-RAW/MELD.Raw/train/train_splits/dia334_utt3.mp4
334,9,Chandler,neutral,Yeah. Yes! Yeah.,data/raw/MELD-RAW/MELD.Raw/train/train_splits/dia334_utt9.mp4
334,11,Chandler,neutral,Oh.,data/raw/MELD-RAW/MELD.Raw/train/train_splits/dia334_utt11.mp4
336,1,Chandler,joy,I spelled out boobies.,data/raw/MELD-RAW/MELD.Raw/train/train_splits/dia336_utt1.mp4
336,2,Monica,neutral,"Ross, but me down for another box of the mint treasures, okay. Where, where are the mint treasures?",data/raw/MELD-RAW/MELD.Raw/train/train_splits/dia336_utt2.mp4
336,4,Monica,surprise,What?,data/raw/MELD-RAW/MELD.Raw/train/train_splits/dia336_utt4.mp4
336,6,Monica,sadness,No.,data/raw/MELD-RAW/MELD.Raw/train/train_splits/dia336_utt6.mp4
336,7,Monica,anger,"No, just, just, just a couple more boxes.",data/raw/MELD-RAW/MELD.Raw/train/train_splits/dia336_utt7.mp4
336,8,Monica,fear,"It-it-it's no big deal, all right, I'm-I'm cool.",data/raw/MELD-RAW/MELD.Raw/train/train_splits/dia336_utt8.mp4
336,9,Monica,sadness,You gotta help me out with a couple more boxes!,data/raw/MELD-RAW/MELD.Raw/train/train_splits/dia336_utt9.mp4
336,11,Monica,sadness,Oh God!,data/raw/MELD-RAW/MELD.Raw/train/train_splits/dia336_utt11.mp4
336,12,Chandler,neutral,"So, how many have you sold so far?",data/raw/MELD-RAW/MELD.Raw/train/train_splits/dia336_utt12.mp4
336,14,Chandler,surprise,"Oh my God, how did you do that?",data/raw/MELD-RAW/MELD.Raw/train/train_splits/dia336_utt14.mp4
336,21,Chandler,joy,Me! On my computer.,data/raw/MELD-RAW/MELD.Raw/train/train_splits/dia336_utt21.mp4
337,1,Chandler,surprise,Hey.  Soaps? Shampoos? Are you really taking all this stuff?,data/raw/MELD-RAW/MELD.Raw/train/train_splits/dia337_utt1.mp4
337,3,Chandler,surprise,Yeah but you don't needWhat is this?,data/raw/MELD-RAW/MELD.Raw/train/train_splits/dia337_utt3.mp4
337,5,Chandler,joy,Score! Where are the disposable cameras?,data/raw/MELD-RAW/MELD.Raw/train/train_splits/dia337_utt5.mp4
337,7,Chandler,surprise,The cameras? Remember last night I told you to take them?,data/raw/MELD-RAW/MELD.Raw/train/train_splits/dia337_utt7.mp4
337,9,Chandler,surprise,"Yes! Remember? Right before we cut the cake, I went up to you and I said",data/raw/MELD-RAW/MELD.Raw/train/train_splits/dia337_utt9.mp4
337,14,Chandler,surprise,So you don't have the cameras?!,data/raw/MELD-RAW/MELD.Raw/train/train_splits/dia337_utt14.mp4
337,16,Chandler,surprise,So? What? What? They're gone! Monica's gonna freak!,data/raw/MELD-RAW/MELD.Raw/train/train_splits/dia337_utt16.mp4
337,18,Chandler,anger,Great.,data/raw/MELD-RAW/MELD.Raw/train/train_splits/dia337_utt18.mp4
339,1,Monica,neutral,Thanks.,data/raw/MELD-RAW/MELD.Raw/train/train_splits/dia339_utt1.mp4
339,3,Monica,anger,Enough!,data/raw/MELD-RAW/MELD.Raw/train/train_splits/dia339_utt3.mp4
340,0,Chandler,neutral,Let me see that.,data/raw/MELD-RAW/MELD.Raw/train/train_splits/dia340_utt0.mp4
342,0,Chandler,neutral,Triskaidekaphobia.,data/raw/MELD-RAW/MELD.Raw/train/train_splits/dia342_utt0.mp4
342,6,Chandler,anger,This game makes no sense!,data/raw/MELD-RAW/MELD.Raw/train/train_splits/dia342_utt6.mp4
342,8,Chandler,neutral,"Oh come on Ross, I think we're all losers here.",data/raw/MELD-RAW/MELD.Raw/train/train_splits/dia342_utt8.mp4
342,10,Chandler,anger,Let me think. Let me thinkOh! I don't care.,data/raw/MELD-RAW/MELD.Raw/train/train_splits/dia342_utt10.mp4
342,12,Chandler,neutral,"Either, it makes no difference.",data/raw/MELD-RAW/MELD.Raw/train/train_splits/dia342_utt12.mp4
342,14,Chandler,neutral,I'll take a card.,data/raw/MELD-RAW/MELD.Raw/train/train_splits/dia342_utt14.mp4
342,17,Chandler,joy,This game is kinda fun.,data/raw/MELD-RAW/MELD.Raw/train/train_splits/dia342_utt17.mp4
342,19,Chandler,neutral,I don't think the contestants are supposed to speak to each other.,data/raw/MELD-RAW/MELD.Raw/train/train_splits/dia342_utt19.mp4
343,0,Monica,surprise,"Hello?  Oh, hi Ross!  See? Other people call me!",data/raw/MELD-RAW/MELD.Raw/train/train_splits/dia343_utt0.mp4
344,6,Monica,joy,"Get in there man! Flirt back, mix it up!",data/raw/MELD-RAW/MELD.Raw/train/train_splits/dia344_utt6.mp4
344,14,Monica,surprise,"Wow! She is pretty, huh?",data/raw/MELD-RAW/MELD.Raw/train/train_splits/dia344_utt14.mp4
345,1,Phoebe,neutral,Hey!,data/raw/MELD-RAW/MELD.Raw/train/train_splits/dia345_utt1.mp4
345,3,Phoebe,neutral,"See? And you don't care if people are staring, it's just for a second cause then you're gone!",data/raw/MELD-RAW/MELD.Raw/train/train_splits/dia345_utt3.mp4
346,0,Chandler,joy,"Oh come on guys, it's not like I moved to Europe! I just moved across the hall! And",data/raw/MELD-RAW/MELD.Raw/train/train_splits/dia346_utt0.mp4
346,1,Monica,surprise,Ahh! Aren't you dressed yet?,data/raw/MELD-RAW/MELD.Raw/train/train_splits/dia346_utt1.mp4
346,2,Chandler,surprise,Am I naked again?!,data/raw/MELD-RAW/MELD.Raw/train/train_splits/dia346_utt2.mp4
346,3,Monica,neutral,We're supposed to meet my parents in 15 minutes.,data/raw/MELD-RAW/MELD.Raw/train/train_splits/dia346_utt3.mp4
346,4,Chandler,neutral,"Yeah okay, I was just talking to the guys. Just look at them I mean, is it okay if they come visit?",data/raw/MELD-RAW/MELD.Raw/train/train_splits/dia346_utt4.mp4
346,5,Monica,surprise,Wh?! What about my allergies?!,data/raw/MELD-RAW/MELD.Raw/train/train_splits/dia346_utt5.mp4
346,6,Chandler,neutral,"Oh right, your allergies.  All her, she hates you.",data/raw/MELD-RAW/MELD.Raw/train/train_splits/dia346_utt6.mp4
347,0,Monica,sadness,Shoot! We're out of soda.,data/raw/MELD-RAW/MELD.Raw/train/train_splits/dia347_utt0.mp4
347,1,Chandler,neutral,"Oh, I'll go out and get you some.",data/raw/MELD-RAW/MELD.Raw/train/train_splits/dia347_utt1.mp4
347,2,Monica,surprise,Really?!,data/raw/MELD-RAW/MELD.Raw/train/train_splits/dia347_utt2.mp4
347,3,Chandler,neutral,"Nope! Because I'm not your boyfriend.  Hey Pheebs, how did it go?",data/raw/MELD-RAW/MELD.Raw/train/train_splits/dia347_utt3.mp4
347,4,Phoebe,sadness,"Well, umm, my Mom's friend, Phoebe, is actually my birth Mom.",data/raw/MELD-RAW/MELD.Raw/train/train_splits/dia347_utt4.mp4
347,5,Chandler,neutral,I found a dried up seashores.,data/raw/MELD-RAW/MELD.Raw/train/train_splits/dia347_utt5.mp4
347,6,Monica,surprise,"Sweety, what are you talking about?",data/raw/MELD-RAW/MELD.Raw/train/train_splits/dia347_utt6.mp4
347,7,Phoebe,sadness,"Oh, my new Mom, who-who's a big, fat abandoner!",data/raw/MELD-RAW/MELD.Raw/train/train_splits/dia347_utt7.mp4
347,9,Phoebe,sadness,"No. I'm just, I wanna, I need to be alone.",data/raw/MELD-RAW/MELD.Raw/train/train_splits/dia347_utt9.mp4
347,10,Phoebe,sadness,Monica!,data/raw/MELD-RAW/MELD.Raw/train/train_splits/dia347_utt10.mp4
347,11,Monica,neutral,Oh.,data/raw/MELD-RAW/MELD.Raw/train/train_splits/dia347_utt11.mp4
349,0,Monica,joy,Hey!,data/raw/MELD-RAW/MELD.Raw/train/train_splits/dia349_utt0.mp4
349,1,Phoebe,joy,Hey!,data/raw/MELD-RAW/MELD.Raw/train/train_splits/dia349_utt1.mp4
349,3,Monica,neutral,"So, do you guys wanna come and eat dinner at the restaurant    sometime in the next few weeks?",data/raw/MELD-RAW/MELD.Raw/train/train_splits/dia349_utt3.mp4
349,4,Phoebe,joy,Sure!,data/raw/MELD-RAW/MELD.Raw/train/train_splits/dia349_utt4.mp4
349,6,Monica,neutral,Well you,data/raw/MELD-RAW/MELD.Raw/train/train_splits/dia349_utt6.mp4
349,7,Phoebe,sadness,"Well, I can't give you a massage, because my licence has been    revoked again!",data/raw/MELD-RAW/MELD.Raw/train/train_splits/dia349_utt7.mp4
349,9,Phoebe,neutral,"Well, it was an accident...You know, it's a lot of oil and sometimes    the hand just slips!",data/raw/MELD-RAW/MELD.Raw/train/train_splits/dia349_utt9.mp4
349,10,Chandler,joy,Have I got a surprise for you? Pack your bags!,data/raw/MELD-RAW/MELD.Raw/train/train_splits/dia349_utt10.mp4
349,11,Phoebe,surprise,Oh no!You guys aren't supposed to get divorced for 7 years!,data/raw/MELD-RAW/MELD.Raw/train/train_splits/dia349_utt11.mp4
350,0,Chandler,neutral,"Umm, this is nice.",data/raw/MELD-RAW/MELD.Raw/train/train_splits/dia350_utt0.mp4
350,1,Monica,joy,"I know, it is isn't it?",data/raw/MELD-RAW/MELD.Raw/train/train_splits/dia350_utt1.mp4
350,2,Chandler,joy,"No, I mean it, this feels really good. Is it a hundred percent cotton?",data/raw/MELD-RAW/MELD.Raw/train/train_splits/dia350_utt2.mp4
350,3,Monica,joy,"Yeah! And I got it on sale, too.",data/raw/MELD-RAW/MELD.Raw/train/train_splits/dia350_utt3.mp4
350,4,Chandler,neutral,"Anyway, I should go, one of the lifeguards was just about to dismantle a nuclear device.",data/raw/MELD-RAW/MELD.Raw/train/train_splits/dia350_utt4.mp4
350,5,Monica,neutral,"Well, if you wanna get a drink later we can.",data/raw/MELD-RAW/MELD.Raw/train/train_splits/dia350_utt5.mp4
350,6,Chandler,neutral,"Oh yeah, that sounds great.  Oh, and listen, it's, it's gonna be....",data/raw/MELD-RAW/MELD.Raw/train/train_splits/dia350_utt6.mp4
350,7,Monica,neutral,I know. Thanks.,data/raw/MELD-RAW/MELD.Raw/train/train_splits/dia350_utt7.mp4
352,0,Chandler,neutral,"Yes, Fran.",data/raw/MELD-RAW/MELD.Raw/train/train_splits/dia352_utt0.mp4
352,1,Chandler,anger,"I know what time it is, but I'm looking at the WENUS and I'm not happy!...",data/raw/MELD-RAW/MELD.Raw/train/train_splits/dia352_utt1.mp4
352,2,Chandler,joy,"Oh, really, really, really?",data/raw/MELD-RAW/MELD.Raw/train/train_splits/dia352_utt2.mp4
352,3,Chandler,anger,"Well, let me tell you something... you will care about it, because I care about it!",data/raw/MELD-RAW/MELD.Raw/train/train_splits/dia352_utt3.mp4
352,4,Chandler,neutral,You got it?,data/raw/MELD-RAW/MELD.Raw/train/train_splits/dia352_utt4.mp4
352,5,Chandler,joy,Good!,data/raw/MELD-RAW/MELD.Raw/train/train_splits/dia352_utt5.mp4
352,6,Chandler,surprise,Whooooaaaa....,data/raw/MELD-RAW/MELD.Raw/train/train_splits/dia352_utt6.mp4
354,1,Monica,neutral,"Okay, Mr. Heckles, we'll try to keep it down.",data/raw/MELD-RAW/MELD.Raw/train/train_splits/dia354_utt1.mp4
354,4,Chandler,neutral,"Okay, Janice. Janice. You gotta give me Janice. That wasn't about being picky.",data/raw/MELD-RAW/MELD.Raw/train/train_splits/dia354_utt4.mp4
354,6,Phoebe,neutral,"I miss Janice though.  ""Hello, Chandler Bing.""",data/raw/MELD-RAW/MELD.Raw/train/train_splits/dia354_utt6.mp4
354,9,Monica,neutral,"Stop with the broom, we're not making noise.",data/raw/MELD-RAW/MELD.Raw/train/train_splits/dia354_utt9.mp4
354,11,Monica,neutral,Mr. Heckles.,data/raw/MELD-RAW/MELD.Raw/train/train_splits/dia354_utt11.mp4
354,14,Monica,anger,That's terrible.,data/raw/MELD-RAW/MELD.Raw/train/train_splits/dia354_utt14.mp4
355,0,Monica,sadness,"Oh, I'm sorry.",data/raw/MELD-RAW/MELD.Raw/train/train_splits/dia355_utt0.mp4
355,2,Phoebe,neutral,"Oh, he needed some time to grieve.",data/raw/MELD-RAW/MELD.Raw/train/train_splits/dia355_utt2.mp4
355,3,Chandler,joy,I'm free! I'm free!,data/raw/MELD-RAW/MELD.Raw/train/train_splits/dia355_utt3.mp4
355,4,Phoebe,neutral,That oughta do it.,data/raw/MELD-RAW/MELD.Raw/train/train_splits/dia355_utt4.mp4
356,0,Monica,sadness,"Hey, look at me. I'm making jam, been at it since 4 o'clock this morning.",data/raw/MELD-RAW/MELD.Raw/train/train_splits/dia356_utt0.mp4
356,2,Monica,neutral,Went down to the docks. Bet ya didn't know you could get it wholesale.,data/raw/MELD-RAW/MELD.Raw/train/train_splits/dia356_utt2.mp4
356,5,Chandler,neutral,Hey.,data/raw/MELD-RAW/MELD.Raw/train/train_splits/dia356_utt5.mp4
356,10,Chandler,anger,"Well, I'm sorry Joe. I didn't think the doctor was gonna buy that it just *fell* out of the socket.",data/raw/MELD-RAW/MELD.Raw/train/train_splits/dia356_utt10.mp4
356,14,Chandler,neutral,Because the kids need new shoes.,data/raw/MELD-RAW/MELD.Raw/train/train_splits/dia356_utt14.mp4
356,15,Monica,neutral,I'm going into business people.,data/raw/MELD-RAW/MELD.Raw/train/train_splits/dia356_utt15.mp4
356,16,Monica,neutral,I'm sick and tired of being depressed about Richard.,data/raw/MELD-RAW/MELD.Raw/train/train_splits/dia356_utt16.mp4
356,17,Monica,anger,"I needed a plan, a plan to get over my man.",data/raw/MELD-RAW/MELD.Raw/train/train_splits/dia356_utt17.mp4
356,18,Monica,neutral,What's the opposite of man?,data/raw/MELD-RAW/MELD.Raw/train/train_splits/dia356_utt18.mp4
356,19,Monica,neutral,Jam.,data/raw/MELD-RAW/MELD.Raw/train/train_splits/dia356_utt19.mp4
356,20,Monica,fear,Oh Joey don't!,data/raw/MELD-RAW/MELD.Raw/train/train_splits/dia356_utt20.mp4
356,21,Monica,anger,It's way to hot.,data/raw/MELD-RAW/MELD.Raw/train/train_splits/dia356_utt21.mp4
357,1,Monica,surprise,Why? Do you think he's still mad at us?,data/raw/MELD-RAW/MELD.Raw/train/train_splits/dia357_utt1.mp4
357,2,Chandler,neutral,Well he's probably mad after you called him this morning to borrow his goggles.,data/raw/MELD-RAW/MELD.Raw/train/train_splits/dia357_utt2.mp4
358,1,Chandler,neutral,I will have one.,data/raw/MELD-RAW/MELD.Raw/train/train_splits/dia358_utt1.mp4
358,2,Chandler,neutral,"Okay, I'm not gonna have one.",data/raw/MELD-RAW/MELD.Raw/train/train_splits/dia358_utt2.mp4
358,3,Phoebe,sadness,"No, no, it's just my tooth.",data/raw/MELD-RAW/MELD.Raw/train/train_splits/dia358_utt3.mp4
358,4,Chandler,neutral,All right I'll have one.,data/raw/MELD-RAW/MELD.Raw/train/train_splits/dia358_utt4.mp4
358,6,Phoebe,fear,"No thanks, I have a good one too. I just, I, I can't see him.",data/raw/MELD-RAW/MELD.Raw/train/train_splits/dia358_utt6.mp4
358,7,Chandler,neutral,See that is the problem with invisible dentists.,data/raw/MELD-RAW/MELD.Raw/train/train_splits/dia358_utt7.mp4
358,9,Phoebe,anger,"Because, every time I go to the dentist, somebody dies.",data/raw/MELD-RAW/MELD.Raw/train/train_splits/dia358_utt9.mp4
358,10,Chandler,joy,"That is so weird, because every time I go to the dentist, I look down the hygienist's blouse.",data/raw/MELD-RAW/MELD.Raw/train/train_splits/dia358_utt10.mp4
358,12,Phoebe,neutral,"Yeah, yeah, first there was my aunt Mary, and then there was umm, John, my mailman, and then my, my cowboy friend Albino Bob'.",data/raw/MELD-RAW/MELD.Raw/train/train_splits/dia358_utt12.mp4
358,14,Phoebe,sadness,"Yes, while I was in the chair!",data/raw/MELD-RAW/MELD.Raw/train/train_splits/dia358_utt14.mp4
358,15,Phoebe,neutral,"That's why I take such good care of my teeth now, y'know, it's not about oral hygiene, I floss to save lives!",data/raw/MELD-RAW/MELD.Raw/train/train_splits/dia358_utt15.mp4
358,18,Phoebe,sadness,"Well tell that to them. Oh! You can't, their dead.",data/raw/MELD-RAW/MELD.Raw/train/train_splits/dia358_utt18.mp4
360,0,Monica,sadness,You know what? I'm not gonna be able to enjoy this.,data/raw/MELD-RAW/MELD.Raw/train/train_splits/dia360_utt0.mp4
360,2,Chandler,neutral,"So, let's go.",data/raw/MELD-RAW/MELD.Raw/train/train_splits/dia360_utt2.mp4
360,4,Chandler,neutral,"Yeah, I mean, it would be rude to them  for us to leave now.",data/raw/MELD-RAW/MELD.Raw/train/train_splits/dia360_utt4.mp4
360,5,Monica,neutral,"You know, the guys are probably having a great time.",data/raw/MELD-RAW/MELD.Raw/train/train_splits/dia360_utt5.mp4
361,5,Chandler,neutral,"All right, so who do you got it narrowed down to?",data/raw/MELD-RAW/MELD.Raw/train/train_splits/dia361_utt5.mp4
361,7,Chandler,surprise,"Oooh-hoo, very attractive, forgiving.",data/raw/MELD-RAW/MELD.Raw/train/train_splits/dia361_utt7.mp4
361,9,Chandler,disgust,"Eh, y'know what, she's to political, she probably wouldn't let you do it, unless you donated four cans of food first.",data/raw/MELD-RAW/MELD.Raw/train/train_splits/dia361_utt9.mp4
361,11,Chandler,joy,"Ooh-hoo. Very hot, very sexy. But ah, y'know she's too international, y'know she's never gonna be around.",data/raw/MELD-RAW/MELD.Raw/train/train_splits/dia361_utt11.mp4
361,13,Chandler,neutral,"So, you gotta play the odds, pick somebody who's gonna be in the country like all the time.",data/raw/MELD-RAW/MELD.Raw/train/train_splits/dia361_utt13.mp4
366,0,Chandler,neutral,"Here's the thing, Janice.",data/raw/MELD-RAW/MELD.Raw/train/train_splits/dia366_utt0.mp4
366,1,Chandler,neutral,"You know, I mean, it's like we're different.",data/raw/MELD-RAW/MELD.Raw/train/train_splits/dia366_utt1.mp4
366,2,Chandler,anger,"I'm like the bing, bing, bing.",data/raw/MELD-RAW/MELD.Raw/train/train_splits/dia366_utt2.mp4
366,3,Chandler,neutral,"You're like the boom, boom, ... boom.",data/raw/MELD-RAW/MELD.Raw/train/train_splits/dia366_utt3.mp4
366,4,Janice,surprise,Ow!,data/raw/MELD-RAW/MELD.Raw/train/train_splits/dia366_utt4.mp4
366,5,Chandler,anger,"Oh, my god, I'm so sorry. Are you ok?",data/raw/MELD-RAW/MELD.Raw/train/train_splits/dia366_utt5.mp4
366,6,Janice,sadness,"Ow. Um, it's just my lens. It's just my lens. I'll be right back.",data/raw/MELD-RAW/MELD.Raw/train/train_splits/dia366_utt6.mp4
366,7,Chandler,sadness,I hit her in the eye! I hit her in the eye! This is the worst break-up in the history of the world.,data/raw/MELD-RAW/MELD.Raw/train/train_splits/dia366_utt7.mp4
366,8,Phoebe,surprise,Oh my god.  How many of those have you had?,data/raw/MELD-RAW/MELD.Raw/train/train_splits/dia366_utt8.mp4
366,9,Chandler,anger,"Oh, I don't know, a million?",data/raw/MELD-RAW/MELD.Raw/train/train_splits/dia366_utt9.mp4
366,10,Phoebe,neutral,"Chandler, easy, easy. Go to your happy place. La la la la la la la.",data/raw/MELD-RAW/MELD.Raw/train/train_splits/dia366_utt10.mp4
366,11,Chandler,neutral,I'm fine.,data/raw/MELD-RAW/MELD.Raw/train/train_splits/dia366_utt11.mp4
366,12,Phoebe,neutral,All right.,data/raw/MELD-RAW/MELD.Raw/train/train_splits/dia366_utt12.mp4
366,13,Chandler,fear,I'm not fine. Here she comes.,data/raw/MELD-RAW/MELD.Raw/train/train_splits/dia366_utt13.mp4
366,14,Phoebe,neutral,Wait here. Breathe.,data/raw/MELD-RAW/MELD.Raw/train/train_splits/dia366_utt14.mp4
366,15,Chandler,surprise,How do you do that?,data/raw/MELD-RAW/MELD.Raw/train/train_splits/dia366_utt15.mp4
366,16,Phoebe,neutral,It's like a gift.,data/raw/MELD-RAW/MELD.Raw/train/train_splits/dia366_utt16.mp4
366,17,Chandler,neutral,We should always always break up together.,data/raw/MELD-RAW/MELD.Raw/train/train_splits/dia366_utt17.mp4
366,18,Phoebe,neutral,"Oh, I'd like that.",data/raw/MELD-RAW/MELD.Raw/train/train_splits/dia366_utt18.mp4
367,0,Chandler,anger,You win.,data/raw/MELD-RAW/MELD.Raw/train/train_splits/dia367_utt0.mp4
367,2,Chandler,joy,It doesn't matter because nothing beats a three and a six.,data/raw/MELD-RAW/MELD.Raw/train/train_splits/dia367_utt2.mp4
367,3,Chandler,neutral,That my friend is D-Cup.,data/raw/MELD-RAW/MELD.Raw/train/train_splits/dia367_utt3.mp4
367,4,Chandler,neutral,"Okay, now much have you won so far?",data/raw/MELD-RAW/MELD.Raw/train/train_splits/dia367_utt4.mp4
367,6,Chandler,surprise,Not 700 exactly?,data/raw/MELD-RAW/MELD.Raw/train/train_splits/dia367_utt6.mp4
367,8,Chandler,joy,Double it!,data/raw/MELD-RAW/MELD.Raw/train/train_splits/dia367_utt8.mp4
367,10,Chandler,neutral,"Well you see in Cups, once you get $700, you have to double it.",data/raw/MELD-RAW/MELD.Raw/train/train_splits/dia367_utt10.mp4
367,12,Chandler,neutral,"Hey, I didn't make up the rules.",data/raw/MELD-RAW/MELD.Raw/train/train_splits/dia367_utt12.mp4
367,13,Chandler,neutral,"Now, after you receive the doubling bonus, you get uh, one card.",data/raw/MELD-RAW/MELD.Raw/train/train_splits/dia367_utt13.mp4
367,14,Chandler,neutral,"Now that one card could be worth $100 bringing your total to 1,500.",data/raw/MELD-RAW/MELD.Raw/train/train_splits/dia367_utt14.mp4
367,15,Chandler,surprise,Don't get to excited because that's not gonna happen unless you getNo way!,data/raw/MELD-RAW/MELD.Raw/train/train_splits/dia367_utt15.mp4
370,2,Chandler,neutral,I'm an alien. I'm an alien.,data/raw/MELD-RAW/MELD.Raw/train/train_splits/dia370_utt2.mp4
371,1,Monica,neutral,Hey.,data/raw/MELD-RAW/MELD.Raw/train/train_splits/dia371_utt1.mp4
371,3,Monica,neutral,To the bank.,data/raw/MELD-RAW/MELD.Raw/train/train_splits/dia371_utt3.mp4
371,5,Monica,neutral,Sperm.,data/raw/MELD-RAW/MELD.Raw/train/train_splits/dia371_utt5.mp4
371,7,Monica,neutral,"Oh yeah, picked a guy, 37135.",data/raw/MELD-RAW/MELD.Raw/train/train_splits/dia371_utt7.mp4
371,9,Monica,neutral,"Fraid so. Brown hair, green eyes...",data/raw/MELD-RAW/MELD.Raw/train/train_splits/dia371_utt9.mp4
371,11,Monica,sadness,What?,data/raw/MELD-RAW/MELD.Raw/train/train_splits/dia371_utt11.mp4
372,1,Phoebe,joy,"Nothing, nothing.",data/raw/MELD-RAW/MELD.Raw/train/train_splits/dia372_utt1.mp4
372,3,Phoebe,sadness,"It's, I mean, it's nothing, I'm fine.",data/raw/MELD-RAW/MELD.Raw/train/train_splits/dia372_utt3.mp4
372,4,Phoebe,sadness,It's my friends.,data/raw/MELD-RAW/MELD.Raw/train/train_splits/dia372_utt4.mp4
372,5,Phoebe,sadness,They-they have a liking problem with you.,data/raw/MELD-RAW/MELD.Raw/train/train_splits/dia372_utt5.mp4
372,6,Phoebe,sadness,"In that, um, they don't.",data/raw/MELD-RAW/MELD.Raw/train/train_splits/dia372_utt6.mp4
372,8,Phoebe,joy,But they don't see all the wonderfulness that I see.,data/raw/MELD-RAW/MELD.Raw/train/train_splits/dia372_utt8.mp4
372,9,Phoebe,sadness,They don't see all the good stuff and all the sweet stuff.,data/raw/MELD-RAW/MELD.Raw/train/train_splits/dia372_utt9.mp4
372,10,Phoebe,joy,They just think you're a little...,data/raw/MELD-RAW/MELD.Raw/train/train_splits/dia372_utt10.mp4
372,12,Phoebe,neutral,Intense and creepy.,data/raw/MELD-RAW/MELD.Raw/train/train_splits/dia372_utt12.mp4
373,1,Chandler,neutral,You got me.,data/raw/MELD-RAW/MELD.Raw/train/train_splits/dia373_utt1.mp4
373,3,Chandler,neutral,Yeah. Right.,data/raw/MELD-RAW/MELD.Raw/train/train_splits/dia373_utt3.mp4
374,0,Monica,joy,I can't believe we're here.,data/raw/MELD-RAW/MELD.Raw/train/train_splits/dia374_utt0.mp4
374,1,Chandler,surprise,Oh you've got to be kidding me.,data/raw/MELD-RAW/MELD.Raw/train/train_splits/dia374_utt1.mp4
374,2,Monica,surprise,What?,data/raw/MELD-RAW/MELD.Raw/train/train_splits/dia374_utt2.mp4
374,4,Monica,anger,No!! You have been screwing us all day!,data/raw/MELD-RAW/MELD.Raw/train/train_splits/dia374_utt4.mp4
374,6,Chandler,neutral,We're you just ten seconds later!,data/raw/MELD-RAW/MELD.Raw/train/train_splits/dia374_utt6.mp4
374,7,Monica,anger,You already got the first class tickets.. you got the lounge!,data/raw/MELD-RAW/MELD.Raw/train/train_splits/dia374_utt7.mp4
374,8,Monica,anger,I mean we should get free stuff too!,data/raw/MELD-RAW/MELD.Raw/train/train_splits/dia374_utt8.mp4
374,9,Monica,anger,I mean you're not the only ones on your honeymoon!,data/raw/MELD-RAW/MELD.Raw/train/train_splits/dia374_utt9.mp4
374,15,Chandler,neutral,We need the stuff.,data/raw/MELD-RAW/MELD.Raw/train/train_splits/dia374_utt15.mp4
376,1,Phoebe,joy,Hey!,data/raw/MELD-RAW/MELD.Raw/train/train_splits/dia376_utt1.mp4
376,3,Phoebe,fear,Wow! Nice! Manly and also kind of a slut.,data/raw/MELD-RAW/MELD.Raw/train/train_splits/dia376_utt3.mp4
378,0,Phoebe,neutral,Jason?,data/raw/MELD-RAW/MELD.Raw/train/train_splits/dia378_utt0.mp4
383,0,Chandler,neutral,And here we go,data/raw/MELD-RAW/MELD.Raw/train/train_splits/dia383_utt0.mp4
384,0,Phoebe,neutral,Oh hello.,data/raw/MELD-RAW/MELD.Raw/train/train_splits/dia384_utt0.mp4
384,2,Phoebe,neutral,"Oh Jim, Jim Nelson I'm Phoebe, Phoebe Buffay. We certainly have been seeing a lot of each other lately.",data/raw/MELD-RAW/MELD.Raw/train/train_splits/dia384_utt2.mp4
384,4,Phoebe,joy,"Well, maybe we will.  Oh!",data/raw/MELD-RAW/MELD.Raw/train/train_splits/dia384_utt4.mp4
385,0,Phoebe,anger,"Well, that's not something a girl wants to hear.",data/raw/MELD-RAW/MELD.Raw/train/train_splits/dia385_utt0.mp4
385,2,Phoebe,sadness,What?,data/raw/MELD-RAW/MELD.Raw/train/train_splits/dia385_utt2.mp4
385,5,Phoebe,neutral,You have chalk on your face.,data/raw/MELD-RAW/MELD.Raw/train/train_splits/dia385_utt5.mp4
387,0,Phoebe,sadness,"Oh, Ross you're right, I don't know why I always thought this was real grass.",data/raw/MELD-RAW/MELD.Raw/train/train_splits/dia387_utt0.mp4
387,1,Monica,joy,"Hey, are you okay?",data/raw/MELD-RAW/MELD.Raw/train/train_splits/dia387_utt1.mp4
388,0,Monica,joy,Hey! Where ya headin' in those pants? 1982?,data/raw/MELD-RAW/MELD.Raw/train/train_splits/dia388_utt0.mp4
388,3,Monica,surprise,"Why, what's wrong with my bathroom floor?",data/raw/MELD-RAW/MELD.Raw/train/train_splits/dia388_utt3.mp4
388,5,Monica,anger,I highly doubt that.,data/raw/MELD-RAW/MELD.Raw/train/train_splits/dia388_utt5.mp4
388,7,Monica,fear,I can't live like this! What are we gonna do? What are we gonna do?,data/raw/MELD-RAW/MELD.Raw/train/train_splits/dia388_utt7.mp4
388,9,Monica,disgust,That's a little more than I wanted to see.,data/raw/MELD-RAW/MELD.Raw/train/train_splits/dia388_utt9.mp4
388,14,Monica,anger,I can't leave it! You gouged a hole in my dingy floor.,data/raw/MELD-RAW/MELD.Raw/train/train_splits/dia388_utt14.mp4
388,16,Monica,anger,"You know that's nice, y'know we could put it back there after the surgeons remove it from your colon!",data/raw/MELD-RAW/MELD.Raw/train/train_splits/dia388_utt16.mp4
389,0,Phoebe,neutral,Hi.,data/raw/MELD-RAW/MELD.Raw/train/train_splits/dia389_utt0.mp4
389,1,Monica,anger,Hi!,data/raw/MELD-RAW/MELD.Raw/train/train_splits/dia389_utt1.mp4
389,4,Phoebe,surprise,Yeah?,data/raw/MELD-RAW/MELD.Raw/train/train_splits/dia389_utt4.mp4
389,6,Phoebe,joy,"So great. Oh, we took a nap today and my Mom fell asleep on my tummy and purred.",data/raw/MELD-RAW/MELD.Raw/train/train_splits/dia389_utt6.mp4
389,8,Monica,surprise,Huh? What'd ya say Joe? I'll be right there.,data/raw/MELD-RAW/MELD.Raw/train/train_splits/dia389_utt8.mp4
389,10,Phoebe,neutral,"I just feel so, uhh.....",data/raw/MELD-RAW/MELD.Raw/train/train_splits/dia389_utt10.mp4
389,12,Chandler,joy,I'm coming already!!,data/raw/MELD-RAW/MELD.Raw/train/train_splits/dia389_utt12.mp4
391,0,Phoebe,neutral,Hello.,data/raw/MELD-RAW/MELD.Raw/train/train_splits/dia391_utt0.mp4
392,1,Phoebe,joy,"Hey, Joey!",data/raw/MELD-RAW/MELD.Raw/train/train_splits/dia392_utt1.mp4
392,2,Phoebe,joy,Hey!,data/raw/MELD-RAW/MELD.Raw/train/train_splits/dia392_utt2.mp4
392,3,Phoebe,joy,Ooh!,data/raw/MELD-RAW/MELD.Raw/train/train_splits/dia392_utt3.mp4
392,4,Phoebe,joy,Ooh!,data/raw/MELD-RAW/MELD.Raw/train/train_splits/dia392_utt4.mp4
392,5,Phoebe,neutral,I just say someone on thethat looks just like you on the subway.,data/raw/MELD-RAW/MELD.Raw/train/train_splits/dia392_utt5.mp4
392,6,Phoebe,joy,"And I was gonna go over and say hi!' but then I figured, he doesn't care if he looks like you.",data/raw/MELD-RAW/MELD.Raw/train/train_splits/dia392_utt6.mp4
392,8,Phoebe,joy,"Ohh, they're having a",data/raw/MELD-RAW/MELD.Raw/train/train_splits/dia392_utt8.mp4
392,10,Phoebe,surprise,So you're not homesick yet?,data/raw/MELD-RAW/MELD.Raw/train/train_splits/dia392_utt10.mp4
392,12,Phoebe,joy,"All right, the seven of us miss you.",data/raw/MELD-RAW/MELD.Raw/train/train_splits/dia392_utt12.mp4
394,0,Monica,anger,I don't believe you spent my wedding fund on the beach house!,data/raw/MELD-RAW/MELD.Raw/train/train_splits/dia394_utt0.mp4
398,0,Phoebe,neutral,Are you okay?,data/raw/MELD-RAW/MELD.Raw/train/train_splits/dia398_utt0.mp4
398,2,Phoebe,anger,"Ok, I've got milk  Here you go...  Oh! Better?",data/raw/MELD-RAW/MELD.Raw/train/train_splits/dia398_utt2.mp4
398,4,Phoebe,surprise,"I'm so embarrassed, I'm the one he hit on!",data/raw/MELD-RAW/MELD.Raw/train/train_splits/dia398_utt4.mp4
398,6,Phoebe,sadness,I'm so sorry! No I'm sorry! No I'm sorry! No I'm sorry!,data/raw/MELD-RAW/MELD.Raw/train/train_splits/dia398_utt6.mp4
398,7,Phoebe,surprise,"No, wait, oh, what are we sorry about?",data/raw/MELD-RAW/MELD.Raw/train/train_splits/dia398_utt7.mp4
398,9,Phoebe,disgust,Such a pig!,data/raw/MELD-RAW/MELD.Raw/train/train_splits/dia398_utt9.mp4
398,11,Phoebe,disgust,Oh he's like a...,data/raw/MELD-RAW/MELD.Raw/train/train_splits/dia398_utt11.mp4
398,13,Phoebe,neutral,...like a...,data/raw/MELD-RAW/MELD.Raw/train/train_splits/dia398_utt13.mp4
400,0,Phoebe,anger,"Yes, good! Ok...",data/raw/MELD-RAW/MELD.Raw/train/train_splits/dia400_utt0.mp4
400,2,Phoebe,sadness,"Oh! I know!  It's because... he's gorgeous, and he's charming, and when he looks at you...",data/raw/MELD-RAW/MELD.Raw/train/train_splits/dia400_utt2.mp4
400,4,Phoebe,neutral,The end.,data/raw/MELD-RAW/MELD.Raw/train/train_splits/dia400_utt4.mp4
400,6,Phoebe,surprise,Should I not have told you?,data/raw/MELD-RAW/MELD.Raw/train/train_splits/dia400_utt6.mp4
401,3,Phoebe,neutral,"Knock, knock, knock.",data/raw/MELD-RAW/MELD.Raw/train/train_splits/dia401_utt3.mp4
401,5,Phoebe,neutral,"Are you ah, Phoebe Abott?",data/raw/MELD-RAW/MELD.Raw/train/train_splits/dia401_utt5.mp4
401,7,Phoebe,joy,"Hi Phoebe Abott, I'm your best friends daughter!",data/raw/MELD-RAW/MELD.Raw/train/train_splits/dia401_utt7.mp4
401,9,Phoebe,neutral,"No, I-I mean your-your old best friend, here.  Lily, from high school. Remember?",data/raw/MELD-RAW/MELD.Raw/train/train_splits/dia401_utt9.mp4
401,11,Phoebe,sadness,"Phoebe.  Phoebe. Phoebe, yeah. She named me after you I guess.",data/raw/MELD-RAW/MELD.Raw/train/train_splits/dia401_utt11.mp4
402,0,Chandler,neutral,"Dude, you have got to turn on",data/raw/MELD-RAW/MELD.Raw/train/train_splits/dia402_utt0.mp4
403,0,Chandler,neutral,"Nah, Monica's watching some cooking show. Come on, I don't want to miss when they were skinny.",data/raw/MELD-RAW/MELD.Raw/train/train_splits/dia403_utt0.mp4
404,1,Chandler,joy,"What? No, I want to watch this. . Did your cable go out?",data/raw/MELD-RAW/MELD.Raw/train/train_splits/dia404_utt1.mp4
404,3,Chandler,sadness,"Joey, why is your cable out?",data/raw/MELD-RAW/MELD.Raw/train/train_splits/dia404_utt3.mp4
404,5,Chandler,neutral,"If you need money, will you please-please just let me loan you some money?",data/raw/MELD-RAW/MELD.Raw/train/train_splits/dia404_utt5.mp4
404,10,Chandler,joy,Whoa ho.,data/raw/MELD-RAW/MELD.Raw/train/train_splits/dia404_utt10.mp4
404,18,Chandler,neutral,Paid your phone bill?,data/raw/MELD-RAW/MELD.Raw/train/train_splits/dia404_utt18.mp4
405,0,Chandler,neutral,"Oh good, okay, I can't take it anymore.",data/raw/MELD-RAW/MELD.Raw/train/train_splits/dia405_utt0.mp4
405,1,Chandler,anger,I can't take it anymore.,data/raw/MELD-RAW/MELD.Raw/train/train_splits/dia405_utt1.mp4
405,2,Chandler,anger,"So you win, okay?",data/raw/MELD-RAW/MELD.Raw/train/train_splits/dia405_utt2.mp4
405,3,Chandler,anger,Here!,data/raw/MELD-RAW/MELD.Raw/train/train_splits/dia405_utt3.mp4
405,4,Chandler,anger,Pheebs?,data/raw/MELD-RAW/MELD.Raw/train/train_splits/dia405_utt4.mp4
405,5,Chandler,surprise,Flying a jet?,data/raw/MELD-RAW/MELD.Raw/train/train_splits/dia405_utt5.mp4
405,6,Chandler,neutral,Better make it a spaceship so that you can get back to your,data/raw/MELD-RAW/MELD.Raw/train/train_splits/dia405_utt6.mp4
406,2,Chandler,joy,"Hey, Pheebs!",data/raw/MELD-RAW/MELD.Raw/train/train_splits/dia406_utt2.mp4
407,1,Phoebe,sadness,"Well, it helps the bee look tough in front of his bee friends. The bee is happy and I am definitely not.",data/raw/MELD-RAW/MELD.Raw/train/train_splits/dia407_utt1.mp4
407,3,Phoebe,surprise,"Aw, dammit!",data/raw/MELD-RAW/MELD.Raw/train/train_splits/dia407_utt3.mp4
408,1,Phoebe,neutral,Yeah.,data/raw/MELD-RAW/MELD.Raw/train/train_splits/dia408_utt1.mp4
408,4,Phoebe,neutral,"Yeah. Yeah, that's what you need a goodpill.",data/raw/MELD-RAW/MELD.Raw/train/train_splits/dia408_utt4.mp4
409,0,Chandler,neutral,What are you writing?,data/raw/MELD-RAW/MELD.Raw/train/train_splits/dia409_utt0.mp4
409,2,Chandler,neutral,"Oh yeah?  Joshua, give me a call sometime, guys like you  never go out of stylewhat did you throw away?",data/raw/MELD-RAW/MELD.Raw/train/train_splits/dia409_utt2.mp4
409,3,Chandler,joy,Hi guys!,data/raw/MELD-RAW/MELD.Raw/train/train_splits/dia409_utt3.mp4
409,7,Chandler,surprise,Without me?!,data/raw/MELD-RAW/MELD.Raw/train/train_splits/dia409_utt7.mp4
411,1,Phoebe,fear,Was it my work? Were they mad? Was it Jack? Did he yell?!,data/raw/MELD-RAW/MELD.Raw/train/train_splits/dia411_utt1.mp4
411,3,Phoebe,joy,Thank God.,data/raw/MELD-RAW/MELD.Raw/train/train_splits/dia411_utt3.mp4
412,0,Phoebe,anger,"...DUMB, DRUNKEN, BITCH!!!   Thank you, thanks.",data/raw/MELD-RAW/MELD.Raw/train/train_splits/dia412_utt0.mp4
412,2,Chandler,neutral,"Uh-huh, first you tell us where you got the prettiest lace in all the land.",data/raw/MELD-RAW/MELD.Raw/train/train_splits/dia412_utt2.mp4
412,6,Chandler,neutral,"Stunning entertainment center. Fine,  fine Italian craftsmanship.",data/raw/MELD-RAW/MELD.Raw/train/train_splits/dia412_utt6.mp4
412,7,Phoebe,surprise,"Oh my God, you guys are selling the entertainment center?",data/raw/MELD-RAW/MELD.Raw/train/train_splits/dia412_utt7.mp4
412,9,Chandler,neutral,You want it?,data/raw/MELD-RAW/MELD.Raw/train/train_splits/dia412_utt9.mp4
412,11,Chandler,surprise,"Ahh, Gepeto, $5,000 dollars? Are you insane?",data/raw/MELD-RAW/MELD.Raw/train/train_splits/dia412_utt11.mp4
412,13,Chandler,neutral,"All right look, I'm changing it to 50 bucks, or your best offer.",data/raw/MELD-RAW/MELD.Raw/train/train_splits/dia412_utt13.mp4
412,15,Chandler,neutral,Nooo.,data/raw/MELD-RAW/MELD.Raw/train/train_splits/dia412_utt15.mp4
413,3,Monica,neutral,Is he doing his shark attack bit yet?,data/raw/MELD-RAW/MELD.Raw/train/train_splits/dia413_utt3.mp4
414,1,Chandler,neutral,Hey!,data/raw/MELD-RAW/MELD.Raw/train/train_splits/dia414_utt1.mp4
414,2,Monica,neutral,Hey!,data/raw/MELD-RAW/MELD.Raw/train/train_splits/dia414_utt2.mp4
414,4,Chandler,neutral,"Oh, we wanted to finish the crossword before we went to bed. Hey, do you know a six-letter word for red?",data/raw/MELD-RAW/MELD.Raw/train/train_splits/dia414_utt4.mp4
414,6,Chandler,neutral,"Yeah, I think that's wrong, but there's a Connect the Dots in here for you later.  Hey, how about maroon?",data/raw/MELD-RAW/MELD.Raw/train/train_splits/dia414_utt6.mp4
414,7,Monica,joy,"Yes, you are so smart!",data/raw/MELD-RAW/MELD.Raw/train/train_splits/dia414_utt7.mp4
414,9,Monica,neutral,I know.,data/raw/MELD-RAW/MELD.Raw/train/train_splits/dia414_utt9.mp4
414,11,Monica,neutral,Okay.,data/raw/MELD-RAW/MELD.Raw/train/train_splits/dia414_utt11.mp4
416,1,Phoebe,surprise,"I know. This is really, really huge.",data/raw/MELD-RAW/MELD.Raw/train/train_splits/dia416_utt1.mp4
416,2,Chandler,neutral,No it's not. It's small. It's tiny. It's petite. It's wee.,data/raw/MELD-RAW/MELD.Raw/train/train_splits/dia416_utt2.mp4
416,4,Chandler,disgust,"OK, is there a mute button on this woman?",data/raw/MELD-RAW/MELD.Raw/train/train_splits/dia416_utt4.mp4
420,0,Phoebe,joy,"Hey! You guys, I'm writing a holiday song for everyone. Do you want to hear it?",data/raw/MELD-RAW/MELD.Raw/train/train_splits/dia420_utt0.mp4
420,2,Phoebe,joy,"Oh, yay!",data/raw/MELD-RAW/MELD.Raw/train/train_splits/dia420_utt2.mp4
420,4,Phoebe,disgust,I know but it's so hard! Nothing rhymes with your stupid name!,data/raw/MELD-RAW/MELD.Raw/train/train_splits/dia420_utt4.mp4
420,6,Phoebe,neutral,"All good, thanks.  Do you maybe have a nickname have like a nickname that's easier to rhyme?",data/raw/MELD-RAW/MELD.Raw/train/train_splits/dia420_utt6.mp4
420,7,Monica,neutral,Didn't your dad used to call you Pumpkin?,data/raw/MELD-RAW/MELD.Raw/train/train_splits/dia420_utt7.mp4
422,0,Chandler,neutral,"What I do dois manage to uh, create an atmosphere of support for the people working with me.",data/raw/MELD-RAW/MELD.Raw/train/train_splits/dia422_utt0.mp4
422,1,Phoebe,neutral,I see. Nice sidestep on the do do thing by the way.,data/raw/MELD-RAW/MELD.Raw/train/train_splits/dia422_utt1.mp4
422,2,Chandler,neutral,Hardest thing I've ever done in my life.,data/raw/MELD-RAW/MELD.Raw/train/train_splits/dia422_utt2.mp4
422,3,Phoebe,neutral,You gotta go!,data/raw/MELD-RAW/MELD.Raw/train/train_splits/dia422_utt3.mp4
422,4,Chandler,neutral,Oh!,data/raw/MELD-RAW/MELD.Raw/train/train_splits/dia422_utt4.mp4
422,5,Phoebe,neutral,"Okay, don't worry. You're ready.",data/raw/MELD-RAW/MELD.Raw/train/train_splits/dia422_utt5.mp4
422,6,Chandler,surprise,Really?,data/raw/MELD-RAW/MELD.Raw/train/train_splits/dia422_utt6.mp4
422,7,Phoebe,neutral,Absolutely! Just fight all your natural instincts and you'll be great.,data/raw/MELD-RAW/MELD.Raw/train/train_splits/dia422_utt7.mp4
423,0,Monica,neutral,"Now, Mom, everything's going fine, really.",data/raw/MELD-RAW/MELD.Raw/train/train_splits/dia423_utt0.mp4
423,1,Monica,neutral,"Yeah, Ross is great.",data/raw/MELD-RAW/MELD.Raw/train/train_splits/dia423_utt1.mp4
423,2,Monica,neutral,"He's uh, he's in a whole other place.",data/raw/MELD-RAW/MELD.Raw/train/train_splits/dia423_utt2.mp4
423,3,Monica,neutral,"No, he's gone.",data/raw/MELD-RAW/MELD.Raw/train/train_splits/dia423_utt3.mp4
423,4,Monica,neutral,"No no, you don't have to fly back, really.",data/raw/MELD-RAW/MELD.Raw/train/train_splits/dia423_utt4.mp4
423,5,Monica,surprise,What do you mean this might be your only chance?,data/raw/MELD-RAW/MELD.Raw/train/train_splits/dia423_utt5.mp4
423,6,Monica,anger,Would you stop?,data/raw/MELD-RAW/MELD.Raw/train/train_splits/dia423_utt6.mp4
423,7,Monica,anger,"I'm only 26, I'm not even thinking about babies yet.",data/raw/MELD-RAW/MELD.Raw/train/train_splits/dia423_utt7.mp4
423,8,Chandler,neutral,Where have you been?,data/raw/MELD-RAW/MELD.Raw/train/train_splits/dia423_utt8.mp4
423,10,Chandler,joy,Mazel tov!,data/raw/MELD-RAW/MELD.Raw/train/train_splits/dia423_utt10.mp4
424,1,Chandler,surprise,Oh yeah! With who?,data/raw/MELD-RAW/MELD.Raw/train/train_splits/dia424_utt1.mp4
424,8,Phoebe,neutral,"If she's no fun, why do you want to date her at all?",data/raw/MELD-RAW/MELD.Raw/train/train_splits/dia424_utt8.mp4
424,15,Phoebe,joy,"Hey! Ooh, how was your first day working at the restaurant?",data/raw/MELD-RAW/MELD.Raw/train/train_splits/dia424_utt15.mp4
425,0,Phoebe,neutral,Oh here's a whole bunch.,data/raw/MELD-RAW/MELD.Raw/train/train_splits/dia425_utt0.mp4
425,3,Phoebe,surprise,Oh my God!,data/raw/MELD-RAW/MELD.Raw/train/train_splits/dia425_utt3.mp4
425,5,Phoebe,surprise,"There was a pregnancy test in the garbage, and it's positive. Monica's pregnant.  So I guess she won't be totally alone.",data/raw/MELD-RAW/MELD.Raw/train/train_splits/dia425_utt5.mp4
426,0,Phoebe,neutral,Hi.,data/raw/MELD-RAW/MELD.Raw/train/train_splits/dia426_utt0.mp4
426,1,Phoebe,sadness,"Listen, I'm sorry about that whole thing with Roger.",data/raw/MELD-RAW/MELD.Raw/train/train_splits/dia426_utt1.mp4
426,2,Phoebe,anger,"It really wasn't right, and I, and I want to make it up to you, so umm, I brought you something that I think you'll really enjoy.",data/raw/MELD-RAW/MELD.Raw/train/train_splits/dia426_utt2.mp4
426,3,Phoebe,neutral,"Now, this is just a loan.",data/raw/MELD-RAW/MELD.Raw/train/train_splits/dia426_utt3.mp4
426,4,Phoebe,neutral,Okay?,data/raw/MELD-RAW/MELD.Raw/train/train_splits/dia426_utt4.mp4
426,5,Phoebe,neutral,"I'm gonna, I'm gonna want him back.",data/raw/MELD-RAW/MELD.Raw/train/train_splits/dia426_utt5.mp4
426,6,Phoebe,neutral,So  I'm gonna go now.,data/raw/MELD-RAW/MELD.Raw/train/train_splits/dia426_utt6.mp4
426,7,Phoebe,sadness,"I'm sorry, I thought I could do it and I can't!",data/raw/MELD-RAW/MELD.Raw/train/train_splits/dia426_utt7.mp4
427,0,Monica,sadness,"All right, well why don't I go out with an ex-boyfriend and do Joey a favor?!",data/raw/MELD-RAW/MELD.Raw/train/train_splits/dia427_utt0.mp4
428,0,Chandler,neutral,"All right ladies, here's what we're gonna do.",data/raw/MELD-RAW/MELD.Raw/train/train_splits/dia428_utt0.mp4
428,1,Phoebe,anger,"I-I wanna be with her,  I like her.",data/raw/MELD-RAW/MELD.Raw/train/train_splits/dia428_utt1.mp4
428,2,Chandler,joy,"Oh, that's fine! Go with your instincts, go with your instincts.",data/raw/MELD-RAW/MELD.Raw/train/train_splits/dia428_utt2.mp4
428,3,Monica,surprise,"Wait, now, what am I doing again?",data/raw/MELD-RAW/MELD.Raw/train/train_splits/dia428_utt3.mp4
428,4,Chandler,anger,"Come on! Would you please pay attention, I could wake up at any moment!",data/raw/MELD-RAW/MELD.Raw/train/train_splits/dia428_utt4.mp4
428,7,Chandler,surprise,"What do you want from me, I've never met the guy.",data/raw/MELD-RAW/MELD.Raw/train/train_splits/dia428_utt7.mp4
428,8,Chandler,sadness,"So anyway, Rachel, I'm sorry you can't stay,  but the rest of us have a",data/raw/MELD-RAW/MELD.Raw/train/train_splits/dia428_utt8.mp4
429,1,Chandler,neutral,"Oh, uh, I... don't... care.",data/raw/MELD-RAW/MELD.Raw/train/train_splits/dia429_utt1.mp4
429,2,Chandler,neutral,"Ok, now, remember, no trading.",data/raw/MELD-RAW/MELD.Raw/train/train_splits/dia429_utt2.mp4
429,3,Chandler,neutral,"You get the pretty one, I get the mess.",data/raw/MELD-RAW/MELD.Raw/train/train_splits/dia429_utt3.mp4
429,5,Chandler,neutral,...And what did you bring?,data/raw/MELD-RAW/MELD.Raw/train/train_splits/dia429_utt5.mp4
429,9,Chandler,surprise,Janice?,data/raw/MELD-RAW/MELD.Raw/train/train_splits/dia429_utt9.mp4
429,10,Janice,surprise,Oh.... my.... God.,data/raw/MELD-RAW/MELD.Raw/train/train_splits/dia429_utt10.mp4
429,11,Chandler,neutral,"Hey, it's Janice.",data/raw/MELD-RAW/MELD.Raw/train/train_splits/dia429_utt11.mp4
430,1,Phoebe,neutral,"Rachel is one of my closest friends.  Although, being the only one who knows anything about this does makes me feel special. Okay!",data/raw/MELD-RAW/MELD.Raw/train/train_splits/dia430_utt1.mp4
430,3,Phoebe,anger,Hey Rach!,data/raw/MELD-RAW/MELD.Raw/train/train_splits/dia430_utt3.mp4
430,5,Phoebe,neutral,"Sorry, mix up. Hey, how was the movie?",data/raw/MELD-RAW/MELD.Raw/train/train_splits/dia430_utt5.mp4
430,7,Phoebe,surprise,Well then you'd better hurry! The Angelica! Go! Go!,data/raw/MELD-RAW/MELD.Raw/train/train_splits/dia430_utt7.mp4
431,2,Phoebe,neutral,Yeah?,data/raw/MELD-RAW/MELD.Raw/train/train_splits/dia431_utt2.mp4
431,4,Phoebe,neutral,Yeah?,data/raw/MELD-RAW/MELD.Raw/train/train_splits/dia431_utt4.mp4
431,6,Phoebe,anger,"Ohh, that's so nice! How great! Well, where? Where's the trip?!",data/raw/MELD-RAW/MELD.Raw/train/train_splits/dia431_utt6.mp4
431,7,Monica,joy,"Well, we thought we would all go to a picnic , in Central Park!",data/raw/MELD-RAW/MELD.Raw/train/train_splits/dia431_utt7.mp4
431,9,Phoebe,disgust,That sucks!,data/raw/MELD-RAW/MELD.Raw/train/train_splits/dia431_utt9.mp4
431,10,Phoebe,surprise,That's not a trip!,data/raw/MELD-RAW/MELD.Raw/train/train_splits/dia431_utt10.mp4
431,11,Phoebe,anger,I just came from the park!,data/raw/MELD-RAW/MELD.Raw/train/train_splits/dia431_utt11.mp4
431,12,Phoebe,anger,What are we gonna high five about at the stupid Central Park?,data/raw/MELD-RAW/MELD.Raw/train/train_splits/dia431_utt12.mp4
431,13,Phoebe,anger,"""Well, it's right by my house, all right!""",data/raw/MELD-RAW/MELD.Raw/train/train_splits/dia431_utt13.mp4
431,14,Chandler,anger,"Well, I'm gonna go home and bask in the triumph of my Central Park idea.",data/raw/MELD-RAW/MELD.Raw/train/train_splits/dia431_utt14.mp4
431,17,Chandler,sadness,I was just trying to bring a little culture to the group.,data/raw/MELD-RAW/MELD.Raw/train/train_splits/dia431_utt17.mp4
431,18,Phoebe,disgust,"That's fine, just don't bring it in my mouth.",data/raw/MELD-RAW/MELD.Raw/train/train_splits/dia431_utt18.mp4
431,19,Monica,disgust,Makes me wanna puke!,data/raw/MELD-RAW/MELD.Raw/train/train_splits/dia431_utt19.mp4
432,0,Phoebe,neutral,Is she in there?,data/raw/MELD-RAW/MELD.Raw/train/train_splits/dia432_utt0.mp4
437,0,Chandler,anger,Hey!,data/raw/MELD-RAW/MELD.Raw/train/train_splits/dia437_utt0.mp4
437,1,Phoebe,surprise,Hey! Check it out! This is unbelievable! Joey has been holding his breath for almost four minutes!,data/raw/MELD-RAW/MELD.Raw/train/train_splits/dia437_utt1.mp4
438,0,Monica,anger,Ow!,data/raw/MELD-RAW/MELD.Raw/train/train_splits/dia438_utt0.mp4
438,3,Monica,surprise,Oh my God! Oh my God!,data/raw/MELD-RAW/MELD.Raw/train/train_splits/dia438_utt3.mp4
438,12,Monica,joy,"So um, who was she?",data/raw/MELD-RAW/MELD.Raw/train/train_splits/dia438_utt12.mp4
438,14,Monica,neutral,"Did you like her? And I'm just asking as a friend, because I am totally fine with this.",data/raw/MELD-RAW/MELD.Raw/train/train_splits/dia438_utt14.mp4
439,1,Phoebe,disgust,"No, no, no, I wouldn't do you myself, I mean that would be weird.",data/raw/MELD-RAW/MELD.Raw/train/train_splits/dia439_utt1.mp4
439,2,Phoebe,neutral,"Yeah, no, I'll get one of the other girls to do it.",data/raw/MELD-RAW/MELD.Raw/train/train_splits/dia439_utt2.mp4
439,3,Phoebe,joy,"Oh, this will be so much fun!",data/raw/MELD-RAW/MELD.Raw/train/train_splits/dia439_utt3.mp4
439,4,Phoebe,surprise,Hey!,data/raw/MELD-RAW/MELD.Raw/train/train_splits/dia439_utt4.mp4
439,5,Phoebe,joy,Are you excited?,data/raw/MELD-RAW/MELD.Raw/train/train_splits/dia439_utt5.mp4
440,0,Phoebe,neutral,"Ok, so now we need, um sage branches and the sacramental wine.",data/raw/MELD-RAW/MELD.Raw/train/train_splits/dia440_utt0.mp4
440,1,Monica,neutral,"All I have is, is oregano and a",data/raw/MELD-RAW/MELD.Raw/train/train_splits/dia440_utt1.mp4
440,2,Phoebe,joy,"Um, that's ok!  Ok. All right. Now we need the semen of a righteous man.",data/raw/MELD-RAW/MELD.Raw/train/train_splits/dia440_utt2.mp4
440,4,Monica,neutral,Can we just start throwing things in?,data/raw/MELD-RAW/MELD.Raw/train/train_splits/dia440_utt4.mp4
440,5,Phoebe,neutral,"Ok, yeah, ok.  Oh, OK.",data/raw/MELD-RAW/MELD.Raw/train/train_splits/dia440_utt5.mp4
440,7,Phoebe,neutral,"Ok, and I have the, uh receipt for my dinner with Nokululu Oon Ah Ah.",data/raw/MELD-RAW/MELD.Raw/train/train_splits/dia440_utt7.mp4
440,8,Monica,neutral,"Look, here's a picture of Scotty Jared naked.",data/raw/MELD-RAW/MELD.Raw/train/train_splits/dia440_utt8.mp4
440,10,Monica,neutral,No.,data/raw/MELD-RAW/MELD.Raw/train/train_splits/dia440_utt10.mp4
440,13,Monica,neutral,"Hey, Rachel, isn't that stuff almost pure...",data/raw/MELD-RAW/MELD.Raw/train/train_splits/dia440_utt13.mp4
442,2,Chandler,neutral,It's a kitchen slash bathroom.,data/raw/MELD-RAW/MELD.Raw/train/train_splits/dia442_utt2.mp4
442,4,Chandler,disgust,We are bad people.,data/raw/MELD-RAW/MELD.Raw/train/train_splits/dia442_utt4.mp4
443,0,Monica,joy,Let's get the show on it!,data/raw/MELD-RAW/MELD.Raw/train/train_splits/dia443_utt0.mp4
443,2,Monica,neutral,"Oh Rachel, I know the best coffee house and it's sooo close.",data/raw/MELD-RAW/MELD.Raw/train/train_splits/dia443_utt2.mp4
443,4,Phoebe,neutral,"Oh, hey, look, I found coffee!  Okay, let's skedaddle.",data/raw/MELD-RAW/MELD.Raw/train/train_splits/dia443_utt4.mp4
443,6,Phoebe,neutral,"Okay, your highness.",data/raw/MELD-RAW/MELD.Raw/train/train_splits/dia443_utt6.mp4
443,7,Phoebe,surprise,"Um, Rachel I'm really sorry.  That's okay, do you wanna get back together?  Yeah, okay.  Did anyone else hear that?!",data/raw/MELD-RAW/MELD.Raw/train/train_splits/dia443_utt7.mp4
445,0,Phoebe,neutral,"I'm sorry I won't be able to make it to your imaginary wedding, but I'm",data/raw/MELD-RAW/MELD.Raw/train/train_splits/dia445_utt0.mp4
445,2,Phoebe,sadness,It's Lafite. The '74 Latour is actually drinking quite nicely.,data/raw/MELD-RAW/MELD.Raw/train/train_splits/dia445_utt2.mp4
446,0,Phoebe,surprise,"So, you're like a zillionaire?",data/raw/MELD-RAW/MELD.Raw/train/train_splits/dia446_utt0.mp4
446,1,Chandler,surprise,And you're our age. You're our age.,data/raw/MELD-RAW/MELD.Raw/train/train_splits/dia446_utt1.mp4
446,2,Phoebe,neutral,"Y'know what, you should like, you should buy a state and then just name it after yourself.",data/raw/MELD-RAW/MELD.Raw/train/train_splits/dia446_utt2.mp4
446,4,Phoebe,neutral,"Yeah, or, or, or, Mississ-Pete.",data/raw/MELD-RAW/MELD.Raw/train/train_splits/dia446_utt4.mp4
446,6,Chandler,neutral,That's not a state Joe.,data/raw/MELD-RAW/MELD.Raw/train/train_splits/dia446_utt6.mp4
446,10,Chandler,surprise,You're our age!,data/raw/MELD-RAW/MELD.Raw/train/train_splits/dia446_utt10.mp4
446,12,Monica,joy,Absolutely!,data/raw/MELD-RAW/MELD.Raw/train/train_splits/dia446_utt12.mp4
446,13,Monica,joy,Now get out of here you!!,data/raw/MELD-RAW/MELD.Raw/train/train_splits/dia446_utt13.mp4
446,14,Monica,anger,"Okay, I'm running out of places I can touch him!",data/raw/MELD-RAW/MELD.Raw/train/train_splits/dia446_utt14.mp4
446,15,Monica,sadness,"Look, is there something wrong with me?",data/raw/MELD-RAW/MELD.Raw/train/train_splits/dia446_utt15.mp4
446,16,Monica,sadness,I mean why am I only attracted to guys where there's no future?,data/raw/MELD-RAW/MELD.Raw/train/train_splits/dia446_utt16.mp4
446,17,Monica,sadness,"Either they're too old, or they're too young, and then there's Pete who's-who's crazy about me, and who's absolutely perfect for me, and there's like zip going on!",data/raw/MELD-RAW/MELD.Raw/train/train_splits/dia446_utt17.mp4
446,18,Monica,sadness,"I mean, seriously, does it sound like something's wrong with me?",data/raw/MELD-RAW/MELD.Raw/train/train_splits/dia446_utt18.mp4
447,0,Phoebe,neutral,"Okay, I'm gonna go get Frank.",data/raw/MELD-RAW/MELD.Raw/train/train_splits/dia447_utt0.mp4
448,0,Phoebe,neutral,"Yeah, I think it was better when you guys were sad. Hey, uh, remember the roller blades?",data/raw/MELD-RAW/MELD.Raw/train/train_splits/dia448_utt0.mp4
448,5,Monica,anger,"""Hi I'm Rachel, is my sweater too tight? No? Oh, I'd better wash it and shrink it!""",data/raw/MELD-RAW/MELD.Raw/train/train_splits/dia448_utt5.mp4
448,7,Phoebe,joy,Hey! I call her!,data/raw/MELD-RAW/MELD.Raw/train/train_splits/dia448_utt7.mp4
448,8,Monica,anger,"""Oh my God, I love Ross! I hate Ross! I love Ross! I hate Ross!""",data/raw/MELD-RAW/MELD.Raw/train/train_splits/dia448_utt8.mp4
448,11,Phoebe,neutral,"Yeah, we should get a move on if we wanna make those dinner reservations.",data/raw/MELD-RAW/MELD.Raw/train/train_splits/dia448_utt11.mp4
450,0,Phoebe,neutral,"I'm telling you, if you want to take care of that thing, you should go to my herbal guy.",data/raw/MELD-RAW/MELD.Raw/train/train_splits/dia450_utt0.mp4
450,2,Monica,neutral,"Y'know when girls sleep with guys with weird things on their body, they tell their friends about it.",data/raw/MELD-RAW/MELD.Raw/train/train_splits/dia450_utt2.mp4
450,5,Monica,surprise,Brides magazines?,data/raw/MELD-RAW/MELD.Raw/train/train_splits/dia450_utt5.mp4
450,7,Phoebe,sadness,"Oh, you so would! Oh, you should get that anyway.  Like for clubbing.",data/raw/MELD-RAW/MELD.Raw/train/train_splits/dia450_utt7.mp4
450,8,Monica,surprise,"It is so weird, I know what I said, but uh, this morning, I was lying in bed I was, I was imagining what it would be like to say yes.",data/raw/MELD-RAW/MELD.Raw/train/train_splits/dia450_utt8.mp4
450,9,Monica,joy,"I know it's a little sudden, and it's a little rushed, and it's totally not like me to do something like this, but that doesn't mean I can't.",data/raw/MELD-RAW/MELD.Raw/train/train_splits/dia450_utt9.mp4
450,10,Monica,joy,Right?,data/raw/MELD-RAW/MELD.Raw/train/train_splits/dia450_utt10.mp4
450,11,Monica,joy,"I mean I'm-I'm crazy about Pete, and I know that we want the same things, and when I thought about saying yes, it made me really happy.",data/raw/MELD-RAW/MELD.Raw/train/train_splits/dia450_utt11.mp4
450,13,Monica,neutral,I know.  I need more pie.,data/raw/MELD-RAW/MELD.Raw/train/train_splits/dia450_utt13.mp4
450,14,Phoebe,neutral,"Hey Mon umm, if you do get married, can I bring two guests?",data/raw/MELD-RAW/MELD.Raw/train/train_splits/dia450_utt14.mp4
450,16,Phoebe,neutral,"No, that was my way of telling you.",data/raw/MELD-RAW/MELD.Raw/train/train_splits/dia450_utt16.mp4
450,17,Phoebe,neutral,"Well, it turns out he's incredibly sensitive, he keeps a journal and he paints.",data/raw/MELD-RAW/MELD.Raw/train/train_splits/dia450_utt17.mp4
450,18,Phoebe,neutral,He even showed me charcoal drawings that he drew of me.,data/raw/MELD-RAW/MELD.Raw/train/train_splits/dia450_utt18.mp4
450,20,Phoebe,neutral,"Yeah, well he'd prefer water colors, but y'know, he has easy access to a lot of charcoal.",data/raw/MELD-RAW/MELD.Raw/train/train_splits/dia450_utt20.mp4
450,21,Monica,neutral,"So then, are you going to dump Jason?",data/raw/MELD-RAW/MELD.Raw/train/train_splits/dia450_utt21.mp4
450,22,Phoebe,neutral,"Well, yeah, because I have to break up with someone, and Okay so Jason is sensitive,  but now so's Vince  Plus, Vince has the body y'know?",data/raw/MELD-RAW/MELD.Raw/train/train_splits/dia450_utt22.mp4
450,23,Phoebe,neutral,So It's really just about the math.,data/raw/MELD-RAW/MELD.Raw/train/train_splits/dia450_utt23.mp4
451,1,Chandler,anger,"Ok, look! Enough is enough!",data/raw/MELD-RAW/MELD.Raw/train/train_splits/dia451_utt1.mp4
451,2,Monica,joy,"No, I have just to have two more points to beat him!",data/raw/MELD-RAW/MELD.Raw/train/train_splits/dia451_utt2.mp4
451,3,Chandler,neutral,"Monica, that was also true an",data/raw/MELD-RAW/MELD.Raw/train/train_splits/dia451_utt3.mp4
451,4,Monica,anger,I can't just walk away! I've put in four hours!,data/raw/MELD-RAW/MELD.Raw/train/train_splits/dia451_utt4.mp4
451,5,Monica,neutral,You knew this about me when you married me!,data/raw/MELD-RAW/MELD.Raw/train/train_splits/dia451_utt5.mp4
451,6,Monica,neutral,You agreed to take me in sickness and in health.,data/raw/MELD-RAW/MELD.Raw/train/train_splits/dia451_utt6.mp4
451,7,Monica,anger,"Well, this is my sickness!",data/raw/MELD-RAW/MELD.Raw/train/train_splits/dia451_utt7.mp4
453,0,Chandler,surprise,I can't believe there is a naked hooker in there!,data/raw/MELD-RAW/MELD.Raw/train/train_splits/dia453_utt0.mp4
454,0,Phoebe,neutral,"Yeah, okay let's leave these two alone.",data/raw/MELD-RAW/MELD.Raw/train/train_splits/dia454_utt0.mp4
454,2,Phoebe,anger,Fine! Then you tell Roger because he was really looking forward to this!,data/raw/MELD-RAW/MELD.Raw/train/train_splits/dia454_utt2.mp4
456,0,Phoebe,joy,"Chandler, I found the perfect ring.",data/raw/MELD-RAW/MELD.Raw/train/train_splits/dia456_utt0.mp4
456,1,Chandler,neutral,"Oh, that's uh, that's pretty nice but I'm gonna go with the one I picked first.",data/raw/MELD-RAW/MELD.Raw/train/train_splits/dia456_utt1.mp4
456,2,Phoebe,anger,"Oh my God Chandler, the one you picked is gone. It's over!",data/raw/MELD-RAW/MELD.Raw/train/train_splits/dia456_utt2.mp4
456,3,Chandler,surprise,What?,data/raw/MELD-RAW/MELD.Raw/train/train_splits/dia456_utt3.mp4
456,4,Phoebe,sadness,Some guy bought it. I'm sorry. I tired to stop it but they  put me in jail!,data/raw/MELD-RAW/MELD.Raw/train/train_splits/dia456_utt4.mp4
456,5,Chandler,surprise,They put you in jail?,data/raw/MELD-RAW/MELD.Raw/train/train_splits/dia456_utt5.mp4
456,6,Phoebe,anger,The little jail between the doors!,data/raw/MELD-RAW/MELD.Raw/train/train_splits/dia456_utt6.mp4
456,7,Chandler,anger,"Phoebe, I asked you to guard the ring!",data/raw/MELD-RAW/MELD.Raw/train/train_splits/dia456_utt7.mp4
456,8,Phoebe,anger,"I know, I'm sorry! But y'know, this ring is better! Monica never even saw the other ring.",data/raw/MELD-RAW/MELD.Raw/train/train_splits/dia456_utt8.mp4
456,9,Chandler,sadness,Yeah but when he proposed to me with the ring I got goose bumps.,data/raw/MELD-RAW/MELD.Raw/train/train_splits/dia456_utt9.mp4
456,10,Phoebe,neutral,Maybe it was the guy.,data/raw/MELD-RAW/MELD.Raw/train/train_splits/dia456_utt10.mp4
456,11,Chandler,anger,It was the ring!,data/raw/MELD-RAW/MELD.Raw/train/train_splits/dia456_utt11.mp4
459,0,Monica,neutral,Oh that's an eye removal machine.,data/raw/MELD-RAW/MELD.Raw/train/train_splits/dia459_utt0.mp4
459,2,Monica,joy,I'm kidding! I'm kidding!,data/raw/MELD-RAW/MELD.Raw/train/train_splits/dia459_utt2.mp4
459,11,Monica,anger,"A small puff of air, now come on!",data/raw/MELD-RAW/MELD.Raw/train/train_splits/dia459_utt11.mp4
460,1,Phoebe,neutral,"No, we can go together! Just don't wait too long though, okay? Cause I'm outta here sometime before Friday.",data/raw/MELD-RAW/MELD.Raw/train/train_splits/dia460_utt1.mp4
460,3,Phoebe,joy,"No-no, it'll be fun! We can come back and we can haunt these guys!",data/raw/MELD-RAW/MELD.Raw/train/train_splits/dia460_utt3.mp4
461,0,Phoebe,neutral,"Um, Chandler, Ross, this is Robert.",data/raw/MELD-RAW/MELD.Raw/train/train_splits/dia461_utt0.mp4
461,1,Chandler,neutral,"Oh, hey.",data/raw/MELD-RAW/MELD.Raw/train/train_splits/dia461_utt1.mp4
461,3,Phoebe,neutral,"You've have lipstick right here . That's okay, it's mine, we just kissed.",data/raw/MELD-RAW/MELD.Raw/train/train_splits/dia461_utt3.mp4
462,0,Chandler,surprise,Hey!,data/raw/MELD-RAW/MELD.Raw/train/train_splits/dia462_utt0.mp4
462,6,Chandler,surprise,You're building a post office?,data/raw/MELD-RAW/MELD.Raw/train/train_splits/dia462_utt6.mp4
462,8,Chandler,surprise,Okay.  My word! Those are snug.,data/raw/MELD-RAW/MELD.Raw/train/train_splits/dia462_utt8.mp4
463,1,Chandler,anger,Another cheesecake came! They delivered it to the wrong address again!,data/raw/MELD-RAW/MELD.Raw/train/train_splits/dia463_utt1.mp4
463,3,Chandler,sadness,I can't seem to say goodbye.,data/raw/MELD-RAW/MELD.Raw/train/train_splits/dia463_utt3.mp4
463,5,Chandler,anger,Well I've forgotten what it tastes like okay?!,data/raw/MELD-RAW/MELD.Raw/train/train_splits/dia463_utt5.mp4
463,10,Chandler,anger,Y'know what? Forget it!,data/raw/MELD-RAW/MELD.Raw/train/train_splits/dia463_utt10.mp4
463,12,Chandler,neutral,Good idea. Where do you want to go to lunch?,data/raw/MELD-RAW/MELD.Raw/train/train_splits/dia463_utt12.mp4
464,6,Chandler,joy,"Okay, open ours next. Open ours next!",data/raw/MELD-RAW/MELD.Raw/train/train_splits/dia464_utt6.mp4
464,9,Chandler,neutral,For my last birthday you gave me a,data/raw/MELD-RAW/MELD.Raw/train/train_splits/dia464_utt9.mp4
464,15,Chandler,surprise,No-no-no-no! That was the joke!,data/raw/MELD-RAW/MELD.Raw/train/train_splits/dia464_utt15.mp4
464,17,Chandler,sadness,"No, because you're not a grandmother!",data/raw/MELD-RAW/MELD.Raw/train/train_splits/dia464_utt17.mp4
464,20,Monica,anger,All you had to do was buy the card!,data/raw/MELD-RAW/MELD.Raw/train/train_splits/dia464_utt20.mp4
465,0,Phoebe,neutral,"Hey, Joey. What's going on?",data/raw/MELD-RAW/MELD.Raw/train/train_splits/dia465_utt0.mp4
465,2,Monica,disgust,Joey!! What the hell were you doing?!,data/raw/MELD-RAW/MELD.Raw/train/train_splits/dia465_utt2.mp4
465,4,Monica,neutral,"Hello, Joey.",data/raw/MELD-RAW/MELD.Raw/train/train_splits/dia465_utt4.mp4
466,1,Chandler,joy,"I think it's great. Y'know, it's sweet, it's romantic...",data/raw/MELD-RAW/MELD.Raw/train/train_splits/dia466_utt1.mp4
466,3,Chandler,disgust,"No, you kidding? The guy's a freak..",data/raw/MELD-RAW/MELD.Raw/train/train_splits/dia466_utt3.mp4
466,6,Chandler,joy,"Oh, I thought you were great in Silence of the Lambs. Oh come on, admit it! All things considered, you had fun tonight.",data/raw/MELD-RAW/MELD.Raw/train/train_splits/dia466_utt6.mp4
466,10,Chandler,neutral,"You gotta do it, man.",data/raw/MELD-RAW/MELD.Raw/train/train_splits/dia466_utt10.mp4
467,1,Monica,neutral,What for?,data/raw/MELD-RAW/MELD.Raw/train/train_splits/dia467_utt1.mp4
468,0,Phoebe,neutral,"Oh, I told the stripper to be here at five. That's good right?",data/raw/MELD-RAW/MELD.Raw/train/train_splits/dia468_utt0.mp4
468,1,Monica,anger,You ordered a stripper for the shower?! That is totally inappropriate!,data/raw/MELD-RAW/MELD.Raw/train/train_splits/dia468_utt1.mp4
468,2,Phoebe,surprise,What? He's gonna be dressed as a baby!  Oh hi Mrs. Green!,data/raw/MELD-RAW/MELD.Raw/train/train_splits/dia468_utt2.mp4
468,3,Monica,joy,Hi!,data/raw/MELD-RAW/MELD.Raw/train/train_splits/dia468_utt3.mp4
468,4,Phoebe,joy,I'm so glad you could make it.,data/raw/MELD-RAW/MELD.Raw/train/train_splits/dia468_utt4.mp4
468,5,Monica,joy,"Yes, thank you so much. And again, we're so sorry. We could not feel worse about it.",data/raw/MELD-RAW/MELD.Raw/train/train_splits/dia468_utt5.mp4
468,7,Monica,neutral,She's still mad.,data/raw/MELD-RAW/MELD.Raw/train/train_splits/dia468_utt7.mp4
468,8,Phoebe,joy,Yeah I know. Isn't it great? One less person we have to make small talk with.,data/raw/MELD-RAW/MELD.Raw/train/train_splits/dia468_utt8.mp4
468,9,Monica,surprise,"Phoebe, Sandra's mad at you too. It-it doesn't bother you?",data/raw/MELD-RAW/MELD.Raw/train/train_splits/dia468_utt9.mp4
473,0,Monica,neutral,Try feeding her again.,data/raw/MELD-RAW/MELD.Raw/train/train_splits/dia473_utt0.mp4
473,2,Monica,anger,"I know, that’s why I said again!",data/raw/MELD-RAW/MELD.Raw/train/train_splits/dia473_utt2.mp4
473,3,Phoebe,fear,"Alright you guys, we can’t turn on each other, Okay?   That’s just what she wants.",data/raw/MELD-RAW/MELD.Raw/train/train_splits/dia473_utt3.mp4
473,4,Chandler,neutral,Hey.,data/raw/MELD-RAW/MELD.Raw/train/train_splits/dia473_utt4.mp4
474,0,Monica,joy,Phoebe! Rachel! It's Monica! I wonder what you could possibly need me for on such short notice!  Oh.,data/raw/MELD-RAW/MELD.Raw/train/train_splits/dia474_utt0.mp4
474,2,Monica,joy,For what?,data/raw/MELD-RAW/MELD.Raw/train/train_splits/dia474_utt2.mp4
474,4,Phoebe,neutral,And then for forgetting to invite you to it.,data/raw/MELD-RAW/MELD.Raw/train/train_splits/dia474_utt4.mp4
474,5,Monica,surprise,You al-you already had it?,data/raw/MELD-RAW/MELD.Raw/train/train_splits/dia474_utt5.mp4
474,6,Phoebe,neutral,"Well, we called everyone in your phone book and a bunch of people came, but it took us so long to get you here that they-they had to leave.",data/raw/MELD-RAW/MELD.Raw/train/train_splits/dia474_utt6.mp4
474,8,Phoebe,sadness,We ruined everything.,data/raw/MELD-RAW/MELD.Raw/train/train_splits/dia474_utt8.mp4
474,10,Monica,sadness,"Well no, wait a minute, that's not true!",data/raw/MELD-RAW/MELD.Raw/train/train_splits/dia474_utt10.mp4
474,11,Monica,joy,"No, what did, that was really sweet.",data/raw/MELD-RAW/MELD.Raw/train/train_splits/dia474_utt11.mp4
474,12,Monica,joy,And it kinda works out for the best.,data/raw/MELD-RAW/MELD.Raw/train/train_splits/dia474_utt12.mp4
474,14,Monica,joy,"Well now, I get to spend my shower with the only people I really love!",data/raw/MELD-RAW/MELD.Raw/train/train_splits/dia474_utt14.mp4
474,15,Monica,joy,"I mean, I get all those presents  without having to talk to people I don't even like!",data/raw/MELD-RAW/MELD.Raw/train/train_splits/dia474_utt15.mp4
475,0,Monica,anger,"I can't believe it's raining again! Oh, it's so unfair!!!",data/raw/MELD-RAW/MELD.Raw/train/train_splits/dia475_utt0.mp4
475,1,Phoebe,neutral,"Well, on the bright side, now you won't have to see all these paleontologists with their shirts off.",data/raw/MELD-RAW/MELD.Raw/train/train_splits/dia475_utt1.mp4
475,2,Phoebe,neutral,Not you guys.,data/raw/MELD-RAW/MELD.Raw/train/train_splits/dia475_utt2.mp4
475,3,Phoebe,joy,You got it going on!,data/raw/MELD-RAW/MELD.Raw/train/train_splits/dia475_utt3.mp4
475,4,Monica,neutral,"So, what are we gonna do today?",data/raw/MELD-RAW/MELD.Raw/train/train_splits/dia475_utt4.mp4
475,6,Monica,surprise,"Ping pong?  Honey, they have ping pong! Let's play!",data/raw/MELD-RAW/MELD.Raw/train/train_splits/dia475_utt6.mp4
475,7,Chandler,joy,I don't think so!,data/raw/MELD-RAW/MELD.Raw/train/train_splits/dia475_utt7.mp4
475,8,Monica,neutral,Why not?,data/raw/MELD-RAW/MELD.Raw/train/train_splits/dia475_utt8.mp4
475,9,Chandler,neutral,"Because you know how competitive you get and well, I say it's cute, others disagree, and I'm lying!",data/raw/MELD-RAW/MELD.Raw/train/train_splits/dia475_utt9.mp4
475,10,Monica,neutral,I'm not always that bad!,data/raw/MELD-RAW/MELD.Raw/train/train_splits/dia475_utt10.mp4
475,11,Chandler,neutral,"Oh,",data/raw/MELD-RAW/MELD.Raw/train/train_splits/dia475_utt11.mp4
475,12,Monica,surprise,I punched you...?,data/raw/MELD-RAW/MELD.Raw/train/train_splits/dia475_utt12.mp4
475,13,Chandler,surprise,And...?,data/raw/MELD-RAW/MELD.Raw/train/train_splits/dia475_utt13.mp4
475,14,Monica,surprise,... Phoebe...?,data/raw/MELD-RAW/MELD.Raw/train/train_splits/dia475_utt14.mp4
475,15,Phoebe,neutral,... and...?,data/raw/MELD-RAW/MELD.Raw/train/train_splits/dia475_utt15.mp4
475,16,Monica,neutral,I clunked your heads together!,data/raw/MELD-RAW/MELD.Raw/train/train_splits/dia475_utt16.mp4
476,1,Monica,neutral,"Oh, that's okay. By the way, I was just checking the shower massager.",data/raw/MELD-RAW/MELD.Raw/train/train_splits/dia476_utt1.mp4
476,3,Phoebe,surprise,Hey!,data/raw/MELD-RAW/MELD.Raw/train/train_splits/dia476_utt3.mp4
476,4,Monica,sadness,I tried to reach you at work. There's....been a fire.,data/raw/MELD-RAW/MELD.Raw/train/train_splits/dia476_utt4.mp4
476,5,Phoebe,surprise,What?! Oh my...  Oh my God!! What happened?!,data/raw/MELD-RAW/MELD.Raw/train/train_splits/dia476_utt5.mp4
476,7,Phoebe,fear,All right. Did everyone get out okay?,data/raw/MELD-RAW/MELD.Raw/train/train_splits/dia476_utt7.mp4
476,8,Monica,neutral,"Well, the giraffe's okay. And so is the pirate.",data/raw/MELD-RAW/MELD.Raw/train/train_splits/dia476_utt8.mp4
476,9,Phoebe,surprise,Ohh. What is this?,data/raw/MELD-RAW/MELD.Raw/train/train_splits/dia476_utt9.mp4
476,11,Phoebe,sadness,"Ohh, the-the Foster puppets!",data/raw/MELD-RAW/MELD.Raw/train/train_splits/dia476_utt11.mp4
477,1,Monica,neutral,"Oh, about five minutes. Right now they're interviewing his opponent. Apparently he trains by going to Iran and pulling the arms off thieves.",data/raw/MELD-RAW/MELD.Raw/train/train_splits/dia477_utt1.mp4
477,3,Monica,fear,"Four, please.  I'm really nervous.  Thank you.",data/raw/MELD-RAW/MELD.Raw/train/train_splits/dia477_utt3.mp4
477,4,Phoebe,neutral,"So Ross, how umm, how did it go with Bonnie?",data/raw/MELD-RAW/MELD.Raw/train/train_splits/dia477_utt4.mp4
477,6,Phoebe,sadness,"Ohh, that's too bad!",data/raw/MELD-RAW/MELD.Raw/train/train_splits/dia477_utt6.mp4
477,8,Phoebe,neutral,"Yeah, y'know what, there are other fish in the sea.",data/raw/MELD-RAW/MELD.Raw/train/train_splits/dia477_utt8.mp4
477,10,Phoebe,disgust,"Okay, I hear you! Are you capable of talking about any thing else?",data/raw/MELD-RAW/MELD.Raw/train/train_splits/dia477_utt10.mp4
477,11,Chandler,neutral,Hey! Which one's my turkey burger?,data/raw/MELD-RAW/MELD.Raw/train/train_splits/dia477_utt11.mp4
477,15,Chandler,anger,Nine times!,data/raw/MELD-RAW/MELD.Raw/train/train_splits/dia477_utt15.mp4
477,16,Chandler,neutral,"Okay, I had to put on lotion!",data/raw/MELD-RAW/MELD.Raw/train/train_splits/dia477_utt16.mp4
477,17,Chandler,neutral,"But, it's gonna be okay, because as of tomorrow I'm conducting an experiment, and if all goes as planned, my butt will be smack free.",data/raw/MELD-RAW/MELD.Raw/train/train_splits/dia477_utt17.mp4
478,0,Chandler,neutral,"Okay, okay, here she comes!  How do I look? Do I look like a guy who doesn't want to get married?",data/raw/MELD-RAW/MELD.Raw/train/train_splits/dia478_utt0.mp4
478,2,Monica,joy,Hi guys!,data/raw/MELD-RAW/MELD.Raw/train/train_splits/dia478_utt2.mp4
478,4,Monica,neutral,What are you up too?,data/raw/MELD-RAW/MELD.Raw/train/train_splits/dia478_utt4.mp4
478,5,Chandler,neutral,"Oh, just hanging out, talkin' about uh, websites.",data/raw/MELD-RAW/MELD.Raw/train/train_splits/dia478_utt5.mp4
478,6,Chandler,neutral,"Yeah, we saw this really interesting website about marriage and how totally unnecessary it is and how its just a way for the government to keep tabs on you.",data/raw/MELD-RAW/MELD.Raw/train/train_splits/dia478_utt6.mp4
478,8,Monica,neutral,Well that's a little crazy. Although I am y'know glad to hear that you're branching out on what you look at on the Internet.,data/raw/MELD-RAW/MELD.Raw/train/train_splits/dia478_utt8.mp4
478,9,Chandler,neutral,"Yeah, well Y'know, it just got me thinking though, why would anybody ever want to get married huh?",data/raw/MELD-RAW/MELD.Raw/train/train_splits/dia478_utt9.mp4
478,10,Monica,anger,Why?! To celebrate your relationship! To solidify your commitment! To declare your love for one another to the world!,data/raw/MELD-RAW/MELD.Raw/train/train_splits/dia478_utt10.mp4
478,11,Chandler,neutral,Eh,data/raw/MELD-RAW/MELD.Raw/train/train_splits/dia478_utt11.mp4
478,12,Monica,sadness,Okay well that's good to know.,data/raw/MELD-RAW/MELD.Raw/train/train_splits/dia478_utt12.mp4
479,0,Chandler,joy,"Oh that's great, my friend Joey's in the movie business.",data/raw/MELD-RAW/MELD.Raw/train/train_splits/dia479_utt0.mp4
479,2,Chandler,neutral,My friend's name is Joey.,data/raw/MELD-RAW/MELD.Raw/train/train_splits/dia479_utt2.mp4
479,7,Chandler,disgust,"Yeah, I've always hated that Howie.",data/raw/MELD-RAW/MELD.Raw/train/train_splits/dia479_utt7.mp4
479,9,Chandler,disgust,The nerve huh?,data/raw/MELD-RAW/MELD.Raw/train/train_splits/dia479_utt9.mp4
479,11,Chandler,neutral,Refill?,data/raw/MELD-RAW/MELD.Raw/train/train_splits/dia479_utt11.mp4
481,0,Monica,surprise,You wanna fool around with Joey?,data/raw/MELD-RAW/MELD.Raw/train/train_splits/dia481_utt0.mp4
481,4,Monica,surprise,Who? Who do you know that are friends that just fool around?,data/raw/MELD-RAW/MELD.Raw/train/train_splits/dia481_utt4.mp4
481,6,Monica,neutral,"Who, who are they?",data/raw/MELD-RAW/MELD.Raw/train/train_splits/dia481_utt6.mp4
481,8,Monica,surprise,Both of them?,data/raw/MELD-RAW/MELD.Raw/train/train_splits/dia481_utt8.mp4
481,10,Monica,neutral,Which one?,data/raw/MELD-RAW/MELD.Raw/train/train_splits/dia481_utt10.mp4
481,12,Monica,anger,"Rachel, things can get incredibly complicated.",data/raw/MELD-RAW/MELD.Raw/train/train_splits/dia481_utt12.mp4
481,14,Monica,surprise,What the hell are you cooking!,data/raw/MELD-RAW/MELD.Raw/train/train_splits/dia481_utt14.mp4
482,0,Phoebe,surprise,Oh my God! How did you get back here?!,data/raw/MELD-RAW/MELD.Raw/train/train_splits/dia482_utt0.mp4
482,1,Phoebe,surprise,"Fire alarm?  Oh! Hi, officerfireman, can-can I help you?",data/raw/MELD-RAW/MELD.Raw/train/train_splits/dia482_utt1.mp4
482,3,Phoebe,neutral,That's not mine.,data/raw/MELD-RAW/MELD.Raw/train/train_splits/dia482_utt3.mp4
482,5,Phoebe,fear,How do you know?,data/raw/MELD-RAW/MELD.Raw/train/train_splits/dia482_utt5.mp4
482,7,Phoebe,anger,"Okay do youOkay, do you have a search warrant? Because the last time I checked this was still America!",data/raw/MELD-RAW/MELD.Raw/train/train_splits/dia482_utt7.mp4
482,9,Phoebe,anger,Fine!  But please God.. tell me how to stop them from going off!,data/raw/MELD-RAW/MELD.Raw/train/train_splits/dia482_utt9.mp4
482,11,Phoebe,surprise,There's a reset button?!,data/raw/MELD-RAW/MELD.Raw/train/train_splits/dia482_utt11.mp4
482,12,Phoebe,surprise,My God!,data/raw/MELD-RAW/MELD.Raw/train/train_splits/dia482_utt12.mp4
482,13,Phoebe,surprise,Why didn't I see that!,data/raw/MELD-RAW/MELD.Raw/train/train_splits/dia482_utt13.mp4
482,14,Phoebe,neutral,"Reset button, reset button, where is there a reset button?",data/raw/MELD-RAW/MELD.Raw/train/train_splits/dia482_utt14.mp4
482,15,Phoebe,joy,Oh here it is!,data/raw/MELD-RAW/MELD.Raw/train/train_splits/dia482_utt15.mp4
482,16,Phoebe,surprise,Oh!,data/raw/MELD-RAW/MELD.Raw/train/train_splits/dia482_utt16.mp4
482,17,Phoebe,joy,"Ohh, God!",data/raw/MELD-RAW/MELD.Raw/train/train_splits/dia482_utt17.mp4
483,1,Chandler,anger,"Ring dammit, ring!",data/raw/MELD-RAW/MELD.Raw/train/train_splits/dia483_utt1.mp4
483,4,Chandler,surprise,What?!,data/raw/MELD-RAW/MELD.Raw/train/train_splits/dia483_utt4.mp4
483,6,Chandler,anger,"I turned it off. Mother of God, I turned it off!",data/raw/MELD-RAW/MELD.Raw/train/train_splits/dia483_utt6.mp4
483,7,Monica,neutral,Just like you told her you did!  ... Just pointing out the irony.,data/raw/MELD-RAW/MELD.Raw/train/train_splits/dia483_utt7.mp4
483,12,Phoebe,neutral,Radiator.,data/raw/MELD-RAW/MELD.Raw/train/train_splits/dia483_utt12.mp4
483,14,Phoebe,neutral,Rdtor.,data/raw/MELD-RAW/MELD.Raw/train/train_splits/dia483_utt14.mp4
486,0,Chandler,neutral,Hey.,data/raw/MELD-RAW/MELD.Raw/train/train_splits/dia486_utt0.mp4
486,2,Chandler,neutral,"Yes, you got something from the Screen Actor's Guild.",data/raw/MELD-RAW/MELD.Raw/train/train_splits/dia486_utt2.mp4
486,4,Chandler,neutral,"""Benefits lapsed.""",data/raw/MELD-RAW/MELD.Raw/train/train_splits/dia486_utt4.mp4
486,6,Chandler,neutral,"Okay, it's not a check. They're saying your health insurance expired because, you didn't work enough last year.",data/raw/MELD-RAW/MELD.Raw/train/train_splits/dia486_utt6.mp4
486,8,Chandler,neutral,All right.,data/raw/MELD-RAW/MELD.Raw/train/train_splits/dia486_utt8.mp4
486,14,Chandler,sadness,"I'm sorry man, there's never a good time to  stop catching on fire.",data/raw/MELD-RAW/MELD.Raw/train/train_splits/dia486_utt14.mp4
486,16,Chandler,neutral,"Okay, make sure you look both ways before you cross the street.",data/raw/MELD-RAW/MELD.Raw/train/train_splits/dia486_utt16.mp4
487,0,Monica,surprise,I can't believe Phoebe's gonna have her babies!,data/raw/MELD-RAW/MELD.Raw/train/train_splits/dia487_utt0.mp4
488,0,Chandler,joy,"I know, it's beautiful. Amazing.",data/raw/MELD-RAW/MELD.Raw/train/train_splits/dia488_utt0.mp4
488,1,Chandler,neutral,"I had to kiss Phoebe and Rachel every time I left a room, I mean it's too bad they didn't see us having sex.",data/raw/MELD-RAW/MELD.Raw/train/train_splits/dia488_utt1.mp4
488,2,Monica,neutral,Do you know anything about women?,data/raw/MELD-RAW/MELD.Raw/train/train_splits/dia488_utt2.mp4
488,3,Chandler,neutral,No.,data/raw/MELD-RAW/MELD.Raw/train/train_splits/dia488_utt3.mp4
488,4,Monica,neutral,That's all right.,data/raw/MELD-RAW/MELD.Raw/train/train_splits/dia488_utt4.mp4
488,5,Chandler,neutral,Okay.,data/raw/MELD-RAW/MELD.Raw/train/train_splits/dia488_utt5.mp4
489,2,Monica,neutral,Hi.,data/raw/MELD-RAW/MELD.Raw/train/train_splits/dia489_utt2.mp4
490,0,Monica,neutral,"Oh, y'know..",data/raw/MELD-RAW/MELD.Raw/train/train_splits/dia490_utt0.mp4
491,0,Phoebe,neutral,Did he mention us?,data/raw/MELD-RAW/MELD.Raw/train/train_splits/dia491_utt0.mp4
491,1,Monica,sadness,He said he's really gonna miss you guys.,data/raw/MELD-RAW/MELD.Raw/train/train_splits/dia491_utt1.mp4
492,0,Monica,joy,...love you.,data/raw/MELD-RAW/MELD.Raw/train/train_splits/dia492_utt0.mp4
493,1,Monica,surprise,Still crying?,data/raw/MELD-RAW/MELD.Raw/train/train_splits/dia493_utt1.mp4
493,3,Monica,neutral,"Y'know, I only know of two surefire ways to shut a man up. And one of them is sex.",data/raw/MELD-RAW/MELD.Raw/train/train_splits/dia493_utt3.mp4
493,5,Monica,neutral,"I don't know, I've never had to use the other one.",data/raw/MELD-RAW/MELD.Raw/train/train_splits/dia493_utt5.mp4
493,6,Monica,neutral,"I'm just saying y'know, if we're having sex, he's not gonna be talking.",data/raw/MELD-RAW/MELD.Raw/train/train_splits/dia493_utt6.mp4
493,11,Monica,neutral,"Oh, we have some",data/raw/MELD-RAW/MELD.Raw/train/train_splits/dia493_utt11.mp4
494,0,Phoebe,neutral,"Okay, yeah.  Triple A can pick us up.",data/raw/MELD-RAW/MELD.Raw/train/train_splits/dia494_utt0.mp4
495,0,Phoebe,neutral,"Yeah, what town are we near?",data/raw/MELD-RAW/MELD.Raw/train/train_splits/dia495_utt0.mp4
495,1,Monica,neutral,"Freemont. West-Westmont, ah Westburg?",data/raw/MELD-RAW/MELD.Raw/train/train_splits/dia495_utt1.mp4
495,2,Phoebe,anger,Then why are you answering? Do you at least know what route we're on?,data/raw/MELD-RAW/MELD.Raw/train/train_splits/dia495_utt2.mp4
496,1,Phoebe,neutral,"Okay.  We are at a rest stop on Route 27. Okay.  There is no Route 27.   Okay, either 93 or 76?",data/raw/MELD-RAW/MELD.Raw/train/train_splits/dia496_utt1.mp4
496,3,Phoebe,neutral,"Hey, can you send somebody up and down 76 and check every rest stop, and, and also 93?",data/raw/MELD-RAW/MELD.Raw/train/train_splits/dia496_utt3.mp4
496,4,Phoebe,neutral,Okay!,data/raw/MELD-RAW/MELD.Raw/train/train_splits/dia496_utt4.mp4
496,5,Phoebe,neutral,"Yeah, no they don't do that.",data/raw/MELD-RAW/MELD.Raw/train/train_splits/dia496_utt5.mp4
496,7,Monica,anger,Who?,data/raw/MELD-RAW/MELD.Raw/train/train_splits/dia496_utt7.mp4
496,8,Monica,fear,I mean have you seen a car come by here in the last hour and a half?,data/raw/MELD-RAW/MELD.Raw/train/train_splits/dia496_utt8.mp4
496,9,Monica,neutral,"I think we should call Ross, maybe he can get a car and come pick us up.",data/raw/MELD-RAW/MELD.Raw/train/train_splits/dia496_utt9.mp4
496,11,Phoebe,fear,But if...,data/raw/MELD-RAW/MELD.Raw/train/train_splits/dia496_utt11.mp4
496,13,Phoebe,joy,"Oh good, oh Joey and Chandler are back.",data/raw/MELD-RAW/MELD.Raw/train/train_splits/dia496_utt13.mp4
496,14,Monica,neutral,So the going for help went well?,data/raw/MELD-RAW/MELD.Raw/train/train_splits/dia496_utt14.mp4
497,1,Chandler,anger,"Yeah, well, you're wrong! Okay, you're wrong.",data/raw/MELD-RAW/MELD.Raw/train/train_splits/dia497_utt1.mp4
498,0,Monica,neutral,I know.,data/raw/MELD-RAW/MELD.Raw/train/train_splits/dia498_utt0.mp4
498,1,Monica,neutral,Let's try a lookof far offwonderment.,data/raw/MELD-RAW/MELD.Raw/train/train_splits/dia498_utt1.mp4
498,2,Monica,joy,"Okay, we'll-we'll gaze into our future and we'll think about our marriage and the days to come.",data/raw/MELD-RAW/MELD.Raw/train/train_splits/dia498_utt2.mp4
498,3,Monica,surprise,Chandler!,data/raw/MELD-RAW/MELD.Raw/train/train_splits/dia498_utt3.mp4
498,4,Monica,surprise,What is the matter with your face?!,data/raw/MELD-RAW/MELD.Raw/train/train_splits/dia498_utt4.mp4
498,5,Monica,anger,"I mean this picture is supposed to say ""Geller and Bing to be married,"" not ""Local woman saves drowning moron!""",data/raw/MELD-RAW/MELD.Raw/train/train_splits/dia498_utt5.mp4
498,6,Monica,anger,Hey!,data/raw/MELD-RAW/MELD.Raw/train/train_splits/dia498_utt6.mp4
498,7,Monica,anger,Don't laugh at him!,data/raw/MELD-RAW/MELD.Raw/train/train_splits/dia498_utt7.mp4
498,8,Monica,neutral,He's,data/raw/MELD-RAW/MELD.Raw/train/train_splits/dia498_utt8.mp4
499,1,Phoebe,joy,Definitely!,data/raw/MELD-RAW/MELD.Raw/train/train_splits/dia499_utt1.mp4
499,5,Phoebe,neutral,What do you mean?,data/raw/MELD-RAW/MELD.Raw/train/train_splits/dia499_utt5.mp4
499,7,Phoebe,neutral,You mean a backup?,data/raw/MELD-RAW/MELD.Raw/train/train_splits/dia499_utt7.mp4
499,9,Phoebe,neutral,"Yeah, yeah I got that.",data/raw/MELD-RAW/MELD.Raw/train/train_splits/dia499_utt9.mp4
499,11,Phoebe,neutral,Hm-mmm,data/raw/MELD-RAW/MELD.Raw/train/train_splits/dia499_utt11.mp4
499,15,Phoebe,joy,Yeah!,data/raw/MELD-RAW/MELD.Raw/train/train_splits/dia499_utt15.mp4
499,17,Phoebe,joy,"Yeah, I locked him years ago!",data/raw/MELD-RAW/MELD.Raw/train/train_splits/dia499_utt17.mp4
499,19,Phoebe,neutral,"Yep, we shook on it. Yeah but believe me that is not how he wanted to seal the deal.",data/raw/MELD-RAW/MELD.Raw/train/train_splits/dia499_utt19.mp4
500,0,Chandler,neutral,"Yeah, I'm sorry man.  You wanna go watch?",data/raw/MELD-RAW/MELD.Raw/train/train_splits/dia500_utt0.mp4
502,0,Monica,joy,"Phoebe, we are so proud of you! You're amazing!",data/raw/MELD-RAW/MELD.Raw/train/train_splits/dia502_utt0.mp4
502,1,Phoebe,neutral,I know.,data/raw/MELD-RAW/MELD.Raw/train/train_splits/dia502_utt1.mp4
503,0,Monica,surprise,What did you just say?,data/raw/MELD-RAW/MELD.Raw/train/train_splits/dia503_utt0.mp4
503,1,Chandler,joy,You roll another hard eight and we get married here tonight.,data/raw/MELD-RAW/MELD.Raw/train/train_splits/dia503_utt1.mp4
503,2,Monica,surprise,Are you serious?!,data/raw/MELD-RAW/MELD.Raw/train/train_splits/dia503_utt2.mp4
503,3,Chandler,joy,Yes! I love you! I've never loved anybody as much as I love you.,data/raw/MELD-RAW/MELD.Raw/train/train_splits/dia503_utt3.mp4
503,4,Monica,joy,I've never loved anybody as much as I love you.,data/raw/MELD-RAW/MELD.Raw/train/train_splits/dia503_utt4.mp4
503,5,Chandler,joy,"Okay, so if an eight comes up, we take it as a sign and we do it!",data/raw/MELD-RAW/MELD.Raw/train/train_splits/dia503_utt5.mp4
503,6,Chandler,neutral,What do you say?,data/raw/MELD-RAW/MELD.Raw/train/train_splits/dia503_utt6.mp4
503,7,Monica,joy,Okay!,data/raw/MELD-RAW/MELD.Raw/train/train_splits/dia503_utt7.mp4
503,8,Chandler,joy,Okay! Come on! Let's go! All right!,data/raw/MELD-RAW/MELD.Raw/train/train_splits/dia503_utt8.mp4
503,9,Chandler,anger,Okay! That's a four! And where-where's the other one?,data/raw/MELD-RAW/MELD.Raw/train/train_splits/dia503_utt9.mp4
503,11,Monica,anger,"Nobody move!  Okay, you look that way; I'll look this way!",data/raw/MELD-RAW/MELD.Raw/train/train_splits/dia503_utt11.mp4
503,12,Chandler,joy,Here it is! Here it is!,data/raw/MELD-RAW/MELD.Raw/train/train_splits/dia503_utt12.mp4
503,13,Monica,neutral,That could be a four or a five. It's your call.,data/raw/MELD-RAW/MELD.Raw/train/train_splits/dia503_utt13.mp4
503,14,Chandler,neutral,It's a four.,data/raw/MELD-RAW/MELD.Raw/train/train_splits/dia503_utt14.mp4
503,15,Monica,neutral,I think so too.,data/raw/MELD-RAW/MELD.Raw/train/train_splits/dia503_utt15.mp4
504,1,Monica,joy,"Well Joey, we're allwe're all very proud of you.",data/raw/MELD-RAW/MELD.Raw/train/train_splits/dia504_utt1.mp4
504,2,Chandler,neutral,"Yes, I believe we can expect a call from the President any moment now.",data/raw/MELD-RAW/MELD.Raw/train/train_splits/dia504_utt2.mp4
504,3,Phoebe,neutral,Is there anything we can do for you?,data/raw/MELD-RAW/MELD.Raw/train/train_splits/dia504_utt3.mp4
504,7,Monica,neutral,"Yeah, you want some?",data/raw/MELD-RAW/MELD.Raw/train/train_splits/dia504_utt7.mp4
505,1,Phoebe,neutral,"I need to talk to you, it's pretty urgent. It's about Monica and Chandler.",data/raw/MELD-RAW/MELD.Raw/train/train_splits/dia505_utt1.mp4
505,7,Phoebe,neutral,"Well, umm, not much.",data/raw/MELD-RAW/MELD.Raw/train/train_splits/dia505_utt7.mp4
505,8,Phoebe,neutral,"But, I was just thinking that since those guys just got engaged that maybe it would be nice if they had some privacy, y'know?",data/raw/MELD-RAW/MELD.Raw/train/train_splits/dia505_utt8.mp4
505,9,Phoebe,neutral,"So, could I just move in with you for a couple days?",data/raw/MELD-RAW/MELD.Raw/train/train_splits/dia505_utt9.mp4
505,11,Phoebe,neutral,Nothing..Why?,data/raw/MELD-RAW/MELD.Raw/train/train_splits/dia505_utt11.mp4
505,13,Phoebe,neutral,Oh yeah it is! I'm going to the movies and it starts in like five minutes.,data/raw/MELD-RAW/MELD.Raw/train/train_splits/dia505_utt13.mp4
505,15,Phoebe,neutral,"Oh, I'm sorry. I'm so rude. Does anyone want to come to the movies?",data/raw/MELD-RAW/MELD.Raw/train/train_splits/dia505_utt15.mp4
507,0,Monica,neutral,"Windows are clean, candels are lit.",data/raw/MELD-RAW/MELD.Raw/train/train_splits/dia507_utt0.mp4
507,1,Monica,joy,"Uh, belt's to tight, gotta change the belt.",data/raw/MELD-RAW/MELD.Raw/train/train_splits/dia507_utt1.mp4
507,2,Monica,neutral,Did I turn the fish?,data/raw/MELD-RAW/MELD.Raw/train/train_splits/dia507_utt2.mp4
507,3,Monica,neutral,"No, cause I made lasagne.",data/raw/MELD-RAW/MELD.Raw/train/train_splits/dia507_utt3.mp4
507,4,Monica,anger,Am I out of control?,data/raw/MELD-RAW/MELD.Raw/train/train_splits/dia507_utt4.mp4
507,9,Monica,neutral,What?,data/raw/MELD-RAW/MELD.Raw/train/train_splits/dia507_utt9.mp4
507,11,Monica,neutral,I don't know.,data/raw/MELD-RAW/MELD.Raw/train/train_splits/dia507_utt11.mp4
507,12,Monica,joy,Look he's a great guy and I love being with him but... you know.,data/raw/MELD-RAW/MELD.Raw/train/train_splits/dia507_utt12.mp4
507,13,Monica,joy,"Things happen, and they happen.",data/raw/MELD-RAW/MELD.Raw/train/train_splits/dia507_utt13.mp4
507,14,Monica,neutral,You don't plan these things.,data/raw/MELD-RAW/MELD.Raw/train/train_splits/dia507_utt14.mp4
507,16,Monica,neutral,Yeah.,data/raw/MELD-RAW/MELD.Raw/train/train_splits/dia507_utt16.mp4
512,1,Phoebe,joy,Hi!,data/raw/MELD-RAW/MELD.Raw/train/train_splits/dia512_utt1.mp4
512,3,Phoebe,neutral,Good.,data/raw/MELD-RAW/MELD.Raw/train/train_splits/dia512_utt3.mp4
512,5,Phoebe,neutral,Yeah.,data/raw/MELD-RAW/MELD.Raw/train/train_splits/dia512_utt5.mp4
512,7,Phoebe,joy,Yeah!,data/raw/MELD-RAW/MELD.Raw/train/train_splits/dia512_utt7.mp4
512,9,Phoebe,fear,"Ooh, now you lost me.",data/raw/MELD-RAW/MELD.Raw/train/train_splits/dia512_utt9.mp4
512,11,Phoebe,anger,No I didn't!,data/raw/MELD-RAW/MELD.Raw/train/train_splits/dia512_utt11.mp4
512,13,Phoebe,fear,"No. Umm, okay. But while you dial, let me show you the features of my new ringing handbag.  Oh, it does work!",data/raw/MELD-RAW/MELD.Raw/train/train_splits/dia512_utt13.mp4
515,1,Monica,surprise,Hey Gunther. Hi.  I mean you're going out on a date with the noisy guy upstairs?,data/raw/MELD-RAW/MELD.Raw/train/train_splits/dia515_utt1.mp4
515,2,Phoebe,neutral,"Well, he's very charming.",data/raw/MELD-RAW/MELD.Raw/train/train_splits/dia515_utt2.mp4
515,3,Monica,disgust,"I know, he's too charming, but if you two start going out, then it's just gonna make it so much harder for me to hate him.",data/raw/MELD-RAW/MELD.Raw/train/train_splits/dia515_utt3.mp4
515,4,Phoebe,neutral,"Well, you're just gonna have to try.",data/raw/MELD-RAW/MELD.Raw/train/train_splits/dia515_utt4.mp4
515,5,Monica,neutral,"Joey, where are the",data/raw/MELD-RAW/MELD.Raw/train/train_splits/dia515_utt5.mp4
516,0,Chandler,anger,"Okay, ten blocks down. Five to go.",data/raw/MELD-RAW/MELD.Raw/train/train_splits/dia516_utt0.mp4
516,1,Monica,joy,Oh wait! Stop! Stop! Stop!,data/raw/MELD-RAW/MELD.Raw/train/train_splits/dia516_utt1.mp4
516,2,Chandler,surprise,Oh I'm sorry! Do you need a break?,data/raw/MELD-RAW/MELD.Raw/train/train_splits/dia516_utt2.mp4
516,3,Monica,joy,My boots in tan! Hey! Can you get a little closer so I can see the price?,data/raw/MELD-RAW/MELD.Raw/train/train_splits/dia516_utt3.mp4
516,4,Chandler,joy,I can see it from right here. It'll cost you one husband.,data/raw/MELD-RAW/MELD.Raw/train/train_splits/dia516_utt4.mp4
516,5,Monica,sadness,"Okay, I'm sorry. I think I can walk the rest of the way now. Just-just give me my boots.",data/raw/MELD-RAW/MELD.Raw/train/train_splits/dia516_utt5.mp4
517,0,Phoebe,anger,Come on more!,data/raw/MELD-RAW/MELD.Raw/train/train_splits/dia517_utt0.mp4
517,1,Monica,joy,Oh God!,data/raw/MELD-RAW/MELD.Raw/train/train_splits/dia517_utt1.mp4
517,2,Phoebe,neutral,"Yeah, you like that don't you?",data/raw/MELD-RAW/MELD.Raw/train/train_splits/dia517_utt2.mp4
517,3,Monica,joy,Oh yeah right there!,data/raw/MELD-RAW/MELD.Raw/train/train_splits/dia517_utt3.mp4
517,4,Phoebe,joy,You want it there? You take it there baby!,data/raw/MELD-RAW/MELD.Raw/train/train_splits/dia517_utt4.mp4
517,5,Monica,sadness,Uh Phoebe?,data/raw/MELD-RAW/MELD.Raw/train/train_splits/dia517_utt5.mp4
517,6,Phoebe,joy,"Yeah, say my name. Say it!  And now I'm going to cover you back up, and umm we're never doing this again.",data/raw/MELD-RAW/MELD.Raw/train/train_splits/dia517_utt6.mp4
519,0,Monica,surprise,What?! What are you doing?!,data/raw/MELD-RAW/MELD.Raw/train/train_splits/dia519_utt0.mp4
519,1,Chandler,anger,Do you know what just happened?,data/raw/MELD-RAW/MELD.Raw/train/train_splits/dia519_utt1.mp4
519,2,Monica,neutral,Yeah. We-we had sex and then we fell asleep.,data/raw/MELD-RAW/MELD.Raw/train/train_splits/dia519_utt2.mp4
519,3,Chandler,neutral,No. We were in the middle of sexand,data/raw/MELD-RAW/MELD.Raw/train/train_splits/dia519_utt3.mp4
519,4,Monica,joy,"Nooo! No, that's not true. No, best time ever! Yeah, you rocked my world!",data/raw/MELD-RAW/MELD.Raw/train/train_splits/dia519_utt4.mp4
520,1,Phoebe,neutral,Hey you guys I'm gonna go out and take a walk.,data/raw/MELD-RAW/MELD.Raw/train/train_splits/dia520_utt1.mp4
520,3,Phoebe,neutral,"Oh, it's not!",data/raw/MELD-RAW/MELD.Raw/train/train_splits/dia520_utt3.mp4
520,6,Phoebe,neutral,It's just my knitting that's all!  Yes! I knit this. I'm very good.,data/raw/MELD-RAW/MELD.Raw/train/train_splits/dia520_utt6.mp4
522,0,Phoebe,surprise,Rach?,data/raw/MELD-RAW/MELD.Raw/train/train_splits/dia522_utt0.mp4
522,2,Phoebe,joy,Oh.  It's just so unexpected! II uhBoy I'll tell you it's just such an honor to be nominated for a,data/raw/MELD-RAW/MELD.Raw/train/train_splits/dia522_utt2.mp4
522,4,Phoebe,neutral,in Reservations at 8:00 by Neil Simon.  Thank-thank you Neil. Thank you for the words.,data/raw/MELD-RAW/MELD.Raw/train/train_splits/dia522_utt4.mp4
522,6,Phoebe,joy,"Please, don't play the music. Just uh one more.",data/raw/MELD-RAW/MELD.Raw/train/train_splits/dia522_utt6.mp4
523,2,Monica,neutral,And Monica knows...,data/raw/MELD-RAW/MELD.Raw/train/train_splits/dia523_utt2.mp4
523,4,Monica,neutral,"Carol called me to thank me for the lasagna, I asked, she told me.",data/raw/MELD-RAW/MELD.Raw/train/train_splits/dia523_utt4.mp4
523,7,Monica,joy,"I'm sorry, I'm just excited about being an aunt!",data/raw/MELD-RAW/MELD.Raw/train/train_splits/dia523_utt7.mp4
523,9,Chandler,joy,Hey Phoebe!,data/raw/MELD-RAW/MELD.Raw/train/train_splits/dia523_utt9.mp4
523,12,Phoebe,anger,Fine!,data/raw/MELD-RAW/MELD.Raw/train/train_splits/dia523_utt12.mp4
523,13,Monica,neutral,"Phoebe, what's the matter?",data/raw/MELD-RAW/MELD.Raw/train/train_splits/dia523_utt13.mp4
523,14,Phoebe,sadness,"Nothing, I'm sorry, I'm just, I'm out of sorts.",data/raw/MELD-RAW/MELD.Raw/train/train_splits/dia523_utt14.mp4
523,17,Chandler,neutral,Fine.,data/raw/MELD-RAW/MELD.Raw/train/train_splits/dia523_utt17.mp4
523,18,Monica,neutral,"Phoebe, what is it?",data/raw/MELD-RAW/MELD.Raw/train/train_splits/dia523_utt18.mp4
523,19,Phoebe,neutral,"All right, you know Paolo?",data/raw/MELD-RAW/MELD.Raw/train/train_splits/dia523_utt19.mp4
523,21,Phoebe,anger,"Well, he made a move on me.",data/raw/MELD-RAW/MELD.Raw/train/train_splits/dia523_utt21.mp4
523,23,Chandler,joy,"More coffee over here, please!",data/raw/MELD-RAW/MELD.Raw/train/train_splits/dia523_utt23.mp4
524,0,Phoebe,neutral,Hey.,data/raw/MELD-RAW/MELD.Raw/train/train_splits/dia524_utt0.mp4
524,2,Phoebe,sadness,"Well, I-I thought a lot about what you said, and um, I realilized duh, all right maybe I was a little judgmental.",data/raw/MELD-RAW/MELD.Raw/train/train_splits/dia524_utt2.mp4
524,3,Phoebe,neutral,"Yeah,  oh, but oh...",data/raw/MELD-RAW/MELD.Raw/train/train_splits/dia524_utt3.mp4
524,5,Phoebe,neutral,Destiny.,data/raw/MELD-RAW/MELD.Raw/train/train_splits/dia524_utt5.mp4
524,7,Phoebe,neutral,Yes.,data/raw/MELD-RAW/MELD.Raw/train/train_splits/dia524_utt7.mp4
524,9,Phoebe,surprise,Okay.  Yikes! That one doesn't look very fulfilled.,data/raw/MELD-RAW/MELD.Raw/train/train_splits/dia524_utt9.mp4
524,11,Phoebe,anger,"You keep the old ones in the back, that is so ageist.",data/raw/MELD-RAW/MELD.Raw/train/train_splits/dia524_utt11.mp4
524,13,Phoebe,sadness,"So, what happens to the old guys?",data/raw/MELD-RAW/MELD.Raw/train/train_splits/dia524_utt13.mp4
524,15,Phoebe,fear,"Why, do I have a feeling that's not as happy as it sounds?  No! Nooooo!!!",data/raw/MELD-RAW/MELD.Raw/train/train_splits/dia524_utt15.mp4
525,0,Monica,neutral,Light still out?,data/raw/MELD-RAW/MELD.Raw/train/train_splits/dia525_utt0.mp4
525,2,Monica,neutral,Oh. Maybe they're- napping.,data/raw/MELD-RAW/MELD.Raw/train/train_splits/dia525_utt2.mp4
525,6,Monica,neutral,I think he's shy.,data/raw/MELD-RAW/MELD.Raw/train/train_splits/dia525_utt6.mp4
525,7,Phoebe,surprise,Yeah?,data/raw/MELD-RAW/MELD.Raw/train/train_splits/dia525_utt7.mp4
525,8,Monica,neutral,Yeah. I think you have to draw him out. And then- when you do- he's a preppy animal.,data/raw/MELD-RAW/MELD.Raw/train/train_splits/dia525_utt8.mp4
527,0,Phoebe,anger,Get out of here you lurker!  Go on! Get!,data/raw/MELD-RAW/MELD.Raw/train/train_splits/dia527_utt0.mp4
527,1,Chandler,joy,Hey Pheebs!,data/raw/MELD-RAW/MELD.Raw/train/train_splits/dia527_utt1.mp4
527,2,Phoebe,surprise,Ohh! You made up!,data/raw/MELD-RAW/MELD.Raw/train/train_splits/dia527_utt2.mp4
527,3,Monica,neutral,"Yeah, I couldn't be mad at him for too long.",data/raw/MELD-RAW/MELD.Raw/train/train_splits/dia527_utt3.mp4
527,4,Chandler,joy,"Yeah, she couldn't live without the Chan Love.",data/raw/MELD-RAW/MELD.Raw/train/train_splits/dia527_utt4.mp4
527,5,Phoebe,disgust,"Ohh, get a room.",data/raw/MELD-RAW/MELD.Raw/train/train_splits/dia527_utt5.mp4
527,6,Monica,neutral,We have one.,data/raw/MELD-RAW/MELD.Raw/train/train_splits/dia527_utt6.mp4
527,7,Phoebe,disgust,I know. Use it.,data/raw/MELD-RAW/MELD.Raw/train/train_splits/dia527_utt7.mp4
528,2,Monica,neutral,"Yeah, a lot. A lot, a lot!",data/raw/MELD-RAW/MELD.Raw/train/train_splits/dia528_utt2.mp4
528,4,Monica,neutral,"Well, y'know it's none of my business, but aren't you married?",data/raw/MELD-RAW/MELD.Raw/train/train_splits/dia528_utt4.mp4
530,0,Phoebe,sadness,I'm sorry.,data/raw/MELD-RAW/MELD.Raw/train/train_splits/dia530_utt0.mp4
530,2,Phoebe,neutral,"I-I, came to fill your ice cube trays.",data/raw/MELD-RAW/MELD.Raw/train/train_splits/dia530_utt2.mp4
530,4,Phoebe,neutral,"Umm, okay, okay, look.",data/raw/MELD-RAW/MELD.Raw/train/train_splits/dia530_utt4.mp4
530,5,Phoebe,anger,I took this picture from your fridge.,data/raw/MELD-RAW/MELD.Raw/train/train_splits/dia530_utt5.mp4
530,6,Phoebe,anger,"Okay, because I know that this is my Father.",data/raw/MELD-RAW/MELD.Raw/train/train_splits/dia530_utt6.mp4
530,7,Phoebe,anger,"Yeah, this is Frank Buffay and you are standing right there next to him.",data/raw/MELD-RAW/MELD.Raw/train/train_splits/dia530_utt7.mp4
530,8,Phoebe,anger,"Now, look I deserve to know where I came from.",data/raw/MELD-RAW/MELD.Raw/train/train_splits/dia530_utt8.mp4
530,9,Phoebe,anger,All right?,data/raw/MELD-RAW/MELD.Raw/train/train_splits/dia530_utt9.mp4
530,10,Phoebe,anger,So if you can help me find my Father then you should!,data/raw/MELD-RAW/MELD.Raw/train/train_splits/dia530_utt10.mp4
530,11,Phoebe,anger,"Otherwise, you're just mean!",data/raw/MELD-RAW/MELD.Raw/train/train_splits/dia530_utt11.mp4
530,12,Phoebe,anger,"So, just tell me the truth!",data/raw/MELD-RAW/MELD.Raw/train/train_splits/dia530_utt12.mp4
530,14,Phoebe,surprise,My Father is Chuck Magioni?,data/raw/MELD-RAW/MELD.Raw/train/train_splits/dia530_utt14.mp4
530,17,Phoebe,sadness,Oh.,data/raw/MELD-RAW/MELD.Raw/train/train_splits/dia530_utt17.mp4
530,22,Phoebe,surprise,Heh?,data/raw/MELD-RAW/MELD.Raw/train/train_splits/dia530_utt22.mp4
532,0,Chandler,neutral,"Where you going, Joe?",data/raw/MELD-RAW/MELD.Raw/train/train_splits/dia532_utt0.mp4
532,2,Chandler,neutral,Oh. You mind if I join you?,data/raw/MELD-RAW/MELD.Raw/train/train_splits/dia532_utt2.mp4
532,4,Chandler,surprise,Your thoughts? Plural?,data/raw/MELD-RAW/MELD.Raw/train/train_splits/dia532_utt4.mp4
532,6,Chandler,neutral,"I'm afraid I can't let you do that, Joe.",data/raw/MELD-RAW/MELD.Raw/train/train_splits/dia532_utt6.mp4
532,12,Chandler,neutral,"Yes, as a matter of fact he did, so I can't let you go.",data/raw/MELD-RAW/MELD.Raw/train/train_splits/dia532_utt12.mp4
532,14,Chandler,surprise,Great novels?,data/raw/MELD-RAW/MELD.Raw/train/train_splits/dia532_utt14.mp4
534,0,Phoebe,neutral,"Cassie, are you finding everything okay in there?",data/raw/MELD-RAW/MELD.Raw/train/train_splits/dia534_utt0.mp4
534,2,Phoebe,joy,Oh! No problem! I,data/raw/MELD-RAW/MELD.Raw/train/train_splits/dia534_utt2.mp4
536,1,Monica,neutral,"Look, you and I went to different high schools...",data/raw/MELD-RAW/MELD.Raw/train/train_splits/dia536_utt1.mp4
536,3,Monica,neutral,"You went to one where you were popular, and you got to ride off Chip's motorcycle, and wear his letterman jacket.",data/raw/MELD-RAW/MELD.Raw/train/train_splits/dia536_utt3.mp4
536,4,Monica,sadness,I went to one where I wore a band uniform they had to have specially made.,data/raw/MELD-RAW/MELD.Raw/train/train_splits/dia536_utt4.mp4
536,6,Monica,neutral,It was a project for one of the Home Ec classes.,data/raw/MELD-RAW/MELD.Raw/train/train_splits/dia536_utt6.mp4
536,8,Monica,surprise,"Back then, I thought that I would never, ever get the chance to go out with a Chip Matthews, and now he's-he's called me up and asked me out.",data/raw/MELD-RAW/MELD.Raw/train/train_splits/dia536_utt8.mp4
536,9,Monica,joy,And the fat girl inside of me really wants to go.,data/raw/MELD-RAW/MELD.Raw/train/train_splits/dia536_utt9.mp4
536,10,Monica,neutral,I-I owe her this.,data/raw/MELD-RAW/MELD.Raw/train/train_splits/dia536_utt10.mp4
536,11,Monica,neutral,I never let her eat.,data/raw/MELD-RAW/MELD.Raw/train/train_splits/dia536_utt11.mp4
536,13,Monica,surprise,"Oh, really?!",data/raw/MELD-RAW/MELD.Raw/train/train_splits/dia536_utt13.mp4
536,15,Monica,neutral,I'll try.,data/raw/MELD-RAW/MELD.Raw/train/train_splits/dia536_utt15.mp4
538,5,Phoebe,joy,"Okay. HeyOoh, cool sheets!",data/raw/MELD-RAW/MELD.Raw/train/train_splits/dia538_utt5.mp4
538,7,Phoebe,joy,Sure!,data/raw/MELD-RAW/MELD.Raw/train/train_splits/dia538_utt7.mp4
538,9,Phoebe,disgust,"You bought your sheets at a flea market? Ross come on, you gotta loosen the purse strings a little.",data/raw/MELD-RAW/MELD.Raw/train/train_splits/dia538_utt9.mp4
539,5,Chandler,neutral,Now that Rachel's gone?,data/raw/MELD-RAW/MELD.Raw/train/train_splits/dia539_utt5.mp4
540,0,Monica,sadness,"Oh, god help us.",data/raw/MELD-RAW/MELD.Raw/train/train_splits/dia540_utt0.mp4
540,2,Monica,disgust,Ugly Naked Guy's laying kitchen tile. Eww!,data/raw/MELD-RAW/MELD.Raw/train/train_splits/dia540_utt2.mp4
542,1,Monica,anger,"Oh, some idiot customer put a suggestion in the suggestion box.",data/raw/MELD-RAW/MELD.Raw/train/train_splits/dia542_utt1.mp4
542,2,Phoebe,surprise,"Oh my God, they took my idea!",data/raw/MELD-RAW/MELD.Raw/train/train_splits/dia542_utt2.mp4
542,3,Monica,surprise,That was you?!,data/raw/MELD-RAW/MELD.Raw/train/train_splits/dia542_utt3.mp4
542,4,Phoebe,joy,"Yeah! Okay, here you go.",data/raw/MELD-RAW/MELD.Raw/train/train_splits/dia542_utt4.mp4
542,6,Phoebe,surprise,"Oh my God, are you guys okay?",data/raw/MELD-RAW/MELD.Raw/train/train_splits/dia542_utt6.mp4
545,0,Monica,anger,"What, Phoebe, did you whip the potatoes? Ross needs lumps!",data/raw/MELD-RAW/MELD.Raw/train/train_splits/dia545_utt0.mp4
545,1,Phoebe,sadness,"Oh, I'm sorry, oh, I just, I thought we could have them whipped and then add some peas and onions.",data/raw/MELD-RAW/MELD.Raw/train/train_splits/dia545_utt1.mp4
545,2,Monica,surprise,Why would we do that?,data/raw/MELD-RAW/MELD.Raw/train/train_splits/dia545_utt2.mp4
545,3,Phoebe,sadness,"Well, 'cause then they'd be like my mom used to make them, you know, before she died.",data/raw/MELD-RAW/MELD.Raw/train/train_splits/dia545_utt3.mp4
545,4,Monica,neutral,"Ok, three kinds of potatoes coming up.",data/raw/MELD-RAW/MELD.Raw/train/train_splits/dia545_utt4.mp4
545,6,Chandler,surprise,The most unbelievable thing has happened. Underdog has just gotten away.,data/raw/MELD-RAW/MELD.Raw/train/train_splits/dia545_utt6.mp4
545,8,Chandler,neutral,"No, no, the actual cartoon character. Of course the balloon. It's all over the news. Right before he reached",data/raw/MELD-RAW/MELD.Raw/train/train_splits/dia545_utt8.mp4
545,10,Chandler,surprise,Come on. An 80-foot inflatable dog let loose over the city. How often does that happen?,data/raw/MELD-RAW/MELD.Raw/train/train_splits/dia545_utt10.mp4
545,11,Phoebe,anger,Almost never.,data/raw/MELD-RAW/MELD.Raw/train/train_splits/dia545_utt11.mp4
545,12,Monica,neutral,Got the keys?,data/raw/MELD-RAW/MELD.Raw/train/train_splits/dia545_utt12.mp4
546,0,Monica,neutral,What d'you think?,data/raw/MELD-RAW/MELD.Raw/train/train_splits/dia546_utt0.mp4
546,4,Monica,neutral,"Oh, no thanks, we're just here to observe.",data/raw/MELD-RAW/MELD.Raw/train/train_splits/dia546_utt4.mp4
546,7,Phoebe,neutral,I think she means  'You,data/raw/MELD-RAW/MELD.Raw/train/train_splits/dia546_utt7.mp4
546,8,Monica,anger,"Okay, d'y'see anybody you think could be me?",data/raw/MELD-RAW/MELD.Raw/train/train_splits/dia546_utt8.mp4
546,12,Monica,anger,"Okay, I'm not getting this!",data/raw/MELD-RAW/MELD.Raw/train/train_splits/dia546_utt12.mp4
546,13,Phoebe,joy,I'm totally getting it!,data/raw/MELD-RAW/MELD.Raw/train/train_splits/dia546_utt13.mp4
546,14,Monica,sadness,Did you ever feel like sometimes you are just so unbelievably uncoordinated?,data/raw/MELD-RAW/MELD.Raw/train/train_splits/dia546_utt14.mp4
546,17,Phoebe,neutral,"Okay. And, my, dead, mother, says, you, are, it. I'm with Rachel.",data/raw/MELD-RAW/MELD.Raw/train/train_splits/dia546_utt17.mp4
546,18,Monica,disgust,Great. It's gym class all over again.,data/raw/MELD-RAW/MELD.Raw/train/train_splits/dia546_utt18.mp4
548,0,Chandler,joy,"Oh, ain't this nice? It's so quiet, I could just lie here all day.",data/raw/MELD-RAW/MELD.Raw/train/train_splits/dia548_utt0.mp4
548,1,Monica,neutral,I know,data/raw/MELD-RAW/MELD.Raw/train/train_splits/dia548_utt1.mp4
548,3,Chandler,joy,I'm so glad we've got adjoining rooms!,data/raw/MELD-RAW/MELD.Raw/train/train_splits/dia548_utt3.mp4
548,4,Monica,joy,The sun is out!,data/raw/MELD-RAW/MELD.Raw/train/train_splits/dia548_utt4.mp4
548,5,Chandler,anger,Hey! Remember when I had corneas?,data/raw/MELD-RAW/MELD.Raw/train/train_splits/dia548_utt5.mp4
548,6,Monica,neutral,"Ok listen, you go down to the pool and reserve the chairs, and I'll get the magazines and the lotion.",data/raw/MELD-RAW/MELD.Raw/train/train_splits/dia548_utt6.mp4
548,7,Chandler,neutral,Ladies? Ross's speech is in 45 minutes.,data/raw/MELD-RAW/MELD.Raw/train/train_splits/dia548_utt7.mp4
550,0,Monica,neutral,Hey! How's it goin'?,data/raw/MELD-RAW/MELD.Raw/train/train_splits/dia550_utt0.mp4
551,0,Phoebe,neutral,"Well, not much has changed in the last five minutes.",data/raw/MELD-RAW/MELD.Raw/train/train_splits/dia551_utt0.mp4
551,1,Monica,joy,Yes it has! I made cookies!,data/raw/MELD-RAW/MELD.Raw/train/train_splits/dia551_utt1.mp4
551,2,Phoebe,neutral,Oh that's all right. I'm still full from your homemade potato chips.,data/raw/MELD-RAW/MELD.Raw/train/train_splits/dia551_utt2.mp4
551,3,Monica,joy,But you should eat them now because they're hot from the oven.,data/raw/MELD-RAW/MELD.Raw/train/train_splits/dia551_utt3.mp4
551,4,Phoebe,neutral,Okay.,data/raw/MELD-RAW/MELD.Raw/train/train_splits/dia551_utt4.mp4
551,5,Monica,joy,"Oh-ho! But not in here! Can't eat em in bed, remember? No crumbies!",data/raw/MELD-RAW/MELD.Raw/train/train_splits/dia551_utt5.mp4
551,6,Phoebe,neutral,"Okay, I'll be out in a second.",data/raw/MELD-RAW/MELD.Raw/train/train_splits/dia551_utt6.mp4
551,7,Monica,neutral,Okay!,data/raw/MELD-RAW/MELD.Raw/train/train_splits/dia551_utt7.mp4
551,8,Monica,neutral,What are you doing?,data/raw/MELD-RAW/MELD.Raw/train/train_splits/dia551_utt8.mp4
551,9,Phoebe,neutral,That doesn't lock does it?,data/raw/MELD-RAW/MELD.Raw/train/train_splits/dia551_utt9.mp4
552,0,Monica,disgust,"You know, it still smells like monkey in there.",data/raw/MELD-RAW/MELD.Raw/train/train_splits/dia552_utt0.mp4
552,2,Chandler,neutral,"Well, listen, this has been great but I'm officially wiped.",data/raw/MELD-RAW/MELD.Raw/train/train_splits/dia552_utt2.mp4
553,0,Monica,neutral,"Okay, here comes another camera.",data/raw/MELD-RAW/MELD.Raw/train/train_splits/dia553_utt0.mp4
553,3,Monica,neutral,"If we wanna get on camera, I think we have to get up on one of those platforms.",data/raw/MELD-RAW/MELD.Raw/train/train_splits/dia553_utt3.mp4
553,4,Monica,neutral,They've been taping those people up there all day.,data/raw/MELD-RAW/MELD.Raw/train/train_splits/dia553_utt4.mp4
553,7,Monica,joy,Oh yeah? Well when you learned how to dance did you forget how to put on underpants?,data/raw/MELD-RAW/MELD.Raw/train/train_splits/dia553_utt7.mp4
554,1,Monica,anger,Is someone there?,data/raw/MELD-RAW/MELD.Raw/train/train_splits/dia554_utt1.mp4
554,3,Chandler,neutral,What are you doing here?,data/raw/MELD-RAW/MELD.Raw/train/train_splits/dia554_utt3.mp4
554,5,Chandler,neutral,We got some,data/raw/MELD-RAW/MELD.Raw/train/train_splits/dia554_utt5.mp4
554,7,Monica,surprise,Who?  Is that your sister?,data/raw/MELD-RAW/MELD.Raw/train/train_splits/dia554_utt7.mp4
554,9,Monica,disgust,"God, Ross is on a date with your sister! How weird is that?!",data/raw/MELD-RAW/MELD.Raw/train/train_splits/dia554_utt9.mp4
554,11,Chandler,disgust,He's taking off her coat!,data/raw/MELD-RAW/MELD.Raw/train/train_splits/dia554_utt11.mp4
558,1,Chandler,neutral,"Well, like father, like son.",data/raw/MELD-RAW/MELD.Raw/train/train_splits/dia558_utt1.mp4
558,3,Chandler,surprise,Really?! I-I thought you weren't looking for something serious? I thought you were looking for some kind of a fling.,data/raw/MELD-RAW/MELD.Raw/train/train_splits/dia558_utt3.mp4
558,5,Chandler,neutral,"Ummmmmmmm, no.",data/raw/MELD-RAW/MELD.Raw/train/train_splits/dia558_utt5.mp4
559,0,Chandler,neutral,"Alright, so I'm back in high school, I'm standing in the middle of the cafeteria, and I realize I am totally naked.",data/raw/MELD-RAW/MELD.Raw/train/train_splits/dia559_utt0.mp4
559,2,Chandler,surprise,"Then I look down, and I realize there's a phone... there.",data/raw/MELD-RAW/MELD.Raw/train/train_splits/dia559_utt2.mp4
559,4,Chandler,neutral,That's right.,data/raw/MELD-RAW/MELD.Raw/train/train_splits/dia559_utt4.mp4
559,6,Phoebe,neutral,No.,data/raw/MELD-RAW/MELD.Raw/train/train_splits/dia559_utt6.mp4
559,7,Chandler,neutral,"All of a sudden, the phone starts to ring.",data/raw/MELD-RAW/MELD.Raw/train/train_splits/dia559_utt7.mp4
560,0,Monica,joy,Honey! Dinner's ready!,data/raw/MELD-RAW/MELD.Raw/train/train_splits/dia560_utt0.mp4
560,2,Monica,joy,Your favorite!,data/raw/MELD-RAW/MELD.Raw/train/train_splits/dia560_utt2.mp4
560,4,Monica,joy,Yep! And lot's of it!,data/raw/MELD-RAW/MELD.Raw/train/train_splits/dia560_utt4.mp4
560,6,Monica,joy,"Okay, in we go.",data/raw/MELD-RAW/MELD.Raw/train/train_splits/dia560_utt6.mp4
561,0,Monica,neutral,"Something went wrong with Underdog, and they couldn't get his head to inflate.",data/raw/MELD-RAW/MELD.Raw/train/train_splits/dia561_utt0.mp4
561,1,Monica,joy,"So anyway, um, his head is like flopping down Broadway, right, and I'm just thinking... how inappropriate this is.",data/raw/MELD-RAW/MELD.Raw/train/train_splits/dia561_utt1.mp4
561,2,Monica,neutral,"Um, I've got something in my eye, uh, Joey, could we check it in the light, please?",data/raw/MELD-RAW/MELD.Raw/train/train_splits/dia561_utt2.mp4
561,3,Monica,surprise,Oh my god.,data/raw/MELD-RAW/MELD.Raw/train/train_splits/dia561_utt3.mp4
561,5,Monica,anger,Hello! Were we at the same table? It's like... cocktails in Appalachia.,data/raw/MELD-RAW/MELD.Raw/train/train_splits/dia561_utt5.mp4
561,7,Monica,disgust,Close? She's got her tongue in his ear.,data/raw/MELD-RAW/MELD.Raw/train/train_splits/dia561_utt7.mp4
561,9,Monica,disgust,"Joey, this is sick, it's disgusting, it's, it'snot really true, is it?",data/raw/MELD-RAW/MELD.Raw/train/train_splits/dia561_utt9.mp4
561,11,Monica,disgust,"Oh my god, what were you thinking?",data/raw/MELD-RAW/MELD.Raw/train/train_splits/dia561_utt11.mp4
561,13,Monica,surprise,Oh!,data/raw/MELD-RAW/MELD.Raw/train/train_splits/dia561_utt13.mp4
561,15,Monica,disgust,I'm outta here.,data/raw/MELD-RAW/MELD.Raw/train/train_splits/dia561_utt15.mp4
561,17,Monica,surprise,Really?,data/raw/MELD-RAW/MELD.Raw/train/train_splits/dia561_utt17.mp4
562,0,Chandler,joy,Hello! One marriage please!,data/raw/MELD-RAW/MELD.Raw/train/train_splits/dia562_utt0.mp4
562,1,Monica,joy,"Yep, we wanna get married!",data/raw/MELD-RAW/MELD.Raw/train/train_splits/dia562_utt1.mp4
562,2,Monica,neutral,All right.,data/raw/MELD-RAW/MELD.Raw/train/train_splits/dia562_utt2.mp4
562,3,Chandler,joy,Dum! Dum-dum-dum! Dum! Dum! Dum! Dum-dum-dum!,data/raw/MELD-RAW/MELD.Raw/train/train_splits/dia562_utt3.mp4
562,4,Monica,neutral,What are you doing?,data/raw/MELD-RAW/MELD.Raw/train/train_splits/dia562_utt4.mp4
562,5,Chandler,neutral,"Oh, that's",data/raw/MELD-RAW/MELD.Raw/train/train_splits/dia562_utt5.mp4
562,6,Monica,neutral,"No, only because that's the graduation song.",data/raw/MELD-RAW/MELD.Raw/train/train_splits/dia562_utt6.mp4
562,7,Chandler,joy,Okay!  This is it!  We're gonna get married!,data/raw/MELD-RAW/MELD.Raw/train/train_splits/dia562_utt7.mp4
562,8,Monica,neutral,Are you sure you wanna do this?,data/raw/MELD-RAW/MELD.Raw/train/train_splits/dia562_utt8.mp4
563,0,Monica,neutral,Would you ever be a surrogate for anyone?,data/raw/MELD-RAW/MELD.Raw/train/train_splits/dia563_utt0.mp4
563,2,Monica,neutral,What if I asked?,data/raw/MELD-RAW/MELD.Raw/train/train_splits/dia563_utt2.mp4
563,4,Monica,surprise,Really?,data/raw/MELD-RAW/MELD.Raw/train/train_splits/dia563_utt4.mp4
563,6,Monica,neutral,No.,data/raw/MELD-RAW/MELD.Raw/train/train_splits/dia563_utt6.mp4
564,1,Monica,surprise,He asked you out?!,data/raw/MELD-RAW/MELD.Raw/train/train_splits/dia564_utt1.mp4
564,3,Monica,joy,Saucy!,data/raw/MELD-RAW/MELD.Raw/train/train_splits/dia564_utt3.mp4
564,5,Monica,neutral,Electrical plans for the building.,data/raw/MELD-RAW/MELD.Raw/train/train_splits/dia564_utt5.mp4
564,7,Monica,neutral,"I know that switch does something, okay?",data/raw/MELD-RAW/MELD.Raw/train/train_splits/dia564_utt7.mp4
564,8,Monica,neutral,So-so I went down to city hall and got these.,data/raw/MELD-RAW/MELD.Raw/train/train_splits/dia564_utt8.mp4
564,9,Monica,sadness,All I had to do was pay $25 and wait in line for three hours.,data/raw/MELD-RAW/MELD.Raw/train/train_splits/dia564_utt9.mp4
565,0,Janice,neutral,Uh-oh-okay. Uh-oh-okay. I know what you all are thinking. But Chandler is in,data/raw/MELD-RAW/MELD.Raw/train/train_splits/dia565_utt0.mp4
565,2,Janice,neutral,"So I'm asking you please, take a moment before you judge me.",data/raw/MELD-RAW/MELD.Raw/train/train_splits/dia565_utt2.mp4
565,3,Phoebe,neutral,"Oh, nobody's judging you.",data/raw/MELD-RAW/MELD.Raw/train/train_splits/dia565_utt3.mp4
565,4,Janice,joy,"Oh! Okay!  You, Mister Right Place at the Right Time, call me!",data/raw/MELD-RAW/MELD.Raw/train/train_splits/dia565_utt4.mp4
568,2,Monica,neutral,Bye!,data/raw/MELD-RAW/MELD.Raw/train/train_splits/dia568_utt2.mp4
568,4,Phoebe,sadness,Bye Chandler!   I miss you already.,data/raw/MELD-RAW/MELD.Raw/train/train_splits/dia568_utt4.mp4
568,5,Chandler,disgust,"Okay, did you see that?! With the inappropriate and the pinching!!",data/raw/MELD-RAW/MELD.Raw/train/train_splits/dia568_utt5.mp4
568,6,Monica,surprise,"Actually, I did!",data/raw/MELD-RAW/MELD.Raw/train/train_splits/dia568_utt6.mp4
568,7,Chandler,neutral,"Okay, so now do you believe that she's attracted to me?",data/raw/MELD-RAW/MELD.Raw/train/train_splits/dia568_utt7.mp4
568,8,Monica,surprise,"Ohhh, oh my God! Oh my God! She knows about us!",data/raw/MELD-RAW/MELD.Raw/train/train_splits/dia568_utt8.mp4
568,9,Chandler,surprise,Are you serious?,data/raw/MELD-RAW/MELD.Raw/train/train_splits/dia568_utt9.mp4
568,10,Monica,anger,Phoebe knows and she's just trying to freak us out! That's the only explanation for it!,data/raw/MELD-RAW/MELD.Raw/train/train_splits/dia568_utt10.mp4
568,11,Chandler,anger,Okay but what about y'know my pinchable butt and my bulging bicepsShe knows!,data/raw/MELD-RAW/MELD.Raw/train/train_splits/dia568_utt11.mp4
570,0,Monica,anger,"You wanna go right now? 'Cause I'll take you right now, buddy! You wanna go?",data/raw/MELD-RAW/MELD.Raw/train/train_splits/dia570_utt0.mp4
570,2,Monica,joy,Ready?  Wrestle!,data/raw/MELD-RAW/MELD.Raw/train/train_splits/dia570_utt2.mp4
571,2,Phoebe,anger,I'm telling you he's dead. What we are about to have here is a dead fat guy on a stick.,data/raw/MELD-RAW/MELD.Raw/train/train_splits/dia571_utt2.mp4
571,10,Phoebe,joy,He's alive! He's a-live!!!,data/raw/MELD-RAW/MELD.Raw/train/train_splits/dia571_utt10.mp4
571,11,Monica,disgust,"And yet, we're still poking him.",data/raw/MELD-RAW/MELD.Raw/train/train_splits/dia571_utt11.mp4
573,0,Phoebe,neutral,Pat Sajak?,data/raw/MELD-RAW/MELD.Raw/train/train_splits/dia573_utt0.mp4
573,2,Phoebe,neutral,Alex Trebek?,data/raw/MELD-RAW/MELD.Raw/train/train_splits/dia573_utt2.mp4
573,4,Phoebe,neutral,Chuck Woolery?,data/raw/MELD-RAW/MELD.Raw/train/train_splits/dia573_utt4.mp4
573,7,Phoebe,joy,Say we are unagi!,data/raw/MELD-RAW/MELD.Raw/train/train_splits/dia573_utt7.mp4
574,0,Monica,neutral,"Hey, Rach, can I borrow your eyelash curler, I think I lost mine.",data/raw/MELD-RAW/MELD.Raw/train/train_splits/dia574_utt0.mp4
574,3,Chandler,neutral,"Joey, can I talk to you for a second?",data/raw/MELD-RAW/MELD.Raw/train/train_splits/dia574_utt3.mp4
574,6,Chandler,neutral,Yes. Yes.,data/raw/MELD-RAW/MELD.Raw/train/train_splits/dia574_utt6.mp4
574,8,Monica,joy,"Yes, but you cannot tell anyone! No one knows!",data/raw/MELD-RAW/MELD.Raw/train/train_splits/dia574_utt8.mp4
574,10,Chandler,neutral,It happened in London.,data/raw/MELD-RAW/MELD.Raw/train/train_splits/dia574_utt10.mp4
574,12,Chandler,neutral,The reason we didn't tell anyone was because we didn't want to make a big deal out of it.,data/raw/MELD-RAW/MELD.Raw/train/train_splits/dia574_utt12.mp4
574,14,Chandler,fear,No-no-no-no-no! You can't!,data/raw/MELD-RAW/MELD.Raw/train/train_splits/dia574_utt14.mp4
574,15,Monica,fear,"Please? Please?! We just don't want to deal with telling everyone, okay? Just promise you won't tell.",data/raw/MELD-RAW/MELD.Raw/train/train_splits/dia574_utt15.mp4
574,17,Monica,joy,"I know, it's great!",data/raw/MELD-RAW/MELD.Raw/train/train_splits/dia574_utt17.mp4
574,19,Phoebe,sadness,We're so stupid! Do you know what's going on in there? They're trying to take Joey!,data/raw/MELD-RAW/MELD.Raw/train/train_splits/dia574_utt19.mp4
576,0,Chandler,fear,What're we gonna do? What're we gonna do?,data/raw/MELD-RAW/MELD.Raw/train/train_splits/dia576_utt0.mp4
576,2,Chandler,surprise,"Oh, we're gonna flip for the baby?",data/raw/MELD-RAW/MELD.Raw/train/train_splits/dia576_utt2.mp4
576,4,Chandler,neutral,"All right, call it in the air.",data/raw/MELD-RAW/MELD.Raw/train/train_splits/dia576_utt4.mp4
576,6,Chandler,neutral,Heads it is.,data/raw/MELD-RAW/MELD.Raw/train/train_splits/dia576_utt6.mp4
576,8,Chandler,neutral,We have to assign heads to something.,data/raw/MELD-RAW/MELD.Raw/train/train_splits/dia576_utt8.mp4
576,10,Chandler,anger,What kind of scary-ass clowns came to your birthday?,data/raw/MELD-RAW/MELD.Raw/train/train_splits/dia576_utt10.mp4
578,0,Phoebe,neutral,Then I'm gonna have to ask you to keep it down.,data/raw/MELD-RAW/MELD.Raw/train/train_splits/dia578_utt0.mp4
579,0,Phoebe,surprise,Hey! Look who I found!,data/raw/MELD-RAW/MELD.Raw/train/train_splits/dia579_utt0.mp4
579,1,Chandler,joy,"Oh, hey guys!",data/raw/MELD-RAW/MELD.Raw/train/train_splits/dia579_utt1.mp4
580,0,Phoebe,neutral,"Y'know, birds have a very good sense of direction, and I thought maybe they could help us find where the presents are hidden.",data/raw/MELD-RAW/MELD.Raw/train/train_splits/dia580_utt0.mp4
580,1,Chandler,neutral,"Yes, if the presents are hidden south for the winter.",data/raw/MELD-RAW/MELD.Raw/train/train_splits/dia580_utt1.mp4
581,0,Phoebe,neutral,Or we could just follow your clever jokes  any ideas?,data/raw/MELD-RAW/MELD.Raw/train/train_splits/dia581_utt0.mp4
582,0,Phoebe,neutral,Didn't think so!,data/raw/MELD-RAW/MELD.Raw/train/train_splits/dia582_utt0.mp4
583,0,Phoebe,neutral,"Okay, c'mon guys, show us where the presents are!",data/raw/MELD-RAW/MELD.Raw/train/train_splits/dia583_utt0.mp4
583,1,Chandler,anger,"Oh, the duck seems to think that Monica got me garbage! Hmm, I wonder what I could get Monica that's as good as garbage?",data/raw/MELD-RAW/MELD.Raw/train/train_splits/dia583_utt1.mp4
583,2,Phoebe,neutral,"Hmm, how about my azzz?",data/raw/MELD-RAW/MELD.Raw/train/train_splits/dia583_utt2.mp4
583,4,Phoebe,surprise,What?,data/raw/MELD-RAW/MELD.Raw/train/train_splits/dia583_utt4.mp4
583,6,Phoebe,fear,"No, don't look directly at them!",data/raw/MELD-RAW/MELD.Raw/train/train_splits/dia583_utt6.mp4
583,7,Chandler,surprise,What?,data/raw/MELD-RAW/MELD.Raw/train/train_splits/dia583_utt7.mp4
583,8,Phoebe,neutral,"Alright, no, we could look at them!",data/raw/MELD-RAW/MELD.Raw/train/train_splits/dia583_utt8.mp4
583,9,Monica,neutral,I,data/raw/MELD-RAW/MELD.Raw/train/train_splits/dia583_utt9.mp4
585,2,Phoebe,sadness,"I know no, no, y'know you don't deserve this, you don't Ross.",data/raw/MELD-RAW/MELD.Raw/train/train_splits/dia585_utt2.mp4
585,3,Phoebe,sadness,"You're, you're really, you're so good.",data/raw/MELD-RAW/MELD.Raw/train/train_splits/dia585_utt3.mp4
585,5,Phoebe,neutral,And you're so sweet.  And you're kind,data/raw/MELD-RAW/MELD.Raw/train/train_splits/dia585_utt5.mp4
585,8,Phoebe,neutral,"Okay, it's okay.",data/raw/MELD-RAW/MELD.Raw/train/train_splits/dia585_utt8.mp4
585,11,Phoebe,surprise,What?,data/raw/MELD-RAW/MELD.Raw/train/train_splits/dia585_utt11.mp4
588,0,Chandler,anger,I can't believe I did this! What an idiot!,data/raw/MELD-RAW/MELD.Raw/train/train_splits/dia588_utt0.mp4
588,1,Monica,sadness,"Oh, stop beating yourself up!",data/raw/MELD-RAW/MELD.Raw/train/train_splits/dia588_utt1.mp4
588,2,Monica,neutral,People make mistakes!,data/raw/MELD-RAW/MELD.Raw/train/train_splits/dia588_utt2.mp4
588,3,Monica,neutral,These things happen!,data/raw/MELD-RAW/MELD.Raw/train/train_splits/dia588_utt3.mp4
588,4,Monica,neutral,There aren't any message you've forgotten to give me are there?,data/raw/MELD-RAW/MELD.Raw/train/train_splits/dia588_utt4.mp4
588,5,Monica,anger,Apparently you're not very good at it!,data/raw/MELD-RAW/MELD.Raw/train/train_splits/dia588_utt5.mp4
588,6,Monica,neutral,I,data/raw/MELD-RAW/MELD.Raw/train/train_splits/dia588_utt6.mp4
589,1,Phoebe,surprise,"Oh my God! So was she! Oh, I've got-I've got goose bumps.",data/raw/MELD-RAW/MELD.Raw/train/train_splits/dia589_utt1.mp4
589,3,Phoebe,neutral,"Well, y'know I'm wearing layers and it's warm.",data/raw/MELD-RAW/MELD.Raw/train/train_splits/dia589_utt3.mp4
589,5,Phoebe,sadness,"But ifno look, okay. These jerks might not care about you, but the universe does! And that says a lot!",data/raw/MELD-RAW/MELD.Raw/train/train_splits/dia589_utt5.mp4
590,1,Monica,joy,"They can't all be bad.  Find the one where you make your bedroom eyes. Ohh, there it is.",data/raw/MELD-RAW/MELD.Raw/train/train_splits/dia590_utt1.mp4
590,2,Chandler,surprise,Oh my God! Those are my bedroom eyes?! Why did you ever sleep with me?,data/raw/MELD-RAW/MELD.Raw/train/train_splits/dia590_utt2.mp4
590,3,Monica,surprise,Do you really want to pull at that thread?,data/raw/MELD-RAW/MELD.Raw/train/train_splits/dia590_utt3.mp4
590,4,Phoebe,joy,I'm having a really good time!,data/raw/MELD-RAW/MELD.Raw/train/train_splits/dia590_utt4.mp4
590,6,Phoebe,neutral,"Ohh. No that's okay, he's a friend.",data/raw/MELD-RAW/MELD.Raw/train/train_splits/dia590_utt6.mp4
590,8,Phoebe,sadness,"Yeah, I Well y'know I-I mean I missed the-the semi-finals, so I'd just be lost.",data/raw/MELD-RAW/MELD.Raw/train/train_splits/dia590_utt8.mp4
590,10,Phoebe,neutral,"Okay, don't freak out. I'll go.",data/raw/MELD-RAW/MELD.Raw/train/train_splits/dia590_utt10.mp4
590,12,Phoebe,neutral,"Okay, I know. Hold on.  Hey Ross?",data/raw/MELD-RAW/MELD.Raw/train/train_splits/dia590_utt12.mp4
590,14,Phoebe,neutral,"Yeah, umm that's Whitney , Kyle's ex-wife out there, now do you think that you can y'know divert her so that we can slip out?",data/raw/MELD-RAW/MELD.Raw/train/train_splits/dia590_utt14.mp4
590,16,Phoebe,neutral,Well okay but I have two tickets to the ballroom dance finals.,data/raw/MELD-RAW/MELD.Raw/train/train_splits/dia590_utt16.mp4
591,0,Chandler,neutral,"Well, I-I-I'm done with this. You want anything Ross? Sports? International? Apartment listings?",data/raw/MELD-RAW/MELD.Raw/train/train_splits/dia591_utt0.mp4
592,1,Phoebe,disgust,You two will have very hairy children.,data/raw/MELD-RAW/MELD.Raw/train/train_splits/dia592_utt1.mp4
592,11,Phoebe,neutral,So are you actually gonna see her again?,data/raw/MELD-RAW/MELD.Raw/train/train_splits/dia592_utt11.mp4
593,1,Chandler,neutral,"Yeah, we got, um-hmm.",data/raw/MELD-RAW/MELD.Raw/train/train_splits/dia593_utt1.mp4
593,2,Phoebe,joy,"Umm, I think you're really, really great...",data/raw/MELD-RAW/MELD.Raw/train/train_splits/dia593_utt2.mp4
593,9,Phoebe,surprise,"I-I-I-I-I don't know, I don't know what to say.",data/raw/MELD-RAW/MELD.Raw/train/train_splits/dia593_utt9.mp4
595,0,Monica,anger,That kid really kicked me hard on the plane.,data/raw/MELD-RAW/MELD.Raw/train/train_splits/dia595_utt0.mp4
595,1,Chandler,neutral,Well you did pull his hair.,data/raw/MELD-RAW/MELD.Raw/train/train_splits/dia595_utt1.mp4
595,2,Monica,anger,He took my snack!,data/raw/MELD-RAW/MELD.Raw/train/train_splits/dia595_utt2.mp4
595,3,Chandler,anger,I'm not getting into this again!,data/raw/MELD-RAW/MELD.Raw/train/train_splits/dia595_utt3.mp4
595,4,Monica,sadness,"Okay! Oh God, y'know what? It's really bad.",data/raw/MELD-RAW/MELD.Raw/train/train_splits/dia595_utt4.mp4
595,5,Chandler,anger,"Well, I told you not to walk. Here.  There. Okay.",data/raw/MELD-RAW/MELD.Raw/train/train_splits/dia595_utt5.mp4
595,6,Monica,fear,"This doesn't mean anything, does it?",data/raw/MELD-RAW/MELD.Raw/train/train_splits/dia595_utt6.mp4
596,1,Chandler,neutral,That is true.,data/raw/MELD-RAW/MELD.Raw/train/train_splits/dia596_utt1.mp4
596,2,Phoebe,neutral,"Yeah, but only a genius would swallow a sonic blaster gun.",data/raw/MELD-RAW/MELD.Raw/train/train_splits/dia596_utt2.mp4
596,4,Monica,neutral,"Joey, you know you don't actually have one.",data/raw/MELD-RAW/MELD.Raw/train/train_splits/dia596_utt4.mp4
596,6,Chandler,anger,"Ahh, I think it just moved. It's really poking me.",data/raw/MELD-RAW/MELD.Raw/train/train_splits/dia596_utt6.mp4
596,7,Monica,neutral,"All right, that's it, we're going to the emergency room.",data/raw/MELD-RAW/MELD.Raw/train/train_splits/dia596_utt7.mp4
596,8,Phoebe,anger,"What?! No, you can't, you can't leave me here with them! We're baby-sitting!",data/raw/MELD-RAW/MELD.Raw/train/train_splits/dia596_utt8.mp4
596,9,Monica,neutral,"The babies are asleep, I'm sure you'll be okay on your own for a while!",data/raw/MELD-RAW/MELD.Raw/train/train_splits/dia596_utt9.mp4
596,10,Phoebe,anger,But you-you can't leave me with them! We-we're a team! We're playing a zone! They're gonna triple team me!,data/raw/MELD-RAW/MELD.Raw/train/train_splits/dia596_utt10.mp4
596,11,Monica,fear,"He's got something plastic lodged in his throat, we've got to go to the hospital.",data/raw/MELD-RAW/MELD.Raw/train/train_splits/dia596_utt11.mp4
596,12,Phoebe,neutral,"But no, because a doctor won't be able to help him, it's just gonna y'know naturally pass through his system in like seven years.",data/raw/MELD-RAW/MELD.Raw/train/train_splits/dia596_utt12.mp4
596,13,Chandler,neutral,I think that's gum.,data/raw/MELD-RAW/MELD.Raw/train/train_splits/dia596_utt13.mp4
596,14,Phoebe,neutral,I'm pretty sure it's gun.,data/raw/MELD-RAW/MELD.Raw/train/train_splits/dia596_utt14.mp4
596,15,Chandler,anger,"Okay, listen this really hurts. Let's go.",data/raw/MELD-RAW/MELD.Raw/train/train_splits/dia596_utt15.mp4
596,16,Phoebe,anger,"A real man wouldn't just run to the hospital!  No! What would, what would Krog do?",data/raw/MELD-RAW/MELD.Raw/train/train_splits/dia596_utt16.mp4
597,0,Monica,joy,Hey sweetie!,data/raw/MELD-RAW/MELD.Raw/train/train_splits/dia597_utt0.mp4
597,1,Chandler,joy,Hey!,data/raw/MELD-RAW/MELD.Raw/train/train_splits/dia597_utt1.mp4
597,2,Chandler,surprise,There's no back to this couch!,data/raw/MELD-RAW/MELD.Raw/train/train_splits/dia597_utt2.mp4
597,3,Monica,surprise,Why are you reading this? You hate this kind of stuff.,data/raw/MELD-RAW/MELD.Raw/train/train_splits/dia597_utt3.mp4
597,4,Chandler,neutral,"Yeah I know, but I figured a shot y'know?",data/raw/MELD-RAW/MELD.Raw/train/train_splits/dia597_utt4.mp4
597,5,Chandler,neutral,"Maybe one of those stories would make me cry and then you wouldn't think I was y'know, all dead inside.",data/raw/MELD-RAW/MELD.Raw/train/train_splits/dia597_utt5.mp4
597,6,Monica,joy,"Oh that's so sweet! Look Chandler I don't care if you can't cry, I love you.",data/raw/MELD-RAW/MELD.Raw/train/train_splits/dia597_utt6.mp4
597,7,Chandler,neutral,Oh that makes me feel so warm in my hollow tin chest.,data/raw/MELD-RAW/MELD.Raw/train/train_splits/dia597_utt7.mp4
597,8,Monica,joy,Stop it!,data/raw/MELD-RAW/MELD.Raw/train/train_splits/dia597_utt8.mp4
597,9,Chandler,neutral,"No, I mean, come on, seriously think about it, we get married, we're up at the altar and I'm like this.",data/raw/MELD-RAW/MELD.Raw/train/train_splits/dia597_utt9.mp4
597,10,Monica,neutral,"I won't care, because I know you will be feeling it all in here.",data/raw/MELD-RAW/MELD.Raw/train/train_splits/dia597_utt10.mp4
597,11,Chandler,neutral,Yeah?,data/raw/MELD-RAW/MELD.Raw/train/train_splits/dia597_utt11.mp4
598,3,Monica,neutral,"All right, sorry.",data/raw/MELD-RAW/MELD.Raw/train/train_splits/dia598_utt3.mp4
599,0,Monica,surprise,"The basket is totally empty! My God, the neighbors ate all the candy!",data/raw/MELD-RAW/MELD.Raw/train/train_splits/dia599_utt0.mp4
599,1,Chandler,neutral,"Well, either that or uh",data/raw/MELD-RAW/MELD.Raw/train/train_splits/dia599_utt1.mp4
599,2,Monica,anger,Joey!!,data/raw/MELD-RAW/MELD.Raw/train/train_splits/dia599_utt2.mp4
599,4,Monica,anger,Did you eat all the neighbor candy?!,data/raw/MELD-RAW/MELD.Raw/train/train_splits/dia599_utt4.mp4
599,6,Phoebe,joy,"Yeah, and they've been coming by all day. They love it!",data/raw/MELD-RAW/MELD.Raw/train/train_splits/dia599_utt6.mp4
599,7,Monica,joy,They love my candy? Oh man!!! I've gotta go make more!!,data/raw/MELD-RAW/MELD.Raw/train/train_splits/dia599_utt7.mp4
599,9,Monica,joy,Ross! The neighbors ate all my candy!!,data/raw/MELD-RAW/MELD.Raw/train/train_splits/dia599_utt9.mp4
599,11,Phoebe,neutral,Sure!,data/raw/MELD-RAW/MELD.Raw/train/train_splits/dia599_utt11.mp4
599,14,Phoebe,surprise,Oh my God Ross!!,data/raw/MELD-RAW/MELD.Raw/train/train_splits/dia599_utt14.mp4
599,16,Phoebe,neutral,I,data/raw/MELD-RAW/MELD.Raw/train/train_splits/dia599_utt16.mp4
600,1,Chandler,joy,And there's daddy!,data/raw/MELD-RAW/MELD.Raw/train/train_splits/dia600_utt1.mp4
601,0,Phoebe,surprise,There he is! There he is!,data/raw/MELD-RAW/MELD.Raw/train/train_splits/dia601_utt0.mp4
601,1,Monica,neutral,Where?,data/raw/MELD-RAW/MELD.Raw/train/train_splits/dia601_utt1.mp4
601,2,Phoebe,joy,Right- where we've been looking all night!,data/raw/MELD-RAW/MELD.Raw/train/train_splits/dia601_utt2.mp4
601,4,Monica,joy,"Oh, George, baby, drop the towel!",data/raw/MELD-RAW/MELD.Raw/train/train_splits/dia601_utt4.mp4
602,0,Monica,joy,"I've gotta tell you, Bob is terrific.",data/raw/MELD-RAW/MELD.Raw/train/train_splits/dia602_utt0.mp4
602,2,Monica,joy,"It is so great to meet a guy who is smart and funny, and has an emotional age beyond, like eight.",data/raw/MELD-RAW/MELD.Raw/train/train_splits/dia602_utt2.mp4
602,4,Monica,surprise,Wow. My brother never even told me when he lost his virginity.,data/raw/MELD-RAW/MELD.Raw/train/train_splits/dia602_utt4.mp4
603,5,Chandler,neutral,My favorite part was when,data/raw/MELD-RAW/MELD.Raw/train/train_splits/dia603_utt5.mp4
603,8,Phoebe,neutral,Oh.,data/raw/MELD-RAW/MELD.Raw/train/train_splits/dia603_utt8.mp4
603,12,Phoebe,neutral,Oh.,data/raw/MELD-RAW/MELD.Raw/train/train_splits/dia603_utt12.mp4
603,13,Phoebe,neutral,"Okay, I understand why",data/raw/MELD-RAW/MELD.Raw/train/train_splits/dia603_utt13.mp4
604,1,Monica,joy,I'm quitting!! Woo-hoo!  I'm okay!! I'm all right!!,data/raw/MELD-RAW/MELD.Raw/train/train_splits/dia604_utt1.mp4
604,2,Phoebe,surprise,"Wow! That's exciting, you went to Japan, made up a woman.",data/raw/MELD-RAW/MELD.Raw/train/train_splits/dia604_utt2.mp4
604,4,Phoebe,surprise,"I'm just saying, this woman, I mean she's fictitious. No?",data/raw/MELD-RAW/MELD.Raw/train/train_splits/dia604_utt4.mp4
604,6,Phoebe,neutral,Cause you're still into Monica.,data/raw/MELD-RAW/MELD.Raw/train/train_splits/dia604_utt6.mp4
604,7,Phoebe,neutral,"So you told her there was somebody else so she would agree to work with you, so cause you figure oh if you spent a lot of time together, maybe something might happen, and...",data/raw/MELD-RAW/MELD.Raw/train/train_splits/dia604_utt7.mp4
604,9,Phoebe,neutral,"Yeah, no, I'm fairly intuitive and psychic. It's a substantial gift.",data/raw/MELD-RAW/MELD.Raw/train/train_splits/dia604_utt9.mp4
604,11,Phoebe,neutral,"Absolutely, oh I promise. Tell her what?",data/raw/MELD-RAW/MELD.Raw/train/train_splits/dia604_utt11.mp4
604,13,Phoebe,neutral,"No I'm serious. I mean I'm intuitive, but my memory sucks.",data/raw/MELD-RAW/MELD.Raw/train/train_splits/dia604_utt13.mp4
606,0,Monica,surprise,Do I know you?,data/raw/MELD-RAW/MELD.Raw/train/train_splits/dia606_utt0.mp4
606,1,Monica,surprise,"Oh my god, little Stevie Fisher? How've you been?",data/raw/MELD-RAW/MELD.Raw/train/train_splits/dia606_utt1.mp4
606,3,Monica,surprise,You can't be a lawyer. You're eight.,data/raw/MELD-RAW/MELD.Raw/train/train_splits/dia606_utt3.mp4
606,5,Monica,surprise,"Uh, wait, backstage?",data/raw/MELD-RAW/MELD.Raw/train/train_splits/dia606_utt5.mp4
606,8,Chandler,neutral,Chandler.,data/raw/MELD-RAW/MELD.Raw/train/train_splits/dia606_utt8.mp4
607,2,Chandler,anger,"Hey, y'know, I have had it with you guys and your cancer and your emphysema and your heart disease.",data/raw/MELD-RAW/MELD.Raw/train/train_splits/dia607_utt2.mp4
607,3,Chandler,neutral,"The bottom line is, smoking is cool, and you know it.",data/raw/MELD-RAW/MELD.Raw/train/train_splits/dia607_utt3.mp4
607,5,Chandler,surprise,Really?,data/raw/MELD-RAW/MELD.Raw/train/train_splits/dia607_utt5.mp4
607,6,Chandler,surprise,He does?,data/raw/MELD-RAW/MELD.Raw/train/train_splits/dia607_utt6.mp4
607,7,Chandler,joy,"Hey, buddy, what's up!",data/raw/MELD-RAW/MELD.Raw/train/train_splits/dia607_utt7.mp4
607,8,Chandler,surprise,"Oh, she told you about that, huh.",data/raw/MELD-RAW/MELD.Raw/train/train_splits/dia607_utt8.mp4
607,9,Chandler,neutral,"Well, yeah, I have one now and then.",data/raw/MELD-RAW/MELD.Raw/train/train_splits/dia607_utt9.mp4
607,10,Chandler,neutral,"Well, yeah, now.",data/raw/MELD-RAW/MELD.Raw/train/train_splits/dia607_utt10.mp4
607,11,Chandler,neutral,"Well, it's not that big- ..well, that's true,.. Gee, y'know, no-one- no-one's ever put it like that before.",data/raw/MELD-RAW/MELD.Raw/train/train_splits/dia607_utt11.mp4
607,12,Chandler,joy,"Well, okay, thanks!",data/raw/MELD-RAW/MELD.Raw/train/train_splits/dia607_utt12.mp4
608,0,Phoebe,surprise,"Oh, look look look.",data/raw/MELD-RAW/MELD.Raw/train/train_splits/dia608_utt0.mp4
608,1,Phoebe,neutral,The last candle's about to burn out.,data/raw/MELD-RAW/MELD.Raw/train/train_splits/dia608_utt1.mp4
608,2,Phoebe,neutral,"10, 9, 8, 7... ... negative 46, negative 47, negative 48....",data/raw/MELD-RAW/MELD.Raw/train/train_splits/dia608_utt2.mp4
608,4,Phoebe,neutral,Thanks.,data/raw/MELD-RAW/MELD.Raw/train/train_splits/dia608_utt4.mp4
611,1,Monica,neutral,Could've played,data/raw/MELD-RAW/MELD.Raw/train/train_splits/dia611_utt1.mp4
611,2,Chandler,neutral,Thanks.,data/raw/MELD-RAW/MELD.Raw/train/train_splits/dia611_utt2.mp4
611,4,Chandler,neutral,"Hello? Oh, uh, Rachel, it's the",data/raw/MELD-RAW/MELD.Raw/train/train_splits/dia611_utt4.mp4
611,6,Chandler,neutral,"Alright.  Yes, this is Rachel.",data/raw/MELD-RAW/MELD.Raw/train/train_splits/dia611_utt6.mp4
611,13,Chandler,neutral,"To the left, to the left- aww!",data/raw/MELD-RAW/MELD.Raw/train/train_splits/dia611_utt13.mp4
612,1,Chandler,fear,Please tell me you got the message!,data/raw/MELD-RAW/MELD.Raw/train/train_splits/dia612_utt1.mp4
612,3,Chandler,neutral,"The actor playing Mac couldn't do it, they needed to see you at 2 o'clock.",data/raw/MELD-RAW/MELD.Raw/train/train_splits/dia612_utt3.mp4
612,5,Chandler,fear,"Du-du-I wrote it, I wrote it on the board!",data/raw/MELD-RAW/MELD.Raw/train/train_splits/dia612_utt5.mp4
612,6,Chandler,anger,"I wrote it on the board, then I went all over New York City looking for ya!",data/raw/MELD-RAW/MELD.Raw/train/train_splits/dia612_utt6.mp4
612,7,Chandler,neutral,I went to Ross's!,data/raw/MELD-RAW/MELD.Raw/train/train_splits/dia612_utt7.mp4
612,8,Chandler,neutral,I went to the coffeehouse!,data/raw/MELD-RAW/MELD.Raw/train/train_splits/dia612_utt8.mp4
612,9,Chandler,neutral,I went to any place that they made sandwiches!,data/raw/MELD-RAW/MELD.Raw/train/train_splits/dia612_utt9.mp4
613,1,Phoebe,neutral,That's what you think.,data/raw/MELD-RAW/MELD.Raw/train/train_splits/dia613_utt1.mp4
613,2,Monica,neutral,"Well, I mean what about friends of your grandmother's? Wouldn't they have the recipe?",data/raw/MELD-RAW/MELD.Raw/train/train_splits/dia613_utt2.mp4
613,3,Phoebe,neutral,"Well, y'know I may have relatives in France who would know. My grandmother said she got the recipe from her grandmother, Nesele Tolouse.",data/raw/MELD-RAW/MELD.Raw/train/train_splits/dia613_utt3.mp4
613,4,Monica,neutral,What was her name?,data/raw/MELD-RAW/MELD.Raw/train/train_splits/dia613_utt4.mp4
613,5,Phoebe,neutral,Nestley Toulouse.,data/raw/MELD-RAW/MELD.Raw/train/train_splits/dia613_utt5.mp4
613,6,Monica,neutral,Nestlé Toll House?,data/raw/MELD-RAW/MELD.Raw/train/train_splits/dia613_utt6.mp4
613,7,Phoebe,neutral,"Oh, you Americans always butcher the French language.",data/raw/MELD-RAW/MELD.Raw/train/train_splits/dia613_utt7.mp4
613,8,Phoebe,surprise,Yes!!  Oh.,data/raw/MELD-RAW/MELD.Raw/train/train_splits/dia613_utt8.mp4
613,9,Monica,anger,I cannot believe that I just spent the last two days trying to figure out the recipe and it was in my cupboard the whole time!,data/raw/MELD-RAW/MELD.Raw/train/train_splits/dia613_utt9.mp4
613,10,Phoebe,anger,I know! You see it is stuff like this which is why  you're burning in hell!!,data/raw/MELD-RAW/MELD.Raw/train/train_splits/dia613_utt10.mp4
615,0,Chandler,neutral,"Well, maybe it's a contest, y'know? Like, collect all five?",data/raw/MELD-RAW/MELD.Raw/train/train_splits/dia615_utt0.mp4
615,1,Phoebe,neutral,"Does, um, anyone wanna see?",data/raw/MELD-RAW/MELD.Raw/train/train_splits/dia615_utt1.mp4
615,5,Chandler,anger,"Hey, this is so unfair!",data/raw/MELD-RAW/MELD.Raw/train/train_splits/dia615_utt5.mp4
615,6,Monica,surprise,"Oh, why is it unfair?",data/raw/MELD-RAW/MELD.Raw/train/train_splits/dia615_utt6.mp4
615,7,Chandler,anger,So I have a flaw!,data/raw/MELD-RAW/MELD.Raw/train/train_splits/dia615_utt7.mp4
615,8,Chandler,anger,Big deal!,data/raw/MELD-RAW/MELD.Raw/train/train_splits/dia615_utt8.mp4
615,9,Chandler,anger,Like Joey's constant knuckle-cracking isn't annoying?,data/raw/MELD-RAW/MELD.Raw/train/train_splits/dia615_utt9.mp4
615,10,Chandler,anger,"And Ross, with his over-pronouncing every single word?",data/raw/MELD-RAW/MELD.Raw/train/train_splits/dia615_utt10.mp4
615,11,Chandler,anger,"And Monica, with that snort when she laughs?",data/raw/MELD-RAW/MELD.Raw/train/train_splits/dia615_utt11.mp4
615,12,Chandler,disgust,"I mean, what the hell is that thing?",data/raw/MELD-RAW/MELD.Raw/train/train_splits/dia615_utt12.mp4
615,13,Chandler,anger,"...I accept all those flaws, why can't you accept me for this?",data/raw/MELD-RAW/MELD.Raw/train/train_splits/dia615_utt13.mp4
615,21,Phoebe,neutral,"Yeah, 'cause otherwise someone might get what they actually ordered.",data/raw/MELD-RAW/MELD.Raw/train/train_splits/dia615_utt21.mp4
616,1,Monica,neutral,"Joey, that paper's like a year old!",data/raw/MELD-RAW/MELD.Raw/train/train_splits/dia616_utt1.mp4
617,0,Phoebe,neutral,You're sure? You're absolutely sure?,data/raw/MELD-RAW/MELD.Raw/train/train_splits/dia617_utt0.mp4
617,1,Monica,neutral,"Well, no. But, um, I bet she probably does.",data/raw/MELD-RAW/MELD.Raw/train/train_splits/dia617_utt1.mp4
617,2,Phoebe,neutral,Probably?,data/raw/MELD-RAW/MELD.Raw/train/train_splits/dia617_utt2.mp4
617,3,Phoebe,disgust,"Yeah, I don't like that word.",data/raw/MELD-RAW/MELD.Raw/train/train_splits/dia617_utt3.mp4
617,4,Phoebe,neutral,Kind of what probably' really means.,data/raw/MELD-RAW/MELD.Raw/train/train_splits/dia617_utt4.mp4
617,5,Phoebe,neutral,"Yeah, uh-huh.",data/raw/MELD-RAW/MELD.Raw/train/train_splits/dia617_utt5.mp4
617,6,Phoebe,anger,"Yeah, oh, ""Your mom probably won't kill herself,"" y'know?",data/raw/MELD-RAW/MELD.Raw/train/train_splits/dia617_utt6.mp4
617,7,Phoebe,anger,"I'm sorry, but I'm not hanging all my hopes of Rachel and I living together on-on ""Probably!""",data/raw/MELD-RAW/MELD.Raw/train/train_splits/dia617_utt7.mp4
617,8,Phoebe,neutral,You gotta take care of yourselves!,data/raw/MELD-RAW/MELD.Raw/train/train_splits/dia617_utt8.mp4
617,9,Phoebe,neutral,In,data/raw/MELD-RAW/MELD.Raw/train/train_splits/dia617_utt9.mp4
617,10,Chandler,neutral,"Bing doesn't seem so weird now, does it?",data/raw/MELD-RAW/MELD.Raw/train/train_splits/dia617_utt10.mp4
618,0,Janice,joy,Yoo-hoo! Aaron Litman-Neurolic would like to say hello to his future bride.,data/raw/MELD-RAW/MELD.Raw/train/train_splits/dia618_utt0.mp4
619,0,Janice,neutral,He's a keeper. How are you feeling?,data/raw/MELD-RAW/MELD.Raw/train/train_splits/dia619_utt0.mp4
619,2,Janice,neutral,"Can I just say, I really admire what you're doing. Just raising her all alone.",data/raw/MELD-RAW/MELD.Raw/train/train_splits/dia619_utt2.mp4
619,4,Janice,neutral,"Oh, sure. Now. But what happens when he meets somebody else and gets married?",data/raw/MELD-RAW/MELD.Raw/train/train_splits/dia619_utt4.mp4
619,6,Janice,neutral,"I'm telling you Rachel, listen to Janice. They all say they're gonna be there until they start their real family.",data/raw/MELD-RAW/MELD.Raw/train/train_splits/dia619_utt6.mp4
619,8,Janice,disgust,"Oh well that's what I thought about my first husband, now I'm lucky if my kid gets to spend the weekend with her father and the twins and little Ms. New Boobs.",data/raw/MELD-RAW/MELD.Raw/train/train_splits/dia619_utt8.mp4
620,0,Phoebe,neutral,"And Tim I just wanna say, good luck here.",data/raw/MELD-RAW/MELD.Raw/train/train_splits/dia620_utt0.mp4
622,1,Phoebe,neutral,Yeah?,data/raw/MELD-RAW/MELD.Raw/train/train_splits/dia622_utt1.mp4
622,3,Phoebe,neutral,"He's awfully short and I think he's talking to himself. And to be completely honest, he's not that good in bed.",data/raw/MELD-RAW/MELD.Raw/train/train_splits/dia622_utt3.mp4
622,7,Phoebe,neutral,"Wait a second! This is about the fourth month of your pregnancy, right?",data/raw/MELD-RAW/MELD.Raw/train/train_splits/dia622_utt7.mp4
622,9,Phoebe,neutral,"This is completely normal, around the fourth month your hormones start going crazy.",data/raw/MELD-RAW/MELD.Raw/train/train_splits/dia622_utt9.mp4
622,11,Phoebe,neutral,Oh absolutely yeah!,data/raw/MELD-RAW/MELD.Raw/train/train_splits/dia622_utt11.mp4
622,12,Phoebe,neutral,"Oh and keep in mind, now, I was carrying triplets so in, y'know, medical terms I was-I was thrice as randy.",data/raw/MELD-RAW/MELD.Raw/train/train_splits/dia622_utt12.mp4
622,14,Phoebe,neutral,"Yeah. Yeah, I remember trying to steal a cardboard cutout of Evander Holyfield from a",data/raw/MELD-RAW/MELD.Raw/train/train_splits/dia622_utt14.mp4
623,5,Chandler,joy,Hey!,data/raw/MELD-RAW/MELD.Raw/train/train_splits/dia623_utt5.mp4
623,16,Chandler,surprise,"So you might say, the ring is irreplaceable?",data/raw/MELD-RAW/MELD.Raw/train/train_splits/dia623_utt16.mp4
623,18,Chandler,joy,"So you might say, it's a magic ring.",data/raw/MELD-RAW/MELD.Raw/train/train_splits/dia623_utt18.mp4
626,0,Monica,neutral,"Hi, again.",data/raw/MELD-RAW/MELD.Raw/train/train_splits/dia626_utt0.mp4
626,2,Chandler,neutral,Hey!,data/raw/MELD-RAW/MELD.Raw/train/train_splits/dia626_utt2.mp4
626,3,Monica,joy,"Thank you soo, much.",data/raw/MELD-RAW/MELD.Raw/train/train_splits/dia626_utt3.mp4
626,4,Chandler,anger,"Oh, don't thank me, thank the jerk that never showed up. Okay, I gotta get to get to work.",data/raw/MELD-RAW/MELD.Raw/train/train_splits/dia626_utt4.mp4
626,5,Monica,neutral,You want some help with that?,data/raw/MELD-RAW/MELD.Raw/train/train_splits/dia626_utt5.mp4
626,7,Monica,surprise,Whoa! Are you okay?,data/raw/MELD-RAW/MELD.Raw/train/train_splits/dia626_utt7.mp4
626,9,Monica,neutral,It's the heat.  And-and the humidity.,data/raw/MELD-RAW/MELD.Raw/train/train_splits/dia626_utt9.mp4
626,11,Monica,neutral,Do you wanna come in for some lemonade?,data/raw/MELD-RAW/MELD.Raw/train/train_splits/dia626_utt11.mp4
626,13,Monica,neutral,What do you mean?,data/raw/MELD-RAW/MELD.Raw/train/train_splits/dia626_utt13.mp4
627,0,Phoebe,neutral,Remember how you said you were really dense about poetry? Oh.,data/raw/MELD-RAW/MELD.Raw/train/train_splits/dia627_utt0.mp4
628,6,Monica,neutral,"Joey, why don't you put them in the lost and found?",data/raw/MELD-RAW/MELD.Raw/train/train_splits/dia628_utt6.mp4
628,8,Chandler,surprise,You left a shoe here?!,data/raw/MELD-RAW/MELD.Raw/train/train_splits/dia628_utt8.mp4
628,12,Chandler,neutral,"Oh good, when he comes back for his keys, I'll be sure to give him your shoe.",data/raw/MELD-RAW/MELD.Raw/train/train_splits/dia628_utt12.mp4
629,9,Monica,neutral,Hello?,data/raw/MELD-RAW/MELD.Raw/train/train_splits/dia629_utt9.mp4
629,10,Monica,neutral,"Oh, Hi, JuHi, Jew!",data/raw/MELD-RAW/MELD.Raw/train/train_splits/dia629_utt10.mp4
629,11,Monica,neutral,Uh huh?,data/raw/MELD-RAW/MELD.Raw/train/train_splits/dia629_utt11.mp4
629,12,Monica,neutral,Uh huh?,data/raw/MELD-RAW/MELD.Raw/train/train_splits/dia629_utt12.mp4
629,13,Monica,neutral,"Ok.  Um, sure, that'd be great.",data/raw/MELD-RAW/MELD.Raw/train/train_splits/dia629_utt13.mp4
629,14,Monica,neutral,See ya then.,data/raw/MELD-RAW/MELD.Raw/train/train_splits/dia629_utt14.mp4
629,15,Monica,neutral,Bye.,data/raw/MELD-RAW/MELD.Raw/train/train_splits/dia629_utt15.mp4
629,17,Monica,neutral,"Yes. Uh, yes, I did. That was my friend, Eddie Moskowitz. Yeah, he likes it. Reaffirms his faith.",data/raw/MELD-RAW/MELD.Raw/train/train_splits/dia629_utt17.mp4
630,0,Monica,joy,Now there you go! I wouldn't want my best guest to strain her eyes!,data/raw/MELD-RAW/MELD.Raw/train/train_splits/dia630_utt0.mp4
630,1,Phoebe,joy,Thanks Monica!,data/raw/MELD-RAW/MELD.Raw/train/train_splits/dia630_utt1.mp4
630,2,Monica,disgust,Does that smell bother you?,data/raw/MELD-RAW/MELD.Raw/train/train_splits/dia630_utt2.mp4
630,3,Phoebe,surprise,"What the smell from Joey's? No, I can hardly smell it over here.",data/raw/MELD-RAW/MELD.Raw/train/train_splits/dia630_utt3.mp4
630,4,Monica,neutral,"Well you let me know if you can, because y'know I can bake a pie to cover it.",data/raw/MELD-RAW/MELD.Raw/train/train_splits/dia630_utt4.mp4
630,5,Phoebe,joy,"I can smell it a little, bake the pie.",data/raw/MELD-RAW/MELD.Raw/train/train_splits/dia630_utt5.mp4
630,6,Monica,joy,Okay!,data/raw/MELD-RAW/MELD.Raw/train/train_splits/dia630_utt6.mp4
630,7,Phoebe,neutral,Okay.,data/raw/MELD-RAW/MELD.Raw/train/train_splits/dia630_utt7.mp4
630,8,Monica,neutral,"Hello?  Oh yes, one minute please.  It's for you. It's the fire inspector.",data/raw/MELD-RAW/MELD.Raw/train/train_splits/dia630_utt8.mp4
630,9,Phoebe,surprise,Oh!  Hello?  Yeah this is Phoebe.  Really?!,data/raw/MELD-RAW/MELD.Raw/train/train_splits/dia630_utt9.mp4
632,0,Monica,surprise,Is he crazy?! You just had Ross’s baby!,data/raw/MELD-RAW/MELD.Raw/train/train_splits/dia632_utt0.mp4
632,2,Monica,surprise,What?!,data/raw/MELD-RAW/MELD.Raw/train/train_splits/dia632_utt2.mp4
632,3,Monica,anger,Are you crazy?,data/raw/MELD-RAW/MELD.Raw/train/train_splits/dia632_utt3.mp4
632,4,Monica,anger,You just had Ross’s baby!,data/raw/MELD-RAW/MELD.Raw/train/train_splits/dia632_utt4.mp4
632,5,Monica,anger,It’s-it’s so  inappropriate.,data/raw/MELD-RAW/MELD.Raw/train/train_splits/dia632_utt5.mp4
632,6,Monica,disgust,"No, it’s worse than that.",data/raw/MELD-RAW/MELD.Raw/train/train_splits/dia632_utt6.mp4
632,7,Monica,disgust,It’s wrong.,data/raw/MELD-RAW/MELD.Raw/train/train_splits/dia632_utt7.mp4
632,8,Monica,surprise,It’s… It is bigger than  mine!,data/raw/MELD-RAW/MELD.Raw/train/train_splits/dia632_utt8.mp4
632,10,Monica,sadness,You can’t marry him!,data/raw/MELD-RAW/MELD.Raw/train/train_splits/dia632_utt10.mp4
632,12,Monica,neutral,Well do you love him?,data/raw/MELD-RAW/MELD.Raw/train/train_splits/dia632_utt12.mp4
632,14,Monica,neutral,Sure?,data/raw/MELD-RAW/MELD.Raw/train/train_splits/dia632_utt14.mp4
632,16,Monica,sadness,"Honey, the question is…do you really want to marry Joey?",data/raw/MELD-RAW/MELD.Raw/train/train_splits/dia632_utt16.mp4
633,0,Phoebe,neutral,So-so you two were married huh? What happened? You just drift apart?,data/raw/MELD-RAW/MELD.Raw/train/train_splits/dia633_utt0.mp4
633,2,Phoebe,surprise,Oh my God Monica!,data/raw/MELD-RAW/MELD.Raw/train/train_splits/dia633_utt2.mp4
633,3,Monica,joy,I wanna wear this everyday.,data/raw/MELD-RAW/MELD.Raw/train/train_splits/dia633_utt3.mp4
633,5,Monica,joy,I'm so happy for me.,data/raw/MELD-RAW/MELD.Raw/train/train_splits/dia633_utt5.mp4
635,0,Monica,surprise,Look at that! Look at that! They're going into the first class lounge! Do you know what they have in there?,data/raw/MELD-RAW/MELD.Raw/train/train_splits/dia635_utt0.mp4
635,1,Chandler,neutral,No.,data/raw/MELD-RAW/MELD.Raw/train/train_splits/dia635_utt1.mp4
635,2,Monica,surprise,Me neither! We have to get in!,data/raw/MELD-RAW/MELD.Raw/train/train_splits/dia635_utt2.mp4
635,3,Chandler,neutral,Just act like you belong.,data/raw/MELD-RAW/MELD.Raw/train/train_splits/dia635_utt3.mp4
635,4,Monica,surprise,Oh my God! Oranges!,data/raw/MELD-RAW/MELD.Raw/train/train_splits/dia635_utt4.mp4
635,5,Chandler,neutral,Shh!  Nice to see you again.,data/raw/MELD-RAW/MELD.Raw/train/train_splits/dia635_utt5.mp4
635,7,Chandler,neutral,"Yes, of course.",data/raw/MELD-RAW/MELD.Raw/train/train_splits/dia635_utt7.mp4
635,9,Chandler,neutral,"Oh that's all right, I have it memorized. It's 1A.",data/raw/MELD-RAW/MELD.Raw/train/train_splits/dia635_utt9.mp4
636,5,Phoebe,joy,"Oh let me guess, and you wanna have them all at the same time and you wanna have them for your brother.",data/raw/MELD-RAW/MELD.Raw/train/train_splits/dia636_utt5.mp4
638,8,Monica,joy,"Oh, that's okay, I can't wait to see everything again! All of the memories",data/raw/MELD-RAW/MELD.Raw/train/train_splits/dia638_utt8.mp4
638,10,Monica,neutral,I used to,data/raw/MELD-RAW/MELD.Raw/train/train_splits/dia638_utt10.mp4
638,12,Monica,neutral,"Hey, it is unreasonable to expect a child to wait for a",data/raw/MELD-RAW/MELD.Raw/train/train_splits/dia638_utt12.mp4
639,1,Phoebe,joy,"Hi, I'm Ben. I'm hospital worker Ben. It's Ben... to the rescue!",data/raw/MELD-RAW/MELD.Raw/train/train_splits/dia639_utt1.mp4
639,8,Phoebe,neutral,"Well, Susan, I see what appears to be a dark vent. Wait. Yes, it is in fact a dark vent.",data/raw/MELD-RAW/MELD.Raw/train/train_splits/dia639_utt8.mp4
641,1,Chandler,fear,Did she call? You-you told her I was sick right? Always tell her I am sick!,data/raw/MELD-RAW/MELD.Raw/train/train_splits/dia641_utt1.mp4
642,0,Monica,neutral,"Chandler, listen to me sweetie, I know you can do this. Okay? You have a beautiful smile.",data/raw/MELD-RAW/MELD.Raw/train/train_splits/dia642_utt0.mp4
642,1,Chandler,surprise,I do?,data/raw/MELD-RAW/MELD.Raw/train/train_splits/dia642_utt1.mp4
642,2,Monica,neutral,"Yeah!  All right, maybe you don't have to smile. Let's try something else. Let's try umm, try looking sexy.",data/raw/MELD-RAW/MELD.Raw/train/train_splits/dia642_utt2.mp4
642,3,Chandler,neutral,Okay.,data/raw/MELD-RAW/MELD.Raw/train/train_splits/dia642_utt3.mp4
642,4,Monica,neutral,Or not.,data/raw/MELD-RAW/MELD.Raw/train/train_splits/dia642_utt4.mp4
643,0,Phoebe,neutral,Where's Chandler?,data/raw/MELD-RAW/MELD.Raw/train/train_splits/dia643_utt0.mp4
643,1,Chandler,neutral,Here I am.,data/raw/MELD-RAW/MELD.Raw/train/train_splits/dia643_utt1.mp4
643,2,Phoebe,disgust,Wash your hands!!!,data/raw/MELD-RAW/MELD.Raw/train/train_splits/dia643_utt2.mp4
643,3,Chandler,surprise,How did youknow?,data/raw/MELD-RAW/MELD.Raw/train/train_splits/dia643_utt3.mp4
643,5,Monica,neutral,"Relax, Ross. She's not made of ice cream!",data/raw/MELD-RAW/MELD.Raw/train/train_splits/dia643_utt5.mp4
644,0,Monica,surprise,What happened in Atlantic City?!,data/raw/MELD-RAW/MELD.Raw/train/train_splits/dia644_utt0.mp4
644,2,Chandler,anger,"Did you not hear me say, ""Du-ude?!""",data/raw/MELD-RAW/MELD.Raw/train/train_splits/dia644_utt2.mp4
644,6,Monica,surprise,You kissed a guy?!! Oh my God.,data/raw/MELD-RAW/MELD.Raw/train/train_splits/dia644_utt6.mp4
644,7,Chandler,anger,"In my defense, it was dark and he was a very pretty guy.",data/raw/MELD-RAW/MELD.Raw/train/train_splits/dia644_utt7.mp4
644,9,Chandler,anger,"Ho-ho, so hard we had to throw out your underwear again?",data/raw/MELD-RAW/MELD.Raw/train/train_splits/dia644_utt9.mp4
645,12,Monica,neutral,It,data/raw/MELD-RAW/MELD.Raw/train/train_splits/dia645_utt12.mp4
645,14,Phoebe,surprise,Hey! Why are you all red and sweaty?,data/raw/MELD-RAW/MELD.Raw/train/train_splits/dia645_utt14.mp4
645,16,Phoebe,neutral,Not if you were here.,data/raw/MELD-RAW/MELD.Raw/train/train_splits/dia645_utt16.mp4
646,0,Monica,neutral,"Okay, the reason why I asked you guys out to brunch today is because I have been doing some thinking about who should be my maid of honor.",data/raw/MELD-RAW/MELD.Raw/train/train_splits/dia646_utt0.mp4
646,2,Phoebe,neutral,I hope it's you.,data/raw/MELD-RAW/MELD.Raw/train/train_splits/dia646_utt2.mp4
646,4,Monica,joy,"First of all um, I love you both so much and you're both so important to me",data/raw/MELD-RAW/MELD.Raw/train/train_splits/dia646_utt4.mp4
646,6,Monica,neutral,"Well umm, I was thinking that maybe we could come up with a system where we trade off being maid of honor for each other.",data/raw/MELD-RAW/MELD.Raw/train/train_splits/dia646_utt6.mp4
646,7,Monica,neutral,"Like hypothetically, if Phoebe were mine",data/raw/MELD-RAW/MELD.Raw/train/train_splits/dia646_utt7.mp4
646,8,Phoebe,joy,Yes!!! Oh!!,data/raw/MELD-RAW/MELD.Raw/train/train_splits/dia646_utt8.mp4
646,10,Phoebe,neutral,Still.,data/raw/MELD-RAW/MELD.Raw/train/train_splits/dia646_utt10.mp4
646,11,Monica,neutral,If Phoebe were my maid of honor,data/raw/MELD-RAW/MELD.Raw/train/train_splits/dia646_utt11.mp4
646,12,Monica,neutral,"Rachel would be Phoebe's, I would be Rachel's, that way we all get to do it once and no one would get upset.",data/raw/MELD-RAW/MELD.Raw/train/train_splits/dia646_utt12.mp4
646,14,Phoebe,neutral,"Yeah, I'll do that. So who gets to be yours?",data/raw/MELD-RAW/MELD.Raw/train/train_splits/dia646_utt14.mp4
646,15,Monica,neutral,"Well that's the best part. Umm,",data/raw/MELD-RAW/MELD.Raw/train/train_splits/dia646_utt15.mp4
646,16,Phoebe,surprise,Wh-why is that the best part?,data/raw/MELD-RAW/MELD.Raw/train/train_splits/dia646_utt16.mp4
646,17,Monica,joy,Because then I don't have to!,data/raw/MELD-RAW/MELD.Raw/train/train_splits/dia646_utt17.mp4
646,19,Monica,joy,I'm really not deciding!,data/raw/MELD-RAW/MELD.Raw/train/train_splits/dia646_utt19.mp4
646,21,Phoebe,joy,"Aww, and good luck to you too!  What a nice lady!",data/raw/MELD-RAW/MELD.Raw/train/train_splits/dia646_utt21.mp4
647,0,Chandler,neutral,"If you wanna give Joey a Christmas present that disrupts the entire building, why not get him something a little bit more subtle, like a wrecking ball, or a phial of small pox to release in the hallway?",data/raw/MELD-RAW/MELD.Raw/train/train_splits/dia647_utt0.mp4
648,0,Monica,neutral,It's not just the drum noise.,data/raw/MELD-RAW/MELD.Raw/train/train_splits/dia648_utt0.mp4
648,1,Monica,anger,"Every five minutes, Joey throws his sticks in the air, and I have to hear, ""Oh my eye!",data/raw/MELD-RAW/MELD.Raw/train/train_splits/dia648_utt1.mp4
648,2,Monica,anger,"Oh god, my eye!""",data/raw/MELD-RAW/MELD.Raw/train/train_splits/dia648_utt2.mp4
648,3,Monica,anger,"I mean, it is so annoying.",data/raw/MELD-RAW/MELD.Raw/train/train_splits/dia648_utt3.mp4
648,4,Phoebe,neutral,"Yes, thank you. You see, this is how normal people are supposed to react to drums.",data/raw/MELD-RAW/MELD.Raw/train/train_splits/dia648_utt4.mp4
648,5,Monica,surprise,"Phoebe, you got Joey drums to annoy Rachel, so she wouldn't wanna live there anymore?",data/raw/MELD-RAW/MELD.Raw/train/train_splits/dia648_utt5.mp4
648,6,Phoebe,neutral,Maybe on some level.,data/raw/MELD-RAW/MELD.Raw/train/train_splits/dia648_utt6.mp4
650,1,Monica,neutral,"Yeah, I know. He can get really competitive.",data/raw/MELD-RAW/MELD.Raw/train/train_splits/dia650_utt1.mp4
650,2,Phoebe,joy,"Ha. Ha, ha.",data/raw/MELD-RAW/MELD.Raw/train/train_splits/dia650_utt2.mp4
650,3,Monica,neutral,What?,data/raw/MELD-RAW/MELD.Raw/train/train_splits/dia650_utt3.mp4
650,4,Phoebe,neutral,"Oh, hello, kettle? This is Monica. You're black.",data/raw/MELD-RAW/MELD.Raw/train/train_splits/dia650_utt4.mp4
650,5,Monica,disgust,Please! I am not as bad as Ross.,data/raw/MELD-RAW/MELD.Raw/train/train_splits/dia650_utt5.mp4
650,7,Monica,neutral,That was,data/raw/MELD-RAW/MELD.Raw/train/train_splits/dia650_utt7.mp4
651,10,Monica,anger,What are you guys doing here?,data/raw/MELD-RAW/MELD.Raw/train/train_splits/dia651_utt10.mp4
651,12,Monica,neutral,...What did I ask?,data/raw/MELD-RAW/MELD.Raw/train/train_splits/dia651_utt12.mp4
652,1,Monica,disgust,"Did anybody else feel they just wanted to peel the skin off their body, to have something else to do?",data/raw/MELD-RAW/MELD.Raw/train/train_splits/dia652_utt1.mp4
652,2,Chandler,neutral,"Ross, ten o'clock.",data/raw/MELD-RAW/MELD.Raw/train/train_splits/dia652_utt2.mp4
652,4,Chandler,neutral,"No,",data/raw/MELD-RAW/MELD.Raw/train/train_splits/dia652_utt4.mp4
652,5,Chandler,joy,"There's a beautiful woman at eight, nine, ten o'clock!",data/raw/MELD-RAW/MELD.Raw/train/train_splits/dia652_utt5.mp4
652,7,Chandler,joy,"She's amazing! She makes the women that I dream about look like short, fat, bald men!",data/raw/MELD-RAW/MELD.Raw/train/train_splits/dia652_utt7.mp4
652,8,Monica,joy,"Well, go over to her! She's not with anyone.",data/raw/MELD-RAW/MELD.Raw/train/train_splits/dia652_utt8.mp4
652,9,Chandler,fear,"Oh yeah, and what would my opening line be? 'Excuse me. Blarrglarrghh.'",data/raw/MELD-RAW/MELD.Raw/train/train_splits/dia652_utt9.mp4
652,11,Chandler,neutral,"Oh please, could she",data/raw/MELD-RAW/MELD.Raw/train/train_splits/dia652_utt11.mp4
652,13,Phoebe,neutral,"Oh, oh, but y'know, you always see these really beautiful women with these really nothing guys, you could be one of those guys.",data/raw/MELD-RAW/MELD.Raw/train/train_splits/dia652_utt13.mp4
652,14,Monica,joy,You could do that!,data/raw/MELD-RAW/MELD.Raw/train/train_splits/dia652_utt14.mp4
652,15,Chandler,surprise,You think?,data/raw/MELD-RAW/MELD.Raw/train/train_splits/dia652_utt15.mp4
653,0,Chandler,neutral,"OK, that's enough of the view. Check this out, look at this. Sit down, sit down.",data/raw/MELD-RAW/MELD.Raw/train/train_splits/dia653_utt0.mp4
653,1,Phoebe,neutral,OK.,data/raw/MELD-RAW/MELD.Raw/train/train_splits/dia653_utt1.mp4
653,2,Chandler,joy,"This is great!  Helen, could you come in here for a moment?",data/raw/MELD-RAW/MELD.Raw/train/train_splits/dia653_utt2.mp4
653,3,Chandler,neutral,"Thank you Helen, that'll be all.",data/raw/MELD-RAW/MELD.Raw/train/train_splits/dia653_utt3.mp4
653,4,Chandler,neutral,"Last time I do that, I promise.",data/raw/MELD-RAW/MELD.Raw/train/train_splits/dia653_utt4.mp4
654,0,Chandler,sadness,"I am so, so, so, so sorry!",data/raw/MELD-RAW/MELD.Raw/train/train_splits/dia654_utt0.mp4
654,1,Monica,disgust,Uh-huh.,data/raw/MELD-RAW/MELD.Raw/train/train_splits/dia654_utt1.mp4
654,2,Chandler,fear,"And I will cook anything you want in here , and do anything in there!",data/raw/MELD-RAW/MELD.Raw/train/train_splits/dia654_utt2.mp4
654,3,Monica,anger,"Yeah you will!  And, are you kiddin' me?!",data/raw/MELD-RAW/MELD.Raw/train/train_splits/dia654_utt3.mp4
654,4,Chandler,sadness,"Come on Monica, it's our Valentine's Day. Please? Please-please, please?",data/raw/MELD-RAW/MELD.Raw/train/train_splits/dia654_utt4.mp4
654,5,Monica,neutral,Okay.,data/raw/MELD-RAW/MELD.Raw/train/train_splits/dia654_utt5.mp4
654,6,Chandler,neutral,Okay.,data/raw/MELD-RAW/MELD.Raw/train/train_splits/dia654_utt6.mp4
654,7,Chandler,neutral,"So, are we going in there?",data/raw/MELD-RAW/MELD.Raw/train/train_splits/dia654_utt7.mp4
654,8,Monica,joy,I am!!,data/raw/MELD-RAW/MELD.Raw/train/train_splits/dia654_utt8.mp4
656,0,Monica,joy,"Rach, you're in a great place in your life. Come on, you've got a great job! Good friends",data/raw/MELD-RAW/MELD.Raw/train/train_splits/dia656_utt0.mp4
657,0,Monica,joy,Yeah! So-so when are you getting married?,data/raw/MELD-RAW/MELD.Raw/train/train_splits/dia657_utt0.mp4
657,6,Monica,neutral,Oh May 15,data/raw/MELD-RAW/MELD.Raw/train/train_splits/dia657_utt6.mp4
657,9,Monica,neutral,Jeffrey,data/raw/MELD-RAW/MELD.Raw/train/train_splits/dia657_utt9.mp4
657,11,Monica,surprise,The best man? Wow!,data/raw/MELD-RAW/MELD.Raw/train/train_splits/dia657_utt11.mp4
657,13,Monica,neutral,"Oh, my fiancee wants the Swing Kings.",data/raw/MELD-RAW/MELD.Raw/train/train_splits/dia657_utt13.mp4
657,15,Phoebe,joy,"Ooh, is that spelled with a C' or a K'? Oh my God! It doesn't matter; they're both great!",data/raw/MELD-RAW/MELD.Raw/train/train_splits/dia657_utt15.mp4
658,0,Chandler,neutral,"I am telling you, years from now, schoolchildren will study it as one of the greatest first dates of all time.",data/raw/MELD-RAW/MELD.Raw/train/train_splits/dia658_utt0.mp4
658,1,Chandler,surprise,It was unbelievable!,data/raw/MELD-RAW/MELD.Raw/train/train_splits/dia658_utt1.mp4
658,2,Chandler,joy,"We could totally be ourselves, we didn't have to play any games...",data/raw/MELD-RAW/MELD.Raw/train/train_splits/dia658_utt2.mp4
658,3,Monica,neutral,So have you called her yet?,data/raw/MELD-RAW/MELD.Raw/train/train_splits/dia658_utt3.mp4
658,4,Chandler,fear,Let her know I like her?,data/raw/MELD-RAW/MELD.Raw/train/train_splits/dia658_utt4.mp4
658,5,Chandler,anger,"What are you, insane?",data/raw/MELD-RAW/MELD.Raw/train/train_splits/dia658_utt5.mp4
658,6,Chandler,joy,It's the next day!,data/raw/MELD-RAW/MELD.Raw/train/train_splits/dia658_utt6.mp4
658,7,Chandler,neutral,How needy do I want to seem?,data/raw/MELD-RAW/MELD.Raw/train/train_splits/dia658_utt7.mp4
658,8,Chandler,neutral,"I'm right, right?",data/raw/MELD-RAW/MELD.Raw/train/train_splits/dia658_utt8.mp4
658,10,Monica,surprise,I can't believe my parents are actually pressuring me to find one of you people.,data/raw/MELD-RAW/MELD.Raw/train/train_splits/dia658_utt10.mp4
658,11,Phoebe,anger,"Oh, God, just do it!  Call her! Stop being so testosteroney!",data/raw/MELD-RAW/MELD.Raw/train/train_splits/dia658_utt11.mp4
658,12,Chandler,neutral,"Which, by the way, is the real San Francisco treat.  I got her machine.",data/raw/MELD-RAW/MELD.Raw/train/train_splits/dia658_utt12.mp4
658,14,Chandler,neutral,"No, interestingly enough her leaf blower picked up.",data/raw/MELD-RAW/MELD.Raw/train/train_splits/dia658_utt14.mp4
658,15,Phoebe,neutral,"So, uh, why didn't you say anything?",data/raw/MELD-RAW/MELD.Raw/train/train_splits/dia658_utt15.mp4
658,16,Chandler,disgust,"Oh, no-no-no-no. Last time I left a spontaneous message I ended up using the phrase ""Yes indeedy-o.""",data/raw/MELD-RAW/MELD.Raw/train/train_splits/dia658_utt16.mp4
658,17,Monica,surprise,"Look look! It's Rachel and Barry. No, don't everybody look at once!",data/raw/MELD-RAW/MELD.Raw/train/train_splits/dia658_utt17.mp4
658,19,Phoebe,neutral,"Okay, they're just talking...",data/raw/MELD-RAW/MELD.Raw/train/train_splits/dia658_utt19.mp4
661,1,Chandler,surprise,That's patio furniture!,data/raw/MELD-RAW/MELD.Raw/train/train_splits/dia661_utt1.mp4
661,3,Chandler,neutral,What about the birds?,data/raw/MELD-RAW/MELD.Raw/train/train_splits/dia661_utt3.mp4
661,5,Chandler,neutral,You pick one.,data/raw/MELD-RAW/MELD.Raw/train/train_splits/dia661_utt5.mp4
661,7,Chandler,anger,"Oh, so, forget about the birds, but big red insects suggest fine dining!",data/raw/MELD-RAW/MELD.Raw/train/train_splits/dia661_utt7.mp4
661,9,Chandler,sadness,"Not like that, I won't!  Kip would have liked the birds!",data/raw/MELD-RAW/MELD.Raw/train/train_splits/dia661_utt9.mp4
663,0,Chandler,joy,That was amazing!,data/raw/MELD-RAW/MELD.Raw/train/train_splits/dia663_utt0.mp4
663,1,Monica,neutral,Phoebe and Gary are,data/raw/MELD-RAW/MELD.Raw/train/train_splits/dia663_utt1.mp4
663,2,Chandler,joy,That was amazing.,data/raw/MELD-RAW/MELD.Raw/train/train_splits/dia663_utt2.mp4
663,3,Monica,joy,We are the hottest! Huh?,data/raw/MELD-RAW/MELD.Raw/train/train_splits/dia663_utt3.mp4
663,4,Chandler,neutral,"No, you're the best.",data/raw/MELD-RAW/MELD.Raw/train/train_splits/dia663_utt4.mp4
663,5,Monica,neutral,"No, you're the best.",data/raw/MELD-RAW/MELD.Raw/train/train_splits/dia663_utt5.mp4
663,6,Chandler,neutral,"No, you're the best.",data/raw/MELD-RAW/MELD.Raw/train/train_splits/dia663_utt6.mp4
663,7,Monica,neutral,I,data/raw/MELD-RAW/MELD.Raw/train/train_splits/dia663_utt7.mp4
663,9,Monica,neutral,Hey Joey! Isn't that the girl that waved at you the other day?,data/raw/MELD-RAW/MELD.Raw/train/train_splits/dia663_utt9.mp4
664,2,Chandler,sadness,"Hey, no way! Come on, this is you guys, call her and work it out.",data/raw/MELD-RAW/MELD.Raw/train/train_splits/dia664_utt2.mp4
664,4,Chandler,anger,"Hey, this isn't like swimming after you eat, pick up the phone!!",data/raw/MELD-RAW/MELD.Raw/train/train_splits/dia664_utt4.mp4
664,5,Chandler,neutral,Y'know that whole swimming thing is a myth.,data/raw/MELD-RAW/MELD.Raw/train/train_splits/dia664_utt5.mp4
664,7,Chandler,neutral,Why? What happened to him?,data/raw/MELD-RAW/MELD.Raw/train/train_splits/dia664_utt7.mp4
665,1,Phoebe,joy,Oh! I knew it! I knew it! I felt really thick this morning.,data/raw/MELD-RAW/MELD.Raw/train/train_splits/dia665_utt1.mp4
665,4,Phoebe,surprise,"Embryossss? As in, ""More than one?""",data/raw/MELD-RAW/MELD.Raw/train/train_splits/dia665_utt4.mp4
665,6,Phoebe,neutral,"Five? Okay, where am I giving birth, a hospital or a big box under the stairs?",data/raw/MELD-RAW/MELD.Raw/train/train_splits/dia665_utt6.mp4
665,8,Phoebe,surprise,That's it! 25 percent? That means that's it's like 75 percent chance of no baby at all!,data/raw/MELD-RAW/MELD.Raw/train/train_splits/dia665_utt8.mp4
665,11,Phoebe,neutral,"Okay, well y'know what, don't worry you guys, cause I'm-I'm gonna do this as many times as it takes to get it right.",data/raw/MELD-RAW/MELD.Raw/train/train_splits/dia665_utt11.mp4
665,15,Phoebe,disgust,"Whoa!! Thatokay, that's a",data/raw/MELD-RAW/MELD.Raw/train/train_splits/dia665_utt15.mp4
665,17,Phoebe,surprise,Wow! You guys really don't know anything!,data/raw/MELD-RAW/MELD.Raw/train/train_splits/dia665_utt17.mp4
666,1,Monica,neutral,Hey!,data/raw/MELD-RAW/MELD.Raw/train/train_splits/dia666_utt1.mp4
666,3,Phoebe,disgust,"Oh, I took Larry there to eat but it was all violated. So we shut it down!",data/raw/MELD-RAW/MELD.Raw/train/train_splits/dia666_utt3.mp4
666,5,Monica,neutral,"I don't know, clean places?",data/raw/MELD-RAW/MELD.Raw/train/train_splits/dia666_utt5.mp4
666,7,Monica,neutral,It's Danny.,data/raw/MELD-RAW/MELD.Raw/train/train_splits/dia666_utt7.mp4
666,9,Monica,anger,We'll be right there!  Can't you just say it starts later?,data/raw/MELD-RAW/MELD.Raw/train/train_splits/dia666_utt9.mp4
666,11,Monica,anger,The fake kind!,data/raw/MELD-RAW/MELD.Raw/train/train_splits/dia666_utt11.mp4
666,13,Monica,neutral,We have a ladle.,data/raw/MELD-RAW/MELD.Raw/train/train_splits/dia666_utt13.mp4
666,15,Monica,joy,"Okay, great!",data/raw/MELD-RAW/MELD.Raw/train/train_splits/dia666_utt15.mp4
666,16,Phoebe,neutral,"Hey, guys, you know what Larry would say? He would say, ""See you ladle.""",data/raw/MELD-RAW/MELD.Raw/train/train_splits/dia666_utt16.mp4
667,0,Monica,joy,You're so efficient. I love you!,data/raw/MELD-RAW/MELD.Raw/train/train_splits/dia667_utt0.mp4
667,1,Chandler,joy,Let's go!,data/raw/MELD-RAW/MELD.Raw/train/train_splits/dia667_utt1.mp4
667,2,Monica,sadness,No-no-no! We need something old!,data/raw/MELD-RAW/MELD.Raw/train/train_splits/dia667_utt2.mp4
667,3,Chandler,neutral,"Ohh, great, I have condom in my wallet I've had since I was twelve.",data/raw/MELD-RAW/MELD.Raw/train/train_splits/dia667_utt3.mp4
667,4,Monica,joy,That'll work!,data/raw/MELD-RAW/MELD.Raw/train/train_splits/dia667_utt4.mp4
667,5,Chandler,neutral,I don't think so.,data/raw/MELD-RAW/MELD.Raw/train/train_splits/dia667_utt5.mp4
667,6,Monica,joy,"Okay, now we just need something borrowed!",data/raw/MELD-RAW/MELD.Raw/train/train_splits/dia667_utt6.mp4
667,7,Chandler,neutral,Here justtake this.,data/raw/MELD-RAW/MELD.Raw/train/train_splits/dia667_utt7.mp4
667,8,Monica,sadness,That's stealing!,data/raw/MELD-RAW/MELD.Raw/train/train_splits/dia667_utt8.mp4
667,9,Chandler,neutral,"No, we'll-we'll bring it back! Just put it under your dress.",data/raw/MELD-RAW/MELD.Raw/train/train_splits/dia667_utt9.mp4
668,0,Monica,joy,Ohh.,data/raw/MELD-RAW/MELD.Raw/train/train_splits/dia668_utt0.mp4
668,1,Chandler,neutral,"Okay, one thing at a time.",data/raw/MELD-RAW/MELD.Raw/train/train_splits/dia668_utt1.mp4
670,0,Monica,joy,Noooo!  I'm lying. I am so drunk.,data/raw/MELD-RAW/MELD.Raw/train/train_splits/dia670_utt0.mp4
670,4,Monica,joy,Water rules!,data/raw/MELD-RAW/MELD.Raw/train/train_splits/dia670_utt4.mp4
670,6,Monica,neutral,Nope. Going to the,data/raw/MELD-RAW/MELD.Raw/train/train_splits/dia670_utt6.mp4
670,8,Monica,joy,"No, it is me!",data/raw/MELD-RAW/MELD.Raw/train/train_splits/dia670_utt8.mp4
670,9,Monica,anger,"Y'know, I'm not just the person who needs to fluff the pillows and pay the bills as soon as they come in!",data/raw/MELD-RAW/MELD.Raw/train/train_splits/dia670_utt9.mp4
670,10,Monica,joy,"Y'know, when I'm with her, I am so much more than that.",data/raw/MELD-RAW/MELD.Raw/train/train_splits/dia670_utt10.mp4
670,11,Monica,joy,I'm- I'm Monana!,data/raw/MELD-RAW/MELD.Raw/train/train_splits/dia670_utt11.mp4
670,13,Monica,joy,Helloooo? Yeah. Oh my God. Thanks.,data/raw/MELD-RAW/MELD.Raw/train/train_splits/dia670_utt13.mp4
670,15,Monica,sadness,They've arrested Monica.,data/raw/MELD-RAW/MELD.Raw/train/train_splits/dia670_utt15.mp4
674,2,Phoebe,neutral,"Alright, here's my $7.50.  But I think you should know that this money is cursed.",data/raw/MELD-RAW/MELD.Raw/train/train_splits/dia674_utt2.mp4
674,4,Phoebe,neutral,"Oh, I cursed it. So now bad things will happen to he who spends it.",data/raw/MELD-RAW/MELD.Raw/train/train_splits/dia674_utt4.mp4
674,5,Chandler,neutral,"That's alright, I'll take it.",data/raw/MELD-RAW/MELD.Raw/train/train_splits/dia674_utt5.mp4
674,6,Chandler,neutral,Bad things happen to me anyway.,data/raw/MELD-RAW/MELD.Raw/train/train_splits/dia674_utt6.mp4
674,7,Chandler,neutral,This way I can break 'em up with a movie.,data/raw/MELD-RAW/MELD.Raw/train/train_splits/dia674_utt7.mp4
675,0,Phoebe,neutral,You wanna do it right now?,data/raw/MELD-RAW/MELD.Raw/train/train_splits/dia675_utt0.mp4
675,2,Phoebe,neutral,"Ok, I just wanna be really sure this time. Andie McDowell's the girl from",data/raw/MELD-RAW/MELD.Raw/train/train_splits/dia675_utt2.mp4
675,4,Phoebe,neutral,"Oh, yeah. Ok, thank you.",data/raw/MELD-RAW/MELD.Raw/train/train_splits/dia675_utt4.mp4
677,1,Chandler,neutral,"Your liking it, huh?",data/raw/MELD-RAW/MELD.Raw/train/train_splits/dia677_utt1.mp4
678,0,Phoebe,neutral,Chandler.,data/raw/MELD-RAW/MELD.Raw/train/train_splits/dia678_utt0.mp4
678,1,Chandler,neutral,Hi.,data/raw/MELD-RAW/MELD.Raw/train/train_splits/dia678_utt1.mp4
678,3,Phoebe,neutral,Joey.,data/raw/MELD-RAW/MELD.Raw/train/train_splits/dia678_utt3.mp4
678,6,Phoebe,neutral,This is Monica.,data/raw/MELD-RAW/MELD.Raw/train/train_splits/dia678_utt6.mp4
678,8,Phoebe,neutral,And this is Rachel.,data/raw/MELD-RAW/MELD.Raw/train/train_splits/dia678_utt8.mp4
678,11,Phoebe,neutral,I'm gonna get coffee.,data/raw/MELD-RAW/MELD.Raw/train/train_splits/dia678_utt11.mp4
678,13,Chandler,neutral,"We don't, really.",data/raw/MELD-RAW/MELD.Raw/train/train_splits/dia678_utt13.mp4
678,15,Phoebe,joy,"Oh yeah! Yeah, no, we're gonna connect, y'know bond, and everything.",data/raw/MELD-RAW/MELD.Raw/train/train_splits/dia678_utt15.mp4
678,18,Chandler,neutral,"You know, we don't really take advantage of living in the city.",data/raw/MELD-RAW/MELD.Raw/train/train_splits/dia678_utt18.mp4
679,1,Chandler,neutral,Okay.,data/raw/MELD-RAW/MELD.Raw/train/train_splits/dia679_utt1.mp4
679,3,Chandler,joy,"Oh, well thank you in advance.",data/raw/MELD-RAW/MELD.Raw/train/train_splits/dia679_utt3.mp4
679,7,Chandler,joy,Hey!!,data/raw/MELD-RAW/MELD.Raw/train/train_splits/dia679_utt7.mp4
679,9,Chandler,joy,Oh that's right. It's your first day! So are you psyched to fight fake crime with your robot sidekick?,data/raw/MELD-RAW/MELD.Raw/train/train_splits/dia679_utt9.mp4
679,11,Phoebe,neutral,"No! Joey, you're going to be great!",data/raw/MELD-RAW/MELD.Raw/train/train_splits/dia679_utt11.mp4
679,15,Monica,anger,I think our lover's spat will start a little early this month.,data/raw/MELD-RAW/MELD.Raw/train/train_splits/dia679_utt15.mp4
679,16,Phoebe,neutral,I'll be waiting.,data/raw/MELD-RAW/MELD.Raw/train/train_splits/dia679_utt16.mp4
680,0,Monica,joy,"Now, this is last minute so I want to apologize for the mess. Okay?",data/raw/MELD-RAW/MELD.Raw/train/train_splits/dia680_utt0.mp4
680,2,Monica,surprise,I know!,data/raw/MELD-RAW/MELD.Raw/train/train_splits/dia680_utt2.mp4
680,3,Monica,joy,"Now look, there's only one problem though.",data/raw/MELD-RAW/MELD.Raw/train/train_splits/dia680_utt3.mp4
680,4,Monica,neutral,"There's only room for one, so I guess one of you will have to stay at Joey's.",data/raw/MELD-RAW/MELD.Raw/train/train_splits/dia680_utt4.mp4
680,5,Phoebe,sadness,"Well, since the fire was kinda my fault I guess  you should get to stay here.",data/raw/MELD-RAW/MELD.Raw/train/train_splits/dia680_utt5.mp4
680,7,Phoebe,neutral,"Well no, it was my fault so you should get the nice room.",data/raw/MELD-RAW/MELD.Raw/train/train_splits/dia680_utt7.mp4
680,9,Monica,joy,So Rach!,data/raw/MELD-RAW/MELD.Raw/train/train_splits/dia680_utt9.mp4
680,10,Monica,joy,You're the first guest at Hotel Monica!,data/raw/MELD-RAW/MELD.Raw/train/train_splits/dia680_utt10.mp4
680,11,Monica,neutral,"Umm, you'll just have to tell me how you like your eggs in the morning.",data/raw/MELD-RAW/MELD.Raw/train/train_splits/dia680_utt11.mp4
680,12,Monica,neutral,"And I thought I would bring them to you, y'know, in bed.",data/raw/MELD-RAW/MELD.Raw/train/train_splits/dia680_utt12.mp4
680,13,Monica,sadness,"Oh, you have been through so much.",data/raw/MELD-RAW/MELD.Raw/train/train_splits/dia680_utt13.mp4
681,0,Monica,neutral,This is just Bactine. It won't hurt.,data/raw/MELD-RAW/MELD.Raw/train/train_splits/dia681_utt0.mp4
681,2,Phoebe,sadness,"Oh, poor little Tooty is scared to death. We should find his owner.",data/raw/MELD-RAW/MELD.Raw/train/train_splits/dia681_utt2.mp4
682,4,Chandler,neutral,"And sometimes, I'll want you to steal third, and I'll go like this.",data/raw/MELD-RAW/MELD.Raw/train/train_splits/dia682_utt4.mp4
682,5,Monica,joy,He is so amazing.,data/raw/MELD-RAW/MELD.Raw/train/train_splits/dia682_utt5.mp4
682,8,Phoebe,joy,"Oh, look, look, he's closing his eyes.  Look, he's opening his eyes.",data/raw/MELD-RAW/MELD.Raw/train/train_splits/dia682_utt8.mp4
682,14,Phoebe,neutral,"Oh, look, he's closing his eyes again.",data/raw/MELD-RAW/MELD.Raw/train/train_splits/dia682_utt14.mp4
684,0,Chandler,neutral,"Well, thank you for lunch.",data/raw/MELD-RAW/MELD.Raw/train/train_splits/dia684_utt0.mp4
684,2,Chandler,neutral,So apparently we just don't pay for food anymore.  Do you see what I see?,data/raw/MELD-RAW/MELD.Raw/train/train_splits/dia684_utt2.mp4
685,0,Monica,neutral,How did it go?,data/raw/MELD-RAW/MELD.Raw/train/train_splits/dia685_utt0.mp4
685,1,Chandler,neutral,Had the money in the wrong hand.,data/raw/MELD-RAW/MELD.Raw/train/train_splits/dia685_utt1.mp4
686,0,Monica,neutral,"All right, I'm gonna go steam my wedding dress okay? Who wants the responsibility of making sure nothing happens to it?",data/raw/MELD-RAW/MELD.Raw/train/train_splits/dia686_utt0.mp4
686,2,Monica,neutral,Who wants it? Anybody?,data/raw/MELD-RAW/MELD.Raw/train/train_splits/dia686_utt2.mp4
686,4,Monica,disgust,"Nobody wants to do it? All right, I'll do it myself.",data/raw/MELD-RAW/MELD.Raw/train/train_splits/dia686_utt4.mp4
686,6,Monica,sadness,"You're right, I'm sorry.",data/raw/MELD-RAW/MELD.Raw/train/train_splits/dia686_utt6.mp4
686,7,Monica,joy,Actually you were a big help tonight.,data/raw/MELD-RAW/MELD.Raw/train/train_splits/dia686_utt7.mp4
686,8,Monica,neutral,"Yeah, and thanks for putting my grandmother in the cab and making sure she got to the hotel safely.",data/raw/MELD-RAW/MELD.Raw/train/train_splits/dia686_utt8.mp4
686,10,Monica,neutral,Okay. Sorry.,data/raw/MELD-RAW/MELD.Raw/train/train_splits/dia686_utt10.mp4
689,1,Monica,joy,Yes.,data/raw/MELD-RAW/MELD.Raw/train/train_splits/dia689_utt1.mp4
689,3,Monica,neutral,Shhh!,data/raw/MELD-RAW/MELD.Raw/train/train_splits/dia689_utt3.mp4
689,5,Monica,neutral,"Chip, is Chip Matthews.",data/raw/MELD-RAW/MELD.Raw/train/train_splits/dia689_utt5.mp4
689,7,Monica,joy,"Cause I ran into him at the bank, he is still soo cute.",data/raw/MELD-RAW/MELD.Raw/train/train_splits/dia689_utt7.mp4
689,9,Monica,joy,"I know!!   Chip? Hi! It's Monica.  Kay.  Kay.  Okay.  Okay, good-bye.  Oh my God, we just had",data/raw/MELD-RAW/MELD.Raw/train/train_splits/dia689_utt9.mp4
690,0,Monica,neutral,Here's your tea Phoebe.,data/raw/MELD-RAW/MELD.Raw/train/train_splits/dia690_utt0.mp4
690,1,Phoebe,joy,"It's so good.  Oh, thanks.",data/raw/MELD-RAW/MELD.Raw/train/train_splits/dia690_utt1.mp4
690,3,Monica,joy,I'm so glad you liked it.,data/raw/MELD-RAW/MELD.Raw/train/train_splits/dia690_utt3.mp4
690,4,Phoebe,surprise,Oh!,data/raw/MELD-RAW/MELD.Raw/train/train_splits/dia690_utt4.mp4
690,5,Monica,surprise,What?!,data/raw/MELD-RAW/MELD.Raw/train/train_splits/dia690_utt5.mp4
690,7,Phoebe,surprise,"Oh! No, I-I think I just had a contraction.",data/raw/MELD-RAW/MELD.Raw/train/train_splits/dia690_utt7.mp4
690,9,Monica,surprise,Oh my God!,data/raw/MELD-RAW/MELD.Raw/train/train_splits/dia690_utt9.mp4
694,0,Chandler,joy,All right! I found one that fits!,data/raw/MELD-RAW/MELD.Raw/train/train_splits/dia694_utt0.mp4
694,2,Chandler,neutral,Whose is it?,data/raw/MELD-RAW/MELD.Raw/train/train_splits/dia694_utt2.mp4
697,0,Phoebe,joy,"So Chandler, I-I'd love to come by tonight.",data/raw/MELD-RAW/MELD.Raw/train/train_splits/dia697_utt0.mp4
697,1,Chandler,surprise,Really?,data/raw/MELD-RAW/MELD.Raw/train/train_splits/dia697_utt1.mp4
697,2,Phoebe,joy,"Oh absolutely. Shall we say, around seven?",data/raw/MELD-RAW/MELD.Raw/train/train_splits/dia697_utt2.mp4
697,3,Chandler,neutral,Yes.,data/raw/MELD-RAW/MELD.Raw/train/train_splits/dia697_utt3.mp4
697,4,Phoebe,joy,Good. I'm really looking forward to you and me having sexual intercourse.,data/raw/MELD-RAW/MELD.Raw/train/train_splits/dia697_utt4.mp4
699,0,Phoebe,surprise,I won! I won! I finally won!,data/raw/MELD-RAW/MELD.Raw/train/train_splits/dia699_utt0.mp4
699,2,Phoebe,anger,Fine! Here! Take a hike toots!,data/raw/MELD-RAW/MELD.Raw/train/train_splits/dia699_utt2.mp4
699,5,Phoebe,disgust,Sells drugs to kids.,data/raw/MELD-RAW/MELD.Raw/train/train_splits/dia699_utt5.mp4
699,7,Phoebe,disgust,She sells drugs to kids.,data/raw/MELD-RAW/MELD.Raw/train/train_splits/dia699_utt7.mp4
699,10,Phoebe,neutral,How about we talk about this over dinner?,data/raw/MELD-RAW/MELD.Raw/train/train_splits/dia699_utt10.mp4
699,12,Phoebe,anger,"No! No, you can't arrest me! No!! I won't go back! I won't go back to that hell hole!!",data/raw/MELD-RAW/MELD.Raw/train/train_splits/dia699_utt12.mp4
699,14,Phoebe,neutral,"Oh, okay.",data/raw/MELD-RAW/MELD.Raw/train/train_splits/dia699_utt14.mp4
701,0,Chandler,neutral,Hey! What are you guys doing?,data/raw/MELD-RAW/MELD.Raw/train/train_splits/dia701_utt0.mp4
701,1,Monica,neutral,Making holiday candy for the neighbors.,data/raw/MELD-RAW/MELD.Raw/train/train_splits/dia701_utt1.mp4
702,0,Monica,joy,Yes!,data/raw/MELD-RAW/MELD.Raw/train/train_splits/dia702_utt0.mp4
702,1,Chandler,sadness,So I really never get to win anymore?,data/raw/MELD-RAW/MELD.Raw/train/train_splits/dia702_utt1.mp4
702,2,Monica,neutral,How much did ever really win before?,data/raw/MELD-RAW/MELD.Raw/train/train_splits/dia702_utt2.mp4
703,0,Monica,neutral,"He is so cute.  So, where did you guys grow up?",data/raw/MELD-RAW/MELD.Raw/train/train_splits/dia703_utt0.mp4
703,3,Monica,surprise,"How, how did that happen?",data/raw/MELD-RAW/MELD.Raw/train/train_splits/dia703_utt3.mp4
703,5,Monica,surprise,What?,data/raw/MELD-RAW/MELD.Raw/train/train_splits/dia703_utt5.mp4
704,0,Chandler,neutral,"Ok, I'm makin' a break for it, I'm goin' out the window.",data/raw/MELD-RAW/MELD.Raw/train/train_splits/dia704_utt0.mp4
704,2,Chandler,anger,Calm down? Calm down? You set me up with the woman that I've dumped twice in the last five months!,data/raw/MELD-RAW/MELD.Raw/train/train_splits/dia704_utt2.mp4
704,4,Chandler,anger,"I'm sorry, I'm sorry, you're right.  Come on, do it, do it, go, come on!!!",data/raw/MELD-RAW/MELD.Raw/train/train_splits/dia704_utt4.mp4
705,0,Phoebe,neutral,"Hey you guys, guess what?",data/raw/MELD-RAW/MELD.Raw/train/train_splits/dia705_utt0.mp4
705,1,Chandler,neutral,The British are coming?,data/raw/MELD-RAW/MELD.Raw/train/train_splits/dia705_utt1.mp4
705,2,Phoebe,joy,"Ohh, you and your ways.  Since it's Christmastime. I'm going to be one of those people collection donations.",data/raw/MELD-RAW/MELD.Raw/train/train_splits/dia705_utt2.mp4
705,3,Phoebe,joy,"Yeah, I already have my bell and later on...I get my bucket.",data/raw/MELD-RAW/MELD.Raw/train/train_splits/dia705_utt3.mp4
705,4,Chandler,neutral,Ohh.,data/raw/MELD-RAW/MELD.Raw/train/train_splits/dia705_utt4.mp4
705,5,Phoebe,joy,"Yeah, yeah, I'm going to be out there spreading joy to the people.",data/raw/MELD-RAW/MELD.Raw/train/train_splits/dia705_utt5.mp4
705,6,Phoebe,joy,"I mean, last year, I spread a little joy but not really enough.",data/raw/MELD-RAW/MELD.Raw/train/train_splits/dia705_utt6.mp4
705,7,Phoebe,joy,"So this year, I'm going to do the whole city.",data/raw/MELD-RAW/MELD.Raw/train/train_splits/dia705_utt7.mp4
705,8,Monica,neutral,"You know, I knew a girl in high school who did that. She was",data/raw/MELD-RAW/MELD.Raw/train/train_splits/dia705_utt8.mp4
706,0,Monica,neutral,I can't,data/raw/MELD-RAW/MELD.Raw/train/train_splits/dia706_utt0.mp4
706,1,Chandler,joy,"Oh! Look at that, time's up! My turn!",data/raw/MELD-RAW/MELD.Raw/train/train_splits/dia706_utt1.mp4
706,2,Monica,surprise,That was a half an hour?,data/raw/MELD-RAW/MELD.Raw/train/train_splits/dia706_utt2.mp4
706,3,Chandler,neutral,It's your timer.,data/raw/MELD-RAW/MELD.Raw/train/train_splits/dia706_utt3.mp4
706,4,Monica,neutral,"Y'know, I don't like to brag about it, but I give the",data/raw/MELD-RAW/MELD.Raw/train/train_splits/dia706_utt4.mp4
706,5,Chandler,joy,"All right, then massage me up right nice!",data/raw/MELD-RAW/MELD.Raw/train/train_splits/dia706_utt5.mp4
706,6,Chandler,joy,Ah! Ahh!! Ahh!!,data/raw/MELD-RAW/MELD.Raw/train/train_splits/dia706_utt6.mp4
706,7,Monica,neutral,"It's so good, isn't it?",data/raw/MELD-RAW/MELD.Raw/train/train_splits/dia706_utt7.mp4
706,8,Chandler,joy,It's so good I don't know what I've done to deserve it!,data/raw/MELD-RAW/MELD.Raw/train/train_splits/dia706_utt8.mp4
706,9,Monica,joy,Say good-bye to sore muscles!,data/raw/MELD-RAW/MELD.Raw/train/train_splits/dia706_utt9.mp4
706,10,Chandler,joy,Good-bye muscles!!,data/raw/MELD-RAW/MELD.Raw/train/train_splits/dia706_utt10.mp4
707,0,Phoebe,anger,Oh whoa-whoa-whoa!,data/raw/MELD-RAW/MELD.Raw/train/train_splits/dia707_utt0.mp4
707,1,Phoebe,neutral,"Wait a minute, open up your hand; let me take a look.",data/raw/MELD-RAW/MELD.Raw/train/train_splits/dia707_utt1.mp4
707,2,Phoebe,neutral,Quarter.,data/raw/MELD-RAW/MELD.Raw/train/train_splits/dia707_utt2.mp4
707,3,Phoebe,neutral,Dime.,data/raw/MELD-RAW/MELD.Raw/train/train_splits/dia707_utt3.mp4
707,4,Phoebe,neutral,Lint?,data/raw/MELD-RAW/MELD.Raw/train/train_splits/dia707_utt4.mp4
707,5,Phoebe,neutral,Not interested in that.,data/raw/MELD-RAW/MELD.Raw/train/train_splits/dia707_utt5.mp4
707,6,Phoebe,neutral,What's this?,data/raw/MELD-RAW/MELD.Raw/train/train_splits/dia707_utt6.mp4
707,7,Phoebe,neutral,A Canadian coin?,data/raw/MELD-RAW/MELD.Raw/train/train_splits/dia707_utt7.mp4
707,8,Phoebe,surprise,Get outta here!,data/raw/MELD-RAW/MELD.Raw/train/train_splits/dia707_utt8.mp4
707,9,Phoebe,surprise,Whoa-whoa-whoa!,data/raw/MELD-RAW/MELD.Raw/train/train_splits/dia707_utt9.mp4
707,10,Phoebe,anger,No drinks near the bucket!,data/raw/MELD-RAW/MELD.Raw/train/train_splits/dia707_utt10.mp4
707,11,Phoebe,anger,Set it down over there and then you can make a contribution!,data/raw/MELD-RAW/MELD.Raw/train/train_splits/dia707_utt11.mp4
707,12,Phoebe,anger,And you can leave the hurt bunny look over there too!,data/raw/MELD-RAW/MELD.Raw/train/train_splits/dia707_utt12.mp4
707,13,Phoebe,joy,Hi Bob!,data/raw/MELD-RAW/MELD.Raw/train/train_splits/dia707_utt13.mp4
707,14,Phoebe,anger,I thought I told you to get outta here!,data/raw/MELD-RAW/MELD.Raw/train/train_splits/dia707_utt14.mp4
708,0,Phoebe,neutral,"Well, because we thought you knew!! It's so obvious! God, that would be like telling Monica, ""Hey, you like things clean.""",data/raw/MELD-RAW/MELD.Raw/train/train_splits/dia708_utt0.mp4
709,0,Chandler,joy,Hey Joe! You wanna shoot some hoops?,data/raw/MELD-RAW/MELD.Raw/train/train_splits/dia709_utt0.mp4
711,0,Chandler,joy,That's great.,data/raw/MELD-RAW/MELD.Raw/train/train_splits/dia711_utt0.mp4
712,1,Chandler,joy,You'll be perfect for this! That's already your name!,data/raw/MELD-RAW/MELD.Raw/train/train_splits/dia712_utt1.mp4
712,6,Chandler,neutral,"Okay, I guess we can lose to junior high girls some other time.",data/raw/MELD-RAW/MELD.Raw/train/train_splits/dia712_utt6.mp4
712,8,Chandler,surprise,Bamboozled?,data/raw/MELD-RAW/MELD.Raw/train/train_splits/dia712_utt8.mp4
712,11,Chandler,disgust,No!,data/raw/MELD-RAW/MELD.Raw/train/train_splits/dia712_utt11.mp4
717,0,Phoebe,neutral,"Okay. Would you rather live in the shirt pocket of a sweaty giant, or inside his shower drain?",data/raw/MELD-RAW/MELD.Raw/train/train_splits/dia717_utt0.mp4
717,2,Phoebe,surprise,No! No! Look at that!  It's a line of ants! They're working as a team!,data/raw/MELD-RAW/MELD.Raw/train/train_splits/dia717_utt2.mp4
717,3,Phoebe,neutral,"Right, oh yeah.",data/raw/MELD-RAW/MELD.Raw/train/train_splits/dia717_utt3.mp4
717,4,Phoebe,surprise,"Wow, oh, it looks like Ross is breaking up with her.",data/raw/MELD-RAW/MELD.Raw/train/train_splits/dia717_utt4.mp4
717,5,Phoebe,neutral,"Uff, I hope he lets her down easy.",data/raw/MELD-RAW/MELD.Raw/train/train_splits/dia717_utt5.mp4
717,11,Phoebe,neutral,"Oh no! That really is nothing, she is",data/raw/MELD-RAW/MELD.Raw/train/train_splits/dia717_utt11.mp4
718,1,Monica,neutral,I do?,data/raw/MELD-RAW/MELD.Raw/train/train_splits/dia718_utt1.mp4
718,3,Monica,neutral,You still work at the multiplex?,data/raw/MELD-RAW/MELD.Raw/train/train_splits/dia718_utt3.mp4
718,5,Monica,neutral,"Thanks, I'm set. Do you still live with your parents?",data/raw/MELD-RAW/MELD.Raw/train/train_splits/dia718_utt5.mp4
720,3,Chandler,joy,Hello children!,data/raw/MELD-RAW/MELD.Raw/train/train_splits/dia720_utt3.mp4
720,5,Chandler,neutral,Okay.,data/raw/MELD-RAW/MELD.Raw/train/train_splits/dia720_utt5.mp4
720,8,Chandler,neutral,Bye-bye little puppet Joey hand?,data/raw/MELD-RAW/MELD.Raw/train/train_splits/dia720_utt8.mp4
720,10,Chandler,neutral,You mean this.,data/raw/MELD-RAW/MELD.Raw/train/train_splits/dia720_utt10.mp4
720,12,Chandler,neutral,"All right look, y'know, this maybe tough but come on, this is Ross! I survived college with him!",data/raw/MELD-RAW/MELD.Raw/train/train_splits/dia720_utt12.mp4
720,14,Chandler,neutral,Okay.,data/raw/MELD-RAW/MELD.Raw/train/train_splits/dia720_utt14.mp4
720,15,Chandler,fear,No-no-no-no!,data/raw/MELD-RAW/MELD.Raw/train/train_splits/dia720_utt15.mp4
720,18,Chandler,neutral,"Okay, so he's out of here.",data/raw/MELD-RAW/MELD.Raw/train/train_splits/dia720_utt18.mp4
721,0,Chandler,neutral,"Okay y'know what, because you said that, I'm not putting out tonight.",data/raw/MELD-RAW/MELD.Raw/train/train_splits/dia721_utt0.mp4
722,1,Chandler,neutral,Much,data/raw/MELD-RAW/MELD.Raw/train/train_splits/dia722_utt1.mp4
722,3,Chandler,joy,"So you risked your life, for a sandwich!",data/raw/MELD-RAW/MELD.Raw/train/train_splits/dia722_utt3.mp4
722,5,Chandler,sadness,"So you didn't uh, choose Ross before me.",data/raw/MELD-RAW/MELD.Raw/train/train_splits/dia722_utt5.mp4
722,7,Chandler,surprise,Really?!,data/raw/MELD-RAW/MELD.Raw/train/train_splits/dia722_utt7.mp4
722,9,Chandler,joy,Thanks.,data/raw/MELD-RAW/MELD.Raw/train/train_splits/dia722_utt9.mp4
722,12,Chandler,joy,"Oh-oi-ho, yeah!",data/raw/MELD-RAW/MELD.Raw/train/train_splits/dia722_utt12.mp4
722,15,Chandler,surprise,I thought you were showing me how much you mean to me.,data/raw/MELD-RAW/MELD.Raw/train/train_splits/dia722_utt15.mp4
723,0,Chandler,joy,Check out the ring.,data/raw/MELD-RAW/MELD.Raw/train/train_splits/dia723_utt0.mp4
723,2,Phoebe,neutral,Hi.,data/raw/MELD-RAW/MELD.Raw/train/train_splits/dia723_utt2.mp4
723,5,Phoebe,neutral,"Oh I know, I helped pick out the ring.",data/raw/MELD-RAW/MELD.Raw/train/train_splits/dia723_utt5.mp4
723,7,Chandler,fear,"Well, she walked in when I was looking at the ring brochures. You can understand that, right?  Guys? Guys?",data/raw/MELD-RAW/MELD.Raw/train/train_splits/dia723_utt7.mp4
724,0,Monica,neutral,Let's see.,data/raw/MELD-RAW/MELD.Raw/train/train_splits/dia724_utt0.mp4
724,1,Monica,neutral,"Congress is debating a new deficit reduction bill... the mayor wants to raise subway fares again... the high today was forty-five... and- oh, teams played sports.",data/raw/MELD-RAW/MELD.Raw/train/train_splits/dia724_utt1.mp4
724,2,Phoebe,neutral,What about Glen? He could be a Glen.,data/raw/MELD-RAW/MELD.Raw/train/train_splits/dia724_utt2.mp4
724,3,Monica,neutral,Nah... not-not special enough.,data/raw/MELD-RAW/MELD.Raw/train/train_splits/dia724_utt3.mp4
724,4,Phoebe,neutral,Ooh! How about Agamemnon?,data/raw/MELD-RAW/MELD.Raw/train/train_splits/dia724_utt4.mp4
724,5,Monica,neutral,Waaay too special.,data/raw/MELD-RAW/MELD.Raw/train/train_splits/dia724_utt5.mp4
725,1,Phoebe,joy,Hey!,data/raw/MELD-RAW/MELD.Raw/train/train_splits/dia725_utt1.mp4
725,3,Phoebe,joy,Wow! Nice! Manly and also kind of a slut.,data/raw/MELD-RAW/MELD.Raw/train/train_splits/dia725_utt3.mp4
725,5,Phoebe,neutral,Uh-huh.,data/raw/MELD-RAW/MELD.Raw/train/train_splits/dia725_utt5.mp4
727,1,Chandler,neutral,"I don't know, but Donald Trump wants his blue blazer black.",data/raw/MELD-RAW/MELD.Raw/train/train_splits/dia727_utt1.mp4
727,3,Chandler,neutral,Blue blazer back. He-he wants it back.,data/raw/MELD-RAW/MELD.Raw/train/train_splits/dia727_utt3.mp4
727,5,Chandler,neutral,"Well, you-you know what I meant.",data/raw/MELD-RAW/MELD.Raw/train/train_splits/dia727_utt5.mp4
727,6,Monica,anger,"No, you messed it up. You're stupid.",data/raw/MELD-RAW/MELD.Raw/train/train_splits/dia727_utt6.mp4
727,7,Chandler,neutral,So what job did you get Joe?,data/raw/MELD-RAW/MELD.Raw/train/train_splits/dia727_utt7.mp4
728,0,Chandler,anger,I just walked in the bathroom and saw Kathy naked! It was like torture!,data/raw/MELD-RAW/MELD.Raw/train/train_splits/dia728_utt0.mp4
728,2,Chandler,anger,It just keeps getting worse and worse!,data/raw/MELD-RAW/MELD.Raw/train/train_splits/dia728_utt2.mp4
728,3,Chandler,neutral,"I mean it's bad enough that I'm in love with my roommates girlfriendwhich by the way, I think she knows.",data/raw/MELD-RAW/MELD.Raw/train/train_splits/dia728_utt3.mp4
728,4,Chandler,neutral,Because every time we're in the room together there's this weird like energy between us.,data/raw/MELD-RAW/MELD.Raw/train/train_splits/dia728_utt4.mp4
728,5,Chandler,neutral,"And call me crazy, but I think she likes me too.",data/raw/MELD-RAW/MELD.Raw/train/train_splits/dia728_utt5.mp4
728,6,Chandler,neutral,And now I have seen her naked.,data/raw/MELD-RAW/MELD.Raw/train/train_splits/dia728_utt6.mp4
728,7,Chandler,neutral,"I mean at least when I've seen her with clothes on, I could imagine her body was like covered in boles or something.",data/raw/MELD-RAW/MELD.Raw/train/train_splits/dia728_utt7.mp4
728,8,Chandler,neutral,"But there are no boles, she's smooth!",data/raw/MELD-RAW/MELD.Raw/train/train_splits/dia728_utt8.mp4
728,9,Chandler,neutral,Smooth!,data/raw/MELD-RAW/MELD.Raw/train/train_splits/dia728_utt9.mp4
728,10,Phoebe,surprise,Wow! Could everyone totally see up his robe?,data/raw/MELD-RAW/MELD.Raw/train/train_splits/dia728_utt10.mp4
733,6,Phoebe,neutral,"No thanks, I've already seen one.",data/raw/MELD-RAW/MELD.Raw/train/train_splits/dia733_utt6.mp4
733,9,Phoebe,neutral,Always.,data/raw/MELD-RAW/MELD.Raw/train/train_splits/dia733_utt9.mp4
733,11,Phoebe,surprise,What?!,data/raw/MELD-RAW/MELD.Raw/train/train_splits/dia733_utt11.mp4
737,0,Chandler,surprise,Monica!,data/raw/MELD-RAW/MELD.Raw/train/train_splits/dia737_utt0.mp4
737,1,Monica,neutral,She's sleeping.,data/raw/MELD-RAW/MELD.Raw/train/train_splits/dia737_utt1.mp4
737,2,Chandler,neutral,"I know, just quick-quick question, quick question. Which one was",data/raw/MELD-RAW/MELD.Raw/train/train_splits/dia737_utt2.mp4
737,3,Monica,neutral,Deep Impact,data/raw/MELD-RAW/MELD.Raw/train/train_splits/dia737_utt3.mp4
737,4,Chandler,surprise,"Sorry, I justcan't sleep.",data/raw/MELD-RAW/MELD.Raw/train/train_splits/dia737_utt4.mp4
737,5,Chandler,anger,Ooh!,data/raw/MELD-RAW/MELD.Raw/train/train_splits/dia737_utt5.mp4
737,6,Chandler,neutral,"Where is that book that you are reading with the two women who were ice-skating and wearing, wearing those hats with the flowers on it?",data/raw/MELD-RAW/MELD.Raw/train/train_splits/dia737_utt6.mp4
737,7,Chandler,neutral,Because every time I look at that cover I'm like,data/raw/MELD-RAW/MELD.Raw/train/train_splits/dia737_utt7.mp4
737,8,Monica,neutral,It is in the living room where there is also a light! And no one will kick you in the shin.,data/raw/MELD-RAW/MELD.Raw/train/train_splits/dia737_utt8.mp4
738,0,Monica,sadness,"Hey Ross! So, I was checking out the uh, real estate section",data/raw/MELD-RAW/MELD.Raw/train/train_splits/dia738_utt0.mp4
738,2,Monica,neutral,Look at this.,data/raw/MELD-RAW/MELD.Raw/train/train_splits/dia738_utt2.mp4
738,5,Phoebe,surprise,What? What happened to the window in the attic?!,data/raw/MELD-RAW/MELD.Raw/train/train_splits/dia738_utt5.mp4
738,6,Monica,anger,I can't believe mom and dad are selling the house!,data/raw/MELD-RAW/MELD.Raw/train/train_splits/dia738_utt6.mp4
738,8,Phoebe,surprise,I can't believe I still don't know what happened to the,data/raw/MELD-RAW/MELD.Raw/train/train_splits/dia738_utt8.mp4
741,3,Phoebe,surprise,Your own boat?,data/raw/MELD-RAW/MELD.Raw/train/train_splits/dia741_utt3.mp4
743,0,Monica,anger,Count in our heads as-as good,data/raw/MELD-RAW/MELD.Raw/train/train_splits/dia743_utt0.mp4
743,2,Chandler,joy,Fun’s over,data/raw/MELD-RAW/MELD.Raw/train/train_splits/dia743_utt2.mp4
743,3,Monica,fear,"Wait-wait, guys! If-if we follow the rules, it's still fun and it means something!",data/raw/MELD-RAW/MELD.Raw/train/train_splits/dia743_utt3.mp4
743,5,Monica,joy,"Guys, rules are good! Rules help control the fun!  Ohhh!",data/raw/MELD-RAW/MELD.Raw/train/train_splits/dia743_utt5.mp4
744,0,Chandler,neutral,Dehydrated Japanese noodles under fluorescent lights... does it,data/raw/MELD-RAW/MELD.Raw/train/train_splits/dia744_utt0.mp4
744,2,Chandler,neutral,"Ah, y'see, perfect might be a problem. Had you said 'co-dependent', or 'self-destructive'...",data/raw/MELD-RAW/MELD.Raw/train/train_splits/dia744_utt2.mp4
744,4,Chandler,neutral,Yes please.,data/raw/MELD-RAW/MELD.Raw/train/train_splits/dia744_utt4.mp4
744,6,Chandler,surprise,He's a he?,data/raw/MELD-RAW/MELD.Raw/train/train_splits/dia744_utt6.mp4
745,0,Chandler,sadness,"Well, it's official there are no good movies.",data/raw/MELD-RAW/MELD.Raw/train/train_splits/dia745_utt0.mp4
745,1,Janice,neutral,"Well, let's go to a bad one and make out.",data/raw/MELD-RAW/MELD.Raw/train/train_splits/dia745_utt1.mp4
745,2,Monica,neutral,"Perhaps, you would like me to turn like this,  so that you can bunny bump against my back.",data/raw/MELD-RAW/MELD.Raw/train/train_splits/dia745_utt2.mp4
745,4,Phoebe,neutral,Hey.,data/raw/MELD-RAW/MELD.Raw/train/train_splits/dia745_utt4.mp4
745,5,Chandler,neutral,"Hey, man. What's up?",data/raw/MELD-RAW/MELD.Raw/train/train_splits/dia745_utt5.mp4
745,10,Chandler,anger,"Well, I'll tell ya I do enjoy guilt, but, ah, it wasn't me.",data/raw/MELD-RAW/MELD.Raw/train/train_splits/dia745_utt10.mp4
745,11,Phoebe,anger,"Yes, it was! It was him! Uh huh!  Okay, it was me!",data/raw/MELD-RAW/MELD.Raw/train/train_splits/dia745_utt11.mp4
746,0,Chandler,neutral,"See Joe, that's why your parents told you not to jump on the bed.",data/raw/MELD-RAW/MELD.Raw/train/train_splits/dia746_utt0.mp4
749,0,Monica,joy,A new pair of shoes for the Chan-Chan man!  Yes!,data/raw/MELD-RAW/MELD.Raw/train/train_splits/dia749_utt0.mp4
749,1,Chandler,joy,Yes! I've-I've never seen a roll like this in my life!,data/raw/MELD-RAW/MELD.Raw/train/train_splits/dia749_utt1.mp4
749,2,Monica,joy,"That's right baby! Okay, what do I want now?",data/raw/MELD-RAW/MELD.Raw/train/train_splits/dia749_utt2.mp4
749,3,Chandler,neutral,"Okay, ah umm, ah, a 8. Ah, a 6?",data/raw/MELD-RAW/MELD.Raw/train/train_splits/dia749_utt3.mp4
749,4,Monica,neutral,Pick a number! That is your,data/raw/MELD-RAW/MELD.Raw/train/train_splits/dia749_utt4.mp4
749,5,Chandler,joy,8. 8!,data/raw/MELD-RAW/MELD.Raw/train/train_splits/dia749_utt5.mp4
749,6,Monica,joy,Thank you!,data/raw/MELD-RAW/MELD.Raw/train/train_splits/dia749_utt6.mp4
749,7,Chandler,joy,"If you get this one, we buy everybody here a steak dinner!",data/raw/MELD-RAW/MELD.Raw/train/train_splits/dia749_utt7.mp4
754,0,Monica,sadness,"It took me 28 years to find one man that I wanna spend my life with, if I have to wait another 28 years then, I'll be 56 before I can have a baby, and that's just stupid.",data/raw/MELD-RAW/MELD.Raw/train/train_splits/dia754_utt0.mp4
754,1,Chandler,disgust,"That, that's what's stupid.",data/raw/MELD-RAW/MELD.Raw/train/train_splits/dia754_utt1.mp4
754,2,Monica,neutral,"I don't need an actual man, just a couple of his best swimmers.",data/raw/MELD-RAW/MELD.Raw/train/train_splits/dia754_utt2.mp4
754,3,Monica,neutral,"And there, there are places you can go to get that stuff.",data/raw/MELD-RAW/MELD.Raw/train/train_splits/dia754_utt3.mp4
756,0,Monica,neutral,"So, how'd the lasagne go over?",data/raw/MELD-RAW/MELD.Raw/train/train_splits/dia756_utt0.mp4
756,1,Monica,surprise,Really?!,data/raw/MELD-RAW/MELD.Raw/train/train_splits/dia756_utt1.mp4
756,2,Monica,neutral,Good.,data/raw/MELD-RAW/MELD.Raw/train/train_splits/dia756_utt2.mp4
756,3,Monica,neutral,So you owe me three pretty things.,data/raw/MELD-RAW/MELD.Raw/train/train_splits/dia756_utt3.mp4
756,4,Monica,neutral,"Yeah, I've been thinking a lot about you too.",data/raw/MELD-RAW/MELD.Raw/train/train_splits/dia756_utt4.mp4
756,5,Monica,sadness,It's hard this whole platonic thing.,data/raw/MELD-RAW/MELD.Raw/train/train_splits/dia756_utt5.mp4
756,6,Monica,surprise,It's a word!,data/raw/MELD-RAW/MELD.Raw/train/train_splits/dia756_utt6.mp4
756,7,Monica,neutral,"Yeah, I do think it's better this way.  Yeah, we're being smart.   Yes, I'm sure.",data/raw/MELD-RAW/MELD.Raw/train/train_splits/dia756_utt7.mp4
756,9,Monica,neutral,I'll call you back.,data/raw/MELD-RAW/MELD.Raw/train/train_splits/dia756_utt9.mp4
757,0,Chandler,surprise,"So, are you really gonna go out with that nurse man?",data/raw/MELD-RAW/MELD.Raw/train/train_splits/dia757_utt0.mp4
757,1,Monica,neutral,"Well uh, you and I are just goofing around, I thought, why not goof around with him.",data/raw/MELD-RAW/MELD.Raw/train/train_splits/dia757_utt1.mp4
757,2,Chandler,neutral,"Y'know, I don't know if you've ever looked up the term goofing around in the dictionary Well, I have, and the technical definition is, two friends who care a lot about each other and have amazing sex and just wanna spend more time together.",data/raw/MELD-RAW/MELD.Raw/train/train_splits/dia757_utt2.mp4
757,3,Chandler,neutral,"But if you have this new fangled dictionary that gets you made at me, then we have to, y'know, get you my original dictionary.",data/raw/MELD-RAW/MELD.Raw/train/train_splits/dia757_utt3.mp4
757,4,Chandler,neutral,I am,data/raw/MELD-RAW/MELD.Raw/train/train_splits/dia757_utt4.mp4
757,5,Monica,neutral,I think you're better than you think you are.,data/raw/MELD-RAW/MELD.Raw/train/train_splits/dia757_utt5.mp4
757,6,Chandler,surprise,"Really? Okay, so",data/raw/MELD-RAW/MELD.Raw/train/train_splits/dia757_utt6.mp4
757,7,Monica,neutral,Know when to stop.,data/raw/MELD-RAW/MELD.Raw/train/train_splits/dia757_utt7.mp4
757,8,Chandler,neutral,"Y'know, I sensed that I should stop. So we're okay?",data/raw/MELD-RAW/MELD.Raw/train/train_splits/dia757_utt8.mp4
757,9,Monica,neutral,"Yeah. All right, I'm gonna go tell Dan that it's not gonna happen.  Don't do the dance.",data/raw/MELD-RAW/MELD.Raw/train/train_splits/dia757_utt9.mp4
757,10,Chandler,joy,Right!,data/raw/MELD-RAW/MELD.Raw/train/train_splits/dia757_utt10.mp4
758,1,Phoebe,surprise,Hey!-Hey! What's going on?,data/raw/MELD-RAW/MELD.Raw/train/train_splits/dia758_utt1.mp4
759,0,Janice,surprise,Are you being British?!,data/raw/MELD-RAW/MELD.Raw/train/train_splits/dia759_utt0.mp4
759,1,Chandler,neutral,No. Not anymore.,data/raw/MELD-RAW/MELD.Raw/train/train_splits/dia759_utt1.mp4
759,2,Janice,surprise,Why are you shopping here? You don't live in this neighborhood. Were you here waiting for me?,data/raw/MELD-RAW/MELD.Raw/train/train_splits/dia759_utt2.mp4
759,3,Chandler,neutral,"Yeah, huh. I'm just uh, you know I'm just picking up some things for a party.",data/raw/MELD-RAW/MELD.Raw/train/train_splits/dia759_utt3.mp4
759,4,Janice,anger,Barley? What kind of party serves barley?,data/raw/MELD-RAW/MELD.Raw/train/train_splits/dia759_utt4.mp4
759,5,Chandler,anger,"Well, I'm sorry if my friends aren't as sophisticated as yours.",data/raw/MELD-RAW/MELD.Raw/train/train_splits/dia759_utt5.mp4
759,6,Janice,neutral,Where is this party?,data/raw/MELD-RAW/MELD.Raw/train/train_splits/dia759_utt6.mp4
759,7,Chandler,neutral,Here in Chelsea.,data/raw/MELD-RAW/MELD.Raw/train/train_splits/dia759_utt7.mp4
759,8,Janice,anger,Who's party is it?,data/raw/MELD-RAW/MELD.Raw/train/train_splits/dia759_utt8.mp4
759,9,Chandler,neutral,A woman's,data/raw/MELD-RAW/MELD.Raw/train/train_splits/dia759_utt9.mp4
759,10,Janice,anger,What woman?!,data/raw/MELD-RAW/MELD.Raw/train/train_splits/dia759_utt10.mp4
759,11,Chandler,neutral,Chelsea.,data/raw/MELD-RAW/MELD.Raw/train/train_splits/dia759_utt11.mp4
759,12,Janice,disgust,"Either you're seeing somebody behind my back, which would make you the biggest jerk on the planet.",data/raw/MELD-RAW/MELD.Raw/train/train_splits/dia759_utt12.mp4
759,13,Janice,disgust,"Or, else you're pretending that you're seeing somebody, which just makes you so pathetic that I could start crying right here in the cereal aisle.",data/raw/MELD-RAW/MELD.Raw/train/train_splits/dia759_utt13.mp4
759,14,Janice,sadness,So like which of these two guys do you want to be?,data/raw/MELD-RAW/MELD.Raw/train/train_splits/dia759_utt14.mp4
759,15,Chandler,joy,Can I be that guy?,data/raw/MELD-RAW/MELD.Raw/train/train_splits/dia759_utt15.mp4
760,0,Chandler,joy,Great story again! The yarns that you weave! Woo-hoo-hoo!,data/raw/MELD-RAW/MELD.Raw/train/train_splits/dia760_utt0.mp4
760,2,Chandler,fear,Oh no-no-no! Stay! Stay! Because you-you should you-you-you should stay!,data/raw/MELD-RAW/MELD.Raw/train/train_splits/dia760_utt2.mp4
760,4,Chandler,anger,"Oh no-no-no, that's notNo-no-no!",data/raw/MELD-RAW/MELD.Raw/train/train_splits/dia760_utt4.mp4
761,0,Monica,anger,Did you just flick me?,data/raw/MELD-RAW/MELD.Raw/train/train_splits/dia761_utt0.mp4
761,2,Phoebe,anger,"Oh!  All right.  Now, let's not do this!",data/raw/MELD-RAW/MELD.Raw/train/train_splits/dia761_utt2.mp4
761,3,Phoebe,anger,Happy thoughts!  Happy thoughts!,data/raw/MELD-RAW/MELD.Raw/train/train_splits/dia761_utt3.mp4
761,4,Phoebe,anger,"OK, now I'm gonna kick some ass.",data/raw/MELD-RAW/MELD.Raw/train/train_splits/dia761_utt4.mp4
761,6,Phoebe,neutral,"Alright, now I will let go if you both stop.",data/raw/MELD-RAW/MELD.Raw/train/train_splits/dia761_utt6.mp4
761,8,Monica,anger,Fine!,data/raw/MELD-RAW/MELD.Raw/train/train_splits/dia761_utt8.mp4
761,9,Phoebe,neutral,"There we go.You know what, if we were in prison, you guys would be, like, my bitches.",data/raw/MELD-RAW/MELD.Raw/train/train_splits/dia761_utt9.mp4
762,1,Chandler,surprise,Oh my God!,data/raw/MELD-RAW/MELD.Raw/train/train_splits/dia762_utt1.mp4
763,0,Chandler,neutral,Hi.,data/raw/MELD-RAW/MELD.Raw/train/train_splits/dia763_utt0.mp4
763,1,Monica,neutral,Hi.,data/raw/MELD-RAW/MELD.Raw/train/train_splits/dia763_utt1.mp4
763,2,Chandler,sadness,"Hi, listen, I'm sorry about before.",data/raw/MELD-RAW/MELD.Raw/train/train_splits/dia763_utt2.mp4
763,3,Chandler,neutral,I don't need to have a game room.,data/raw/MELD-RAW/MELD.Raw/train/train_splits/dia763_utt3.mp4
763,4,Chandler,neutral,"I mean when I was a kid I only played those games because I couldn't get girls, and now I",data/raw/MELD-RAW/MELD.Raw/train/train_splits/dia763_utt4.mp4
763,5,Monica,sadness,Stop it Chandler.  I'm sorry too.,data/raw/MELD-RAW/MELD.Raw/train/train_splits/dia763_utt5.mp4
763,6,Chandler,surprise,Really?,data/raw/MELD-RAW/MELD.Raw/train/train_splits/dia763_utt6.mp4
763,7,Monica,anger,Yeah! Oh yes!,data/raw/MELD-RAW/MELD.Raw/train/train_splits/dia763_utt7.mp4
763,8,Chandler,neutral,Ohh.,data/raw/MELD-RAW/MELD.Raw/train/train_splits/dia763_utt8.mp4
763,9,Monica,joy,"Listen, we don't have to make that a guest room, we can think of something to do with the room together.",data/raw/MELD-RAW/MELD.Raw/train/train_splits/dia763_utt9.mp4
763,10,Chandler,joy,That's a great idea! We can,data/raw/MELD-RAW/MELD.Raw/train/train_splits/dia763_utt10.mp4
764,0,Monica,joy,Totally!,data/raw/MELD-RAW/MELD.Raw/train/train_splits/dia764_utt0.mp4
765,0,Chandler,neutral,We don't have to come up with this now.,data/raw/MELD-RAW/MELD.Raw/train/train_splits/dia765_utt0.mp4
765,1,Monica,joy,Oh good.,data/raw/MELD-RAW/MELD.Raw/train/train_splits/dia765_utt1.mp4
766,1,Phoebe,joy,That's great. Good for you guys.,data/raw/MELD-RAW/MELD.Raw/train/train_splits/dia766_utt1.mp4
766,2,Monica,anger,I am not high maintenance!,data/raw/MELD-RAW/MELD.Raw/train/train_splits/dia766_utt2.mp4
766,4,Phoebe,neutral,Who said you were?,data/raw/MELD-RAW/MELD.Raw/train/train_splits/dia766_utt4.mp4
766,6,Phoebe,neutral,"Oh, I'm flaky. I'll say anything.",data/raw/MELD-RAW/MELD.Raw/train/train_splits/dia766_utt6.mp4
768,0,Chandler,surprise,Why are you here?,data/raw/MELD-RAW/MELD.Raw/train/train_splits/dia768_utt0.mp4
768,1,Janice,sadness,"Well, Sid and I are trying again and we had trouble last time    because apparently we...",data/raw/MELD-RAW/MELD.Raw/train/train_splits/dia768_utt1.mp4
768,2,Chandler,neutral,"No no no... I mean,",data/raw/MELD-RAW/MELD.Raw/train/train_splits/dia768_utt2.mp4
768,3,Janice,anger,Oh! Someone's a little cranky today cuz they have to do it in    a cup!  Oh! They gave you the kiddy size .,data/raw/MELD-RAW/MELD.Raw/train/train_splits/dia768_utt3.mp4
768,4,Chandler,surprise,What!?,data/raw/MELD-RAW/MELD.Raw/train/train_splits/dia768_utt4.mp4
768,5,Monica,joy,This was fun! But I've got an invasive vaginal exam to get to!,data/raw/MELD-RAW/MELD.Raw/train/train_splits/dia768_utt5.mp4
768,6,Chandler,joy,"I'd love to stay, but I have eh...  got    a hot date...",data/raw/MELD-RAW/MELD.Raw/train/train_splits/dia768_utt6.mp4
768,7,Janice,neutral,Please... go!  Just let me know if you    need a hand!,data/raw/MELD-RAW/MELD.Raw/train/train_splits/dia768_utt7.mp4
768,8,Chandler,neutral,I think it just fell off.,data/raw/MELD-RAW/MELD.Raw/train/train_splits/dia768_utt8.mp4
769,1,Chandler,fear,And I just want a million dollars!,data/raw/MELD-RAW/MELD.Raw/train/train_splits/dia769_utt1.mp4
769,2,Monica,surprise,Rachel?!,data/raw/MELD-RAW/MELD.Raw/train/train_splits/dia769_utt2.mp4
770,0,Chandler,neutral,Yeah.,data/raw/MELD-RAW/MELD.Raw/train/train_splits/dia770_utt0.mp4
770,1,Monica,anger,"Look, these clowns are trying to take us for a ride and I'm not gonna let 'em!",data/raw/MELD-RAW/MELD.Raw/train/train_splits/dia770_utt1.mp4
770,2,Monica,anger,And we're not a couple of suckers!,data/raw/MELD-RAW/MELD.Raw/train/train_splits/dia770_utt2.mp4
770,3,Chandler,neutral,"I hear ya, Mugsy!",data/raw/MELD-RAW/MELD.Raw/train/train_splits/dia770_utt3.mp4
770,4,Chandler,neutral,"But look, all these rooms are fine okay?",data/raw/MELD-RAW/MELD.Raw/train/train_splits/dia770_utt4.mp4
770,5,Chandler,anger,"Can you just pick one so I can watch--have a perfect, magical weekend together with you.",data/raw/MELD-RAW/MELD.Raw/train/train_splits/dia770_utt5.mp4
770,6,Monica,neutral,"Okay,",data/raw/MELD-RAW/MELD.Raw/train/train_splits/dia770_utt6.mp4
770,7,Chandler,anger,Nothing! It's over! Dammit! This is regularly scheduled programming!,data/raw/MELD-RAW/MELD.Raw/train/train_splits/dia770_utt7.mp4
770,8,Monica,disgust,Can we turn the TV off? Okay? Do we really want to spend the entire weekend like this?,data/raw/MELD-RAW/MELD.Raw/train/train_splits/dia770_utt8.mp4
770,9,Chandler,anger,"Oh, I'm sorry, am I getting in the way of all the room switching fun?",data/raw/MELD-RAW/MELD.Raw/train/train_splits/dia770_utt9.mp4
770,10,Monica,anger,"Hey, don't blame me for wigging tonight!",data/raw/MELD-RAW/MELD.Raw/train/train_splits/dia770_utt10.mp4
770,11,Chandler,anger,"Oh, who should I blame? The nice bell man who had to drag out luggage to 10 different rooms?",data/raw/MELD-RAW/MELD.Raw/train/train_splits/dia770_utt11.mp4
770,12,Monica,anger,"I don't know, how about the idiot who thought he could drive from Albany to Canada on a half a tank of gas!",data/raw/MELD-RAW/MELD.Raw/train/train_splits/dia770_utt12.mp4
770,13,Chandler,anger,Do not speak ill of the dead.,data/raw/MELD-RAW/MELD.Raw/train/train_splits/dia770_utt13.mp4
770,14,Monica,anger,"We're supposed to uh, be spending a romantic weekend together, it-it, what is the matter with you?",data/raw/MELD-RAW/MELD.Raw/train/train_splits/dia770_utt14.mp4
770,15,Chandler,sadness,"I just want to watch a little television. What is the big deal? Geez, relax mom.",data/raw/MELD-RAW/MELD.Raw/train/train_splits/dia770_utt15.mp4
770,16,Monica,anger,What did you say?,data/raw/MELD-RAW/MELD.Raw/train/train_splits/dia770_utt16.mp4
770,17,Chandler,fear,"I said, ""Geez, relax Monnnnn.""",data/raw/MELD-RAW/MELD.Raw/train/train_splits/dia770_utt17.mp4
771,0,Monica,neutral,"Y'know, maybe it's best that we never got to do it again.",data/raw/MELD-RAW/MELD.Raw/train/train_splits/dia771_utt0.mp4
771,1,Chandler,neutral,"Yeah, it kinda makes that-that one night special.  Y'know, technically we still",data/raw/MELD-RAW/MELD.Raw/train/train_splits/dia771_utt1.mp4
771,2,Monica,neutral,"I'm gonna go to the bathroom, maybe I'll see you there in a bit?",data/raw/MELD-RAW/MELD.Raw/train/train_splits/dia771_utt2.mp4
771,3,Chandler,neutral,Kay!,data/raw/MELD-RAW/MELD.Raw/train/train_splits/dia771_utt3.mp4
771,5,Chandler,neutral,"Uhh, no.",data/raw/MELD-RAW/MELD.Raw/train/train_splits/dia771_utt5.mp4
771,7,Chandler,neutral,No.,data/raw/MELD-RAW/MELD.Raw/train/train_splits/dia771_utt7.mp4
771,9,Chandler,neutral,Yes.,data/raw/MELD-RAW/MELD.Raw/train/train_splits/dia771_utt9.mp4
771,11,Chandler,neutral,Okay man.,data/raw/MELD-RAW/MELD.Raw/train/train_splits/dia771_utt11.mp4
771,16,Monica,anger,I know!,data/raw/MELD-RAW/MELD.Raw/train/train_splits/dia771_utt16.mp4
773,0,Monica,neutral,"OK, we got the cole slaw, we got the buns...",data/raw/MELD-RAW/MELD.Raw/train/train_splits/dia773_utt0.mp4
773,1,Phoebe,disgust,"We've got the ground-up flesh of formerly cute cows and turkeys, ew...",data/raw/MELD-RAW/MELD.Raw/train/train_splits/dia773_utt1.mp4
773,2,Chandler,neutral,Men are here.,data/raw/MELD-RAW/MELD.Raw/train/train_splits/dia773_utt2.mp4
775,1,Monica,neutral,"OK, I'll go. OK, senior year of college... on a pool table.",data/raw/MELD-RAW/MELD.Raw/train/train_splits/dia775_utt1.mp4
775,5,Monica,surprise,Oh my God! What were you doing in a library?,data/raw/MELD-RAW/MELD.Raw/train/train_splits/dia775_utt5.mp4
775,7,Phoebe,neutral,Oh... Milwaukee.,data/raw/MELD-RAW/MELD.Raw/train/train_splits/dia775_utt7.mp4
775,13,Phoebe,neutral,"Oh, Rachel.",data/raw/MELD-RAW/MELD.Raw/train/train_splits/dia775_utt13.mp4
776,0,Monica,joy,Hey!,data/raw/MELD-RAW/MELD.Raw/train/train_splits/dia776_utt0.mp4
776,2,Phoebe,neutral,"Oh, is the play over?",data/raw/MELD-RAW/MELD.Raw/train/train_splits/dia776_utt2.mp4
776,3,Monica,neutral,Yeah. Where were you?,data/raw/MELD-RAW/MELD.Raw/train/train_splits/dia776_utt3.mp4
776,5,Monica,joy,You were the next caller five hours ago. You must be going crazy.,data/raw/MELD-RAW/MELD.Raw/train/train_splits/dia776_utt5.mp4
776,6,Phoebe,neutral,Nah. I kept myself busy.,data/raw/MELD-RAW/MELD.Raw/train/train_splits/dia776_utt6.mp4
776,7,Phoebe,neutral,"Oh, okay, yeah.  I put your stuff in her room, and her stuff in your room.",data/raw/MELD-RAW/MELD.Raw/train/train_splits/dia776_utt7.mp4
777,1,Phoebe,neutral,"Yeah no, I'm telling you Rachel has such a great eye for this stuff.",data/raw/MELD-RAW/MELD.Raw/train/train_splits/dia777_utt1.mp4
777,2,Phoebe,neutral,"Ross, y'know if you ever decide you need to redecorateAnd I think that you should.",data/raw/MELD-RAW/MELD.Raw/train/train_splits/dia777_utt2.mp4
777,3,Phoebe,neutral,"You should, you should ask Rachel to help.",data/raw/MELD-RAW/MELD.Raw/train/train_splits/dia777_utt3.mp4
777,5,Phoebe,joy,"Oh, come on! I think he's ready to get rid of, what did you call it? The cheap knock-offs and dinosaur junk.",data/raw/MELD-RAW/MELD.Raw/train/train_splits/dia777_utt5.mp4
777,10,Phoebe,joy,No! I do want to!,data/raw/MELD-RAW/MELD.Raw/train/train_splits/dia777_utt10.mp4
777,13,Phoebe,joy,Yeah!,data/raw/MELD-RAW/MELD.Raw/train/train_splits/dia777_utt13.mp4
778,1,Phoebe,sadness,These old things.,data/raw/MELD-RAW/MELD.Raw/train/train_splits/dia778_utt1.mp4
778,3,Phoebe,neutral,"You mean theOkay by siadic, you mean the towel covered portion.",data/raw/MELD-RAW/MELD.Raw/train/train_splits/dia778_utt3.mp4
778,5,Phoebe,neutral,"Sure, yeah, no I can do that, yeah, because umm, y'know, the muscles in the siadic area can get y'know, real  nice and tight.",data/raw/MELD-RAW/MELD.Raw/train/train_splits/dia778_utt5.mp4
778,6,Phoebe,surprise,"So umm, tell me Rick, how umm, how did you injure the area.",data/raw/MELD-RAW/MELD.Raw/train/train_splits/dia778_utt6.mp4
778,8,Phoebe,neutral,Oh.,data/raw/MELD-RAW/MELD.Raw/train/train_splits/dia778_utt8.mp4
778,10,Phoebe,surprise,No!,data/raw/MELD-RAW/MELD.Raw/train/train_splits/dia778_utt10.mp4
779,0,Phoebe,neutral,"Um, that's it.",data/raw/MELD-RAW/MELD.Raw/train/train_splits/dia779_utt0.mp4
779,1,Phoebe,neutral,No.,data/raw/MELD-RAW/MELD.Raw/train/train_splits/dia779_utt1.mp4
780,0,Phoebe,neutral,Crew guy.,data/raw/MELD-RAW/MELD.Raw/train/train_splits/dia780_utt0.mp4
780,1,Phoebe,neutral,Yeah.,data/raw/MELD-RAW/MELD.Raw/train/train_splits/dia780_utt1.mp4
780,2,Phoebe,anger,Why have you been following me?,data/raw/MELD-RAW/MELD.Raw/train/train_splits/dia780_utt2.mp4
780,3,Phoebe,neutral,"I mean, all week long everywhere I look there's you.",data/raw/MELD-RAW/MELD.Raw/train/train_splits/dia780_utt3.mp4
780,5,Phoebe,surprise,What?,data/raw/MELD-RAW/MELD.Raw/train/train_splits/dia780_utt5.mp4
781,0,Phoebe,neutral,"Okay, and then this is the coffee house. This is where I play my music.",data/raw/MELD-RAW/MELD.Raw/train/train_splits/dia781_utt0.mp4
783,0,Phoebe,neutral,"Hello, tiny embryos.",data/raw/MELD-RAW/MELD.Raw/train/train_splits/dia783_utt0.mp4
783,1,Phoebe,joy,"Well, I'm-I'm Phoebe Buffay, hi!",data/raw/MELD-RAW/MELD.Raw/train/train_splits/dia783_utt1.mp4
783,2,Phoebe,joy,I'm-I'm-I'm hoping to be your uterus for the next nine months.,data/raw/MELD-RAW/MELD.Raw/train/train_splits/dia783_utt2.mp4
783,3,Phoebe,joy,"You should know, that we're doing this for Frank and Alice, who you know, you've been there!",data/raw/MELD-RAW/MELD.Raw/train/train_splits/dia783_utt3.mp4
783,4,Phoebe,joy,"Umm, y'know they want you so much, so when you guys get in there, really grab on.",data/raw/MELD-RAW/MELD.Raw/train/train_splits/dia783_utt4.mp4
783,5,Phoebe,joy,"Okay, and-and I promise that I'll keep you safe and warm until you're ready to have them take you home, so Oh!",data/raw/MELD-RAW/MELD.Raw/train/train_splits/dia783_utt5.mp4
783,6,Phoebe,neutral,"And also, umm next time you see me, I'm screaming, don't worry, that's what's supposed to happen.",data/raw/MELD-RAW/MELD.Raw/train/train_splits/dia783_utt6.mp4
783,8,Phoebe,sadness,Uh-huh.  Good luck.,data/raw/MELD-RAW/MELD.Raw/train/train_splits/dia783_utt8.mp4
788,0,Monica,fear,"Oh no it's not, no it's not. It's a first date. I'm",data/raw/MELD-RAW/MELD.Raw/train/train_splits/dia788_utt0.mp4
788,1,Chandler,joy,"Ho-oh, he's gonna get some!",data/raw/MELD-RAW/MELD.Raw/train/train_splits/dia788_utt1.mp4
788,2,Chandler,neutral,Of the glare from the streetlight out of his apartment.,data/raw/MELD-RAW/MELD.Raw/train/train_splits/dia788_utt2.mp4
788,3,Chandler,neutral,"Y'know so umm, he's closed the drapes there so he can have a nice, pleasant conversation with your little sister.",data/raw/MELD-RAW/MELD.Raw/train/train_splits/dia788_utt3.mp4
788,4,Chandler,neutral,"Well, I'm off to bed!",data/raw/MELD-RAW/MELD.Raw/train/train_splits/dia788_utt4.mp4
793,0,Phoebe,joy,"Come on, you know, Thanksgiving. Ooh, you got the bigger half. What'd you wish for?",data/raw/MELD-RAW/MELD.Raw/train/train_splits/dia793_utt0.mp4
793,2,Chandler,joy,I'd like to propose a toast.,data/raw/MELD-RAW/MELD.Raw/train/train_splits/dia793_utt2.mp4
793,3,Chandler,joy,"Little toast here, ding ding.",data/raw/MELD-RAW/MELD.Raw/train/train_splits/dia793_utt3.mp4
793,4,Chandler,joy,"I know this isn't the kind of Thanksgiving that all of you all planned, but for me, this has been really great, you know, I think because it didn't involve divorce or projectile vomiting.",data/raw/MELD-RAW/MELD.Raw/train/train_splits/dia793_utt4.mp4
793,5,Chandler,anger,"Anyway, I was just thinking, I mean, if you'd gone to Vail, and if you guys'd been with your family, if you didn't have syphilis and stuff, we wouldn't be all together, you know?",data/raw/MELD-RAW/MELD.Raw/train/train_splits/dia793_utt5.mp4
793,6,Chandler,joy,So I guess what I'm trying to say is that I'm very thankful that all of your Thanksgivings sucked.,data/raw/MELD-RAW/MELD.Raw/train/train_splits/dia793_utt6.mp4
793,10,Chandler,joy,"Here, here!",data/raw/MELD-RAW/MELD.Raw/train/train_splits/dia793_utt10.mp4
796,0,Chandler,sadness,"Umm ma’am, do you have a minute?  I kind of have some bad news. I don’t think I can move to Tulsa.",data/raw/MELD-RAW/MELD.Raw/train/train_splits/dia796_utt0.mp4
796,2,Chandler,neutral,"It’s a funny story, actually.",data/raw/MELD-RAW/MELD.Raw/train/train_splits/dia796_utt2.mp4
796,3,Chandler,neutral,"I kind of fell asleep  in the meeting this morning so when I said I’d move to Tulsa, I didn’t really  know what I was saying.",data/raw/MELD-RAW/MELD.Raw/train/train_splits/dia796_utt3.mp4
796,5,Chandler,fear,"But only because I was up all night worried about this  meeting, ain’t that funny?",data/raw/MELD-RAW/MELD.Raw/train/train_splits/dia796_utt5.mp4
796,6,Chandler,surprise,Irony?,data/raw/MELD-RAW/MELD.Raw/train/train_splits/dia796_utt6.mp4
796,7,Chandler,neutral,"Not a fan, alright .",data/raw/MELD-RAW/MELD.Raw/train/train_splits/dia796_utt7.mp4
796,8,Chandler,neutral,"See, here’s  the thing.",data/raw/MELD-RAW/MELD.Raw/train/train_splits/dia796_utt8.mp4
796,9,Chandler,neutral,I went home and told my wife about Tulsa and she won’t go.,data/raw/MELD-RAW/MELD.Raw/train/train_splits/dia796_utt9.mp4
796,10,Chandler,joy,"See, me, I  love Tulsa!",data/raw/MELD-RAW/MELD.Raw/train/train_splits/dia796_utt10.mp4
796,11,Chandler,joy,Tulsa is heaven!,data/raw/MELD-RAW/MELD.Raw/train/train_splits/dia796_utt11.mp4
796,12,Chandler,fear,Tulsa is Italy—Please don’t make me go  there!,data/raw/MELD-RAW/MELD.Raw/train/train_splits/dia796_utt12.mp4
796,14,Chandler,fear,No no no!,data/raw/MELD-RAW/MELD.Raw/train/train_splits/dia796_utt14.mp4
796,15,Chandler,neutral,"Look, Carol, can I call you Carol?",data/raw/MELD-RAW/MELD.Raw/train/train_splits/dia796_utt15.mp4
796,16,Chandler,joy,Wh-why  would I when your name is Elaine?,data/raw/MELD-RAW/MELD.Raw/train/train_splits/dia796_utt16.mp4
796,17,Chandler,joy,"Oh what a great picture of your son,  strapping!",data/raw/MELD-RAW/MELD.Raw/train/train_splits/dia796_utt17.mp4
796,18,Chandler,joy,"That’s a picture of your daughter, isn’t it,  well she’s lovely.",data/raw/MELD-RAW/MELD.Raw/train/train_splits/dia796_utt18.mp4
796,19,Chandler,sadness,I like a girl with a strong jaw.,data/raw/MELD-RAW/MELD.Raw/train/train_splits/dia796_utt19.mp4
796,20,Chandler,neutral,I’ll call you from Tulsa.,data/raw/MELD-RAW/MELD.Raw/train/train_splits/dia796_utt20.mp4
797,0,Monica,neutral,Hi.,data/raw/MELD-RAW/MELD.Raw/train/train_splits/dia797_utt0.mp4
797,2,Monica,neutral,How are you?,data/raw/MELD-RAW/MELD.Raw/train/train_splits/dia797_utt2.mp4
797,4,Monica,neutral,Because... I'm Monica Geller. It was my credit card you were using.,data/raw/MELD-RAW/MELD.Raw/train/train_splits/dia797_utt4.mp4
797,6,Monica,neutral,"I want you to know, it wasn't me who turned you in.",data/raw/MELD-RAW/MELD.Raw/train/train_splits/dia797_utt6.mp4
797,8,Monica,joy,"No, thank you! You have given me so much! I mean, if it wasn't for you, I would never have gotten to sing",data/raw/MELD-RAW/MELD.Raw/train/train_splits/dia797_utt8.mp4
797,10,Monica,surprise,I just can't believe you're in here.,data/raw/MELD-RAW/MELD.Raw/train/train_splits/dia797_utt10.mp4
797,11,Monica,sadness,"I mean, what am I gonna do without you?",data/raw/MELD-RAW/MELD.Raw/train/train_splits/dia797_utt11.mp4
797,12,Monica,sadness,Who's gonna crash the embassy parties with me?,data/raw/MELD-RAW/MELD.Raw/train/train_splits/dia797_utt12.mp4
797,13,Monica,sadness,Who's gonna take me to the,data/raw/MELD-RAW/MELD.Raw/train/train_splits/dia797_utt13.mp4
799,2,Monica,neutral,"Doctor, can I see you for just a minute please? My brother has a slight phobia about needles.",data/raw/MELD-RAW/MELD.Raw/train/train_splits/dia799_utt2.mp4
799,4,Monica,neutral,"My brother, the PhD would like to know if there's any way to treat this orally.",data/raw/MELD-RAW/MELD.Raw/train/train_splits/dia799_utt4.mp4
800,1,Monica,neutral,"That's good, have a seat.",data/raw/MELD-RAW/MELD.Raw/train/train_splits/dia800_utt1.mp4
801,0,Monica,neutral,"Um, the doctor says it's gotta be a needle.",data/raw/MELD-RAW/MELD.Raw/train/train_splits/dia801_utt0.mp4
801,1,Monica,neutral,"You're just gonna have to be brave, ok?",data/raw/MELD-RAW/MELD.Raw/train/train_splits/dia801_utt1.mp4
801,2,Monica,neutral,Can you do that for me?,data/raw/MELD-RAW/MELD.Raw/train/train_splits/dia801_utt2.mp4
801,4,Monica,neutral,Ok. Oh boy. You are doin' so good. You wanna squeeze my hand?,data/raw/MELD-RAW/MELD.Raw/train/train_splits/dia801_utt4.mp4
801,6,Monica,neutral,"All right, Ross, don't squeeze it so hard.",data/raw/MELD-RAW/MELD.Raw/train/train_splits/dia801_utt6.mp4
801,7,Monica,anger,"Honey, really, don't squeeze it so hard!",data/raw/MELD-RAW/MELD.Raw/train/train_splits/dia801_utt7.mp4
801,8,Monica,anger,Let go of my hand!,data/raw/MELD-RAW/MELD.Raw/train/train_splits/dia801_utt8.mp4
802,1,Phoebe,joy,Oh my God! I do love you! How did you do it?!,data/raw/MELD-RAW/MELD.Raw/train/train_splits/dia802_utt1.mp4
802,3,Phoebe,joy,"Oo, where are the seats?",data/raw/MELD-RAW/MELD.Raw/train/train_splits/dia802_utt3.mp4
803,2,Monica,surprise,"Look honey, you don't have to do this, okay?",data/raw/MELD-RAW/MELD.Raw/train/train_splits/dia803_utt2.mp4
803,3,Monica,joy,It's the strength you have inside that means the most to me.,data/raw/MELD-RAW/MELD.Raw/train/train_splits/dia803_utt3.mp4
803,4,Monica,joy,"You're loyal, you're honest, and you have integrity!",data/raw/MELD-RAW/MELD.Raw/train/train_splits/dia803_utt4.mp4
803,5,Monica,joy,That's the kind of strength that I want in the man that I love!,data/raw/MELD-RAW/MELD.Raw/train/train_splits/dia803_utt5.mp4
803,6,Chandler,anger,That means nothing to me.  Come on!,data/raw/MELD-RAW/MELD.Raw/train/train_splits/dia803_utt6.mp4
805,7,Phoebe,neutral,Thank you.,data/raw/MELD-RAW/MELD.Raw/train/train_splits/dia805_utt7.mp4
806,0,Monica,surprise,I don't know how any of these got opened?!,data/raw/MELD-RAW/MELD.Raw/train/train_splits/dia806_utt0.mp4
806,2,Monica,joy,"I know! I know! I am a terrible person! I mean, Chandler is never going to trust me with anything ever again!",data/raw/MELD-RAW/MELD.Raw/train/train_splits/dia806_utt2.mp4
806,4,Monica,neutral,Yeah. What is that?,data/raw/MELD-RAW/MELD.Raw/train/train_splits/dia806_utt4.mp4
806,6,Monica,sadness,Hey! How'd it go?,data/raw/MELD-RAW/MELD.Raw/train/train_splits/dia806_utt6.mp4
806,11,Monica,neutral,So are you ever gonna tell whoever it is?,data/raw/MELD-RAW/MELD.Raw/train/train_splits/dia806_utt11.mp4
808,0,Monica,disgust,"I can't believe her, y'know it's justit's so typical.",data/raw/MELD-RAW/MELD.Raw/train/train_splits/dia808_utt0.mp4
808,1,Chandler,neutral,"Now Monica, I know you're upset, but don't forget.",data/raw/MELD-RAW/MELD.Raw/train/train_splits/dia808_utt1.mp4
808,2,Chandler,neutral,"There is going to be a wedding, you are going to throw the bouquet, and",data/raw/MELD-RAW/MELD.Raw/train/train_splits/dia808_utt2.mp4
808,3,Monica,neutral,Paris?,data/raw/MELD-RAW/MELD.Raw/train/train_splits/dia808_utt3.mp4
808,4,Chandler,neutral,We will take a moonlit walk on the Rue de la .,data/raw/MELD-RAW/MELD.Raw/train/train_splits/dia808_utt4.mp4
808,5,Monica,neutral,Keep talking.,data/raw/MELD-RAW/MELD.Raw/train/train_splits/dia808_utt5.mp4
808,6,Chandler,joy,"Then we will sprinkle rose pedals on the bed and make love. Not just because it's romantic, but because I can!",data/raw/MELD-RAW/MELD.Raw/train/train_splits/dia808_utt6.mp4
808,7,Monica,joy,I love you!,data/raw/MELD-RAW/MELD.Raw/train/train_splits/dia808_utt7.mp4
809,8,Chandler,neutral,"Okay, give me a chance to win my money back. Okay? Sudden death, one goal, $1,000.",data/raw/MELD-RAW/MELD.Raw/train/train_splits/dia809_utt8.mp4
809,10,Chandler,anger,Oh yes!,data/raw/MELD-RAW/MELD.Raw/train/train_splits/dia809_utt10.mp4
809,12,Chandler,neutral,Okay.,data/raw/MELD-RAW/MELD.Raw/train/train_splits/dia809_utt12.mp4
809,14,Chandler,anger,No! No! No! Noone can beat me.,data/raw/MELD-RAW/MELD.Raw/train/train_splits/dia809_utt14.mp4
809,15,Chandler,fear,"See? Now, that's why only the little fake men are supposed to do all the kicking.",data/raw/MELD-RAW/MELD.Raw/train/train_splits/dia809_utt15.mp4
810,0,Monica,surprise,Who is that?!,data/raw/MELD-RAW/MELD.Raw/train/train_splits/dia810_utt0.mp4
810,1,Chandler,sadness,"Don't worry, I'm brave!",data/raw/MELD-RAW/MELD.Raw/train/train_splits/dia810_utt1.mp4
810,2,Chandler,fear,I am brave!,data/raw/MELD-RAW/MELD.Raw/train/train_splits/dia810_utt2.mp4
810,3,Chandler,fear,II am brave!,data/raw/MELD-RAW/MELD.Raw/train/train_splits/dia810_utt3.mp4
810,4,Chandler,fear,No-no-no-no!!,data/raw/MELD-RAW/MELD.Raw/train/train_splits/dia810_utt4.mp4
810,5,Chandler,neutral,Can you tell me who is there please?,data/raw/MELD-RAW/MELD.Raw/train/train_splits/dia810_utt5.mp4
810,7,Monica,neutral,Hi. Do you know what time it is?,data/raw/MELD-RAW/MELD.Raw/train/train_splits/dia810_utt7.mp4
810,9,Monica,joy,Oh please!  Did you hear that? Little drops of heaven.,data/raw/MELD-RAW/MELD.Raw/train/train_splits/dia810_utt9.mp4
810,10,Chandler,neutral,4:00 A.M.,data/raw/MELD-RAW/MELD.Raw/train/train_splits/dia810_utt10.mp4
810,12,Chandler,neutral,"I am sorry, but some of us have to",data/raw/MELD-RAW/MELD.Raw/train/train_splits/dia810_utt12.mp4
810,13,Monica,sadness,"Umm, listen I am sorry, but I'll put some out first thing in the morning.",data/raw/MELD-RAW/MELD.Raw/train/train_splits/dia810_utt13.mp4
810,15,Monica,neutral,Um-hmm.,data/raw/MELD-RAW/MELD.Raw/train/train_splits/dia810_utt15.mp4
810,17,Chandler,neutral,Mm! Night Gar'!,data/raw/MELD-RAW/MELD.Raw/train/train_splits/dia810_utt17.mp4
812,0,Monica,neutral,What about these? These look the same?,data/raw/MELD-RAW/MELD.Raw/train/train_splits/dia812_utt0.mp4
812,1,Phoebe,joy,Definitely!,data/raw/MELD-RAW/MELD.Raw/train/train_splits/dia812_utt1.mp4
812,2,Monica,neutral,Not as each other!,data/raw/MELD-RAW/MELD.Raw/train/train_splits/dia812_utt2.mp4
812,3,Phoebe,neutral,"Oh, then no.",data/raw/MELD-RAW/MELD.Raw/train/train_splits/dia812_utt3.mp4
812,4,Chandler,joy,Hey!,data/raw/MELD-RAW/MELD.Raw/train/train_splits/dia812_utt4.mp4
812,5,Monica,anger,Hi!,data/raw/MELD-RAW/MELD.Raw/train/train_splits/dia812_utt5.mp4
812,8,Chandler,joy,You look amazing. I'm the luckiest man in the world.,data/raw/MELD-RAW/MELD.Raw/train/train_splits/dia812_utt8.mp4
812,9,Monica,joy,"Ohh, you're about to get a little luckier.",data/raw/MELD-RAW/MELD.Raw/train/train_splits/dia812_utt9.mp4
812,10,Chandler,neutral,Let me see the earrings.,data/raw/MELD-RAW/MELD.Raw/train/train_splits/dia812_utt10.mp4
812,11,Monica,neutral,"Oh, honey, the earrings",data/raw/MELD-RAW/MELD.Raw/train/train_splits/dia812_utt11.mp4
812,12,Chandler,joy,They look great! Does your boyfriend have the best taste or what?,data/raw/MELD-RAW/MELD.Raw/train/train_splits/dia812_utt12.mp4
812,13,Monica,joy,My boyfriend really does have good taste!,data/raw/MELD-RAW/MELD.Raw/train/train_splits/dia812_utt13.mp4
812,14,Chandler,neutral,Thanks for picking out the earrings man.,data/raw/MELD-RAW/MELD.Raw/train/train_splits/dia812_utt14.mp4
813,0,Monica,neutral,"I know that there's no hole there, I just really liked that picture.",data/raw/MELD-RAW/MELD.Raw/train/train_splits/dia813_utt0.mp4
813,2,Monica,neutral,"Okay, but there",data/raw/MELD-RAW/MELD.Raw/train/train_splits/dia813_utt2.mp4
813,4,Monica,neutral,I just thought that if I could follow the wire I could find out what it did.,data/raw/MELD-RAW/MELD.Raw/train/train_splits/dia813_utt4.mp4
813,6,Monica,neutral,"No. It disappears back there behind that baseboard. For a minute there, I thought it went downstairs.",data/raw/MELD-RAW/MELD.Raw/train/train_splits/dia813_utt6.mp4
813,7,Monica,neutral,But it didn't. Say hello to Mrs. Chatracus.,data/raw/MELD-RAW/MELD.Raw/train/train_splits/dia813_utt7.mp4
814,3,Chandler,neutral,"Okay, here we go.",data/raw/MELD-RAW/MELD.Raw/train/train_splits/dia814_utt3.mp4
816,0,Monica,sadness,"I mean, I realize that his feelings may never completely go away, but",data/raw/MELD-RAW/MELD.Raw/train/train_splits/dia816_utt0.mp4
816,1,Janice,sadness,"Oh?my Gawd, I-I understand.",data/raw/MELD-RAW/MELD.Raw/train/train_splits/dia816_utt1.mp4
816,2,Janice,sadness,"I-I am so sorry, I'll go.",data/raw/MELD-RAW/MELD.Raw/train/train_splits/dia816_utt2.mp4
816,3,Janice,sadness,"Good-bye Monica , I wish you a lifetime of happiness with him.",data/raw/MELD-RAW/MELD.Raw/train/train_splits/dia816_utt3.mp4
816,4,Janice,neutral,"Chandler,  you call me when this goes in the pooper.",data/raw/MELD-RAW/MELD.Raw/train/train_splits/dia816_utt4.mp4
817,1,Phoebe,neutral,"Ohh, you are",data/raw/MELD-RAW/MELD.Raw/train/train_splits/dia817_utt1.mp4
817,2,Chandler,neutral,No!,data/raw/MELD-RAW/MELD.Raw/train/train_splits/dia817_utt2.mp4
817,3,Phoebe,surprise,But she just came up here!,data/raw/MELD-RAW/MELD.Raw/train/train_splits/dia817_utt3.mp4
817,4,Chandler,neutral,That was Joey!,data/raw/MELD-RAW/MELD.Raw/train/train_splits/dia817_utt4.mp4
817,5,Phoebe,neutral,I wonder where she is. That is so weird.,data/raw/MELD-RAW/MELD.Raw/train/train_splits/dia817_utt5.mp4
817,6,Chandler,neutral,"Yeah, well, she's probably talking to Richard.",data/raw/MELD-RAW/MELD.Raw/train/train_splits/dia817_utt6.mp4
817,7,Phoebe,anger,Would you stop that!,data/raw/MELD-RAW/MELD.Raw/train/train_splits/dia817_utt7.mp4
817,8,Phoebe,neutral,Do you wanna know the first thing she said when she came back from her lunch with Richard?,data/raw/MELD-RAW/MELD.Raw/train/train_splits/dia817_utt8.mp4
817,9,Phoebe,neutral,She didn't feel anything for him.,data/raw/MELD-RAW/MELD.Raw/train/train_splits/dia817_utt9.mp4
817,10,Phoebe,sadness,She loves you!,data/raw/MELD-RAW/MELD.Raw/train/train_splits/dia817_utt10.mp4
817,11,Chandler,surprise,Really?,data/raw/MELD-RAW/MELD.Raw/train/train_splits/dia817_utt11.mp4
817,12,Phoebe,anger,"Yes! Now, she feels terrible! She really wants to make up! You gotta find her.",data/raw/MELD-RAW/MELD.Raw/train/train_splits/dia817_utt12.mp4
817,13,Chandler,neutral,Okay.,data/raw/MELD-RAW/MELD.Raw/train/train_splits/dia817_utt13.mp4
817,14,Phoebe,neutral,Good.  I should really start wearing hats!,data/raw/MELD-RAW/MELD.Raw/train/train_splits/dia817_utt14.mp4
818,0,Monica,neutral,"I mean, why should I let them meet him?",data/raw/MELD-RAW/MELD.Raw/train/train_splits/dia818_utt0.mp4
818,1,Monica,disgust,"I mean, I bring a guy home, and within five minutes they're all over him.",data/raw/MELD-RAW/MELD.Raw/train/train_splits/dia818_utt1.mp4
818,2,Monica,joy,"I mean, they're like- coyotes, picking off the weak members of the herd.",data/raw/MELD-RAW/MELD.Raw/train/train_splits/dia818_utt2.mp4
818,6,Monica,sadness,"I know. I just wish that once, I'd bring a guy home that they actually liked.",data/raw/MELD-RAW/MELD.Raw/train/train_splits/dia818_utt6.mp4
819,0,Chandler,surprise,No-no-no-no.  Hey!,data/raw/MELD-RAW/MELD.Raw/train/train_splits/dia819_utt0.mp4
819,1,Phoebe,neutral,"Anyway, I should go. Okay, bye.",data/raw/MELD-RAW/MELD.Raw/train/train_splits/dia819_utt1.mp4
819,2,Monica,neutral,Hey sweetie.,data/raw/MELD-RAW/MELD.Raw/train/train_splits/dia819_utt2.mp4
819,3,Chandler,neutral,"Hi sweetie. So, what was with all the whispering?",data/raw/MELD-RAW/MELD.Raw/train/train_splits/dia819_utt3.mp4
819,4,Monica,neutral,I can't tell you. It's a secret.,data/raw/MELD-RAW/MELD.Raw/train/train_splits/dia819_utt4.mp4
819,5,Chandler,anger,Secret? Married people aren't supposed to have secrets between one another. We have too much love and respect for one another.,data/raw/MELD-RAW/MELD.Raw/train/train_splits/dia819_utt5.mp4
819,6,Monica,neutral,Awww.  But still no.,data/raw/MELD-RAW/MELD.Raw/train/train_splits/dia819_utt6.mp4
819,7,Chandler,neutral,"No I'm serious, we should tell each other",data/raw/MELD-RAW/MELD.Raw/train/train_splits/dia819_utt7.mp4
819,8,Monica,neutral,"Really? Okay, so why don't you tell me what happened to Ross Junior year at",data/raw/MELD-RAW/MELD.Raw/train/train_splits/dia819_utt8.mp4
819,9,Chandler,fear,"Oh no-no, I can't do that.",data/raw/MELD-RAW/MELD.Raw/train/train_splits/dia819_utt9.mp4
819,10,Monica,neutral,"If you tell me, I'll tell you what Phoebe said.",data/raw/MELD-RAW/MELD.Raw/train/train_splits/dia819_utt10.mp4
819,11,Chandler,neutral,Okay.,data/raw/MELD-RAW/MELD.Raw/train/train_splits/dia819_utt11.mp4
819,12,Monica,neutral,Okay.,data/raw/MELD-RAW/MELD.Raw/train/train_splits/dia819_utt12.mp4
819,13,Chandler,neutral,"So, Ross and I are going to",data/raw/MELD-RAW/MELD.Raw/train/train_splits/dia819_utt13.mp4
819,14,Monica,disgust,Oh my God. He threw up?,data/raw/MELD-RAW/MELD.Raw/train/train_splits/dia819_utt14.mp4
819,15,Chandler,neutral,"No, he visited a little town south of throw up.  So what was Phoebe's secret?",data/raw/MELD-RAW/MELD.Raw/train/train_splits/dia819_utt15.mp4
819,16,Monica,neutral,"Oh, Nancy Thompson from Phoebe's old massage place is getting fired.",data/raw/MELD-RAW/MELD.Raw/train/train_splits/dia819_utt16.mp4
819,17,Chandler,joy,That's it?! I gave up my,data/raw/MELD-RAW/MELD.Raw/train/train_splits/dia819_utt17.mp4
819,18,Monica,joy,That's right! You lose sucker!!  Please still marry me.,data/raw/MELD-RAW/MELD.Raw/train/train_splits/dia819_utt18.mp4
820,0,Phoebe,joy,Oh hey! How was your audition?,data/raw/MELD-RAW/MELD.Raw/train/train_splits/dia820_utt0.mp4
820,2,Phoebe,neutral,What are you doing?,data/raw/MELD-RAW/MELD.Raw/train/train_splits/dia820_utt2.mp4
820,4,Phoebe,sadness,Oh! You got it?!,data/raw/MELD-RAW/MELD.Raw/train/train_splits/dia820_utt4.mp4
820,6,Monica,neutral,What was it for?,data/raw/MELD-RAW/MELD.Raw/train/train_splits/dia820_utt6.mp4
820,10,Phoebe,neutral,The next next?,data/raw/MELD-RAW/MELD.Raw/train/train_splits/dia820_utt10.mp4
820,17,Phoebe,neutral,What's the matter?,data/raw/MELD-RAW/MELD.Raw/train/train_splits/dia820_utt17.mp4
820,19,Monica,surprise,Wow!,data/raw/MELD-RAW/MELD.Raw/train/train_splits/dia820_utt19.mp4
820,21,Phoebe,joy,Grandma's gonna have to get in line.,data/raw/MELD-RAW/MELD.Raw/train/train_splits/dia820_utt21.mp4
822,0,Phoebe,neutral,"Okay, so we got some more good rejections, lots of stuff to work on.",data/raw/MELD-RAW/MELD.Raw/train/train_splits/dia822_utt0.mp4
822,2,Phoebe,neutral,"Okay, um, oh, the zoo commercial.",data/raw/MELD-RAW/MELD.Raw/train/train_splits/dia822_utt2.mp4
822,4,Phoebe,joy,"No. They said you 'Weren't believable as a human being.' So, you can work on that.",data/raw/MELD-RAW/MELD.Raw/train/train_splits/dia822_utt4.mp4
822,6,Phoebe,neutral,"Um, the off-Broadway play people said 'You were pretty but dumb.'",data/raw/MELD-RAW/MELD.Raw/train/train_splits/dia822_utt6.mp4
822,8,Phoebe,neutral,"Oh no wait, I'm sorry, that's 'pretty dumb.'",data/raw/MELD-RAW/MELD.Raw/train/train_splits/dia822_utt8.mp4
823,2,Phoebe,joy,"Oh, well he's yummy. We did a little kissin'.",data/raw/MELD-RAW/MELD.Raw/train/train_splits/dia823_utt2.mp4
823,4,Phoebe,neutral,"Oh, no, no, no, no. You know what, he's not into that stuff anymore. He quit for me.",data/raw/MELD-RAW/MELD.Raw/train/train_splits/dia823_utt4.mp4
823,6,Phoebe,joy,"Look, he gave me his night vision goggles and everything.",data/raw/MELD-RAW/MELD.Raw/train/train_splits/dia823_utt6.mp4
823,8,Phoebe,surprise,"What, he's not still following her. Do you think he is still following her?",data/raw/MELD-RAW/MELD.Raw/train/train_splits/dia823_utt8.mp4
823,9,Chandler,disgust,"Pheebs, wake up and smell the restraining order.",data/raw/MELD-RAW/MELD.Raw/train/train_splits/dia823_utt9.mp4
823,10,Phoebe,neutral,What are you saying I should do?,data/raw/MELD-RAW/MELD.Raw/train/train_splits/dia823_utt10.mp4
823,11,Monica,neutral,"I think, that if you really like this guy, you should just trust him.",data/raw/MELD-RAW/MELD.Raw/train/train_splits/dia823_utt11.mp4
823,12,Phoebe,joy,"Thank you, Monica.",data/raw/MELD-RAW/MELD.Raw/train/train_splits/dia823_utt12.mp4
823,14,Monica,surprise,"Oh, that's what I would do, forget mine.",data/raw/MELD-RAW/MELD.Raw/train/train_splits/dia823_utt14.mp4
824,0,Monica,joy,Hey guys check it out! My mom sent me the paper!,data/raw/MELD-RAW/MELD.Raw/train/train_splits/dia824_utt0.mp4
824,1,Phoebe,joy,"Ooh, let's see it!",data/raw/MELD-RAW/MELD.Raw/train/train_splits/dia824_utt1.mp4
825,1,Monica,neutral,No.,data/raw/MELD-RAW/MELD.Raw/train/train_splits/dia825_utt1.mp4
826,0,Chandler,joy,There he is!,data/raw/MELD-RAW/MELD.Raw/train/train_splits/dia826_utt0.mp4
826,1,Monica,joy,There's our star!,data/raw/MELD-RAW/MELD.Raw/train/train_splits/dia826_utt1.mp4
826,3,Chandler,joy,Almost as good as that play with the two naked girls on the see-saw.,data/raw/MELD-RAW/MELD.Raw/train/train_splits/dia826_utt3.mp4
827,0,Phoebe,neutral,"Wow, I have the spirit of an old Indian women living in mine.",data/raw/MELD-RAW/MELD.Raw/train/train_splits/dia827_utt0.mp4
827,1,Monica,joy,So then you know?,data/raw/MELD-RAW/MELD.Raw/train/train_splits/dia827_utt1.mp4
827,2,Phoebe,neutral,"The mailman was downstairs, so I brought up your mail.",data/raw/MELD-RAW/MELD.Raw/train/train_splits/dia827_utt2.mp4
827,3,Monica,neutral,"Oh, good. Thanks.",data/raw/MELD-RAW/MELD.Raw/train/train_splits/dia827_utt3.mp4
827,4,Phoebe,neutral,Now what is Fabutec?,data/raw/MELD-RAW/MELD.Raw/train/train_splits/dia827_utt4.mp4
827,5,Monica,fear,"Okay, all right don't judge me to much.",data/raw/MELD-RAW/MELD.Raw/train/train_splits/dia827_utt5.mp4
827,6,Monica,neutral,Okay?,data/raw/MELD-RAW/MELD.Raw/train/train_splits/dia827_utt6.mp4
827,7,Monica,neutral,"Um, but I saw this info-mercial, and um, I swear to you I have never-ever bought anything on TV before, except for this mop.",data/raw/MELD-RAW/MELD.Raw/train/train_splits/dia827_utt7.mp4
827,8,Monica,joy,"But there was this stuff on leg waxing, it just, it looked so amazing....",data/raw/MELD-RAW/MELD.Raw/train/train_splits/dia827_utt8.mp4
827,11,Phoebe,joy,"Oh, it's incredible! I so want to be a Waxine girl.",data/raw/MELD-RAW/MELD.Raw/train/train_splits/dia827_utt11.mp4
827,12,Monica,joy,I know!!,data/raw/MELD-RAW/MELD.Raw/train/train_splits/dia827_utt12.mp4
827,13,Phoebe,fear,God. Do think it really doesn't hurt? Cause how can they do that?,data/raw/MELD-RAW/MELD.Raw/train/train_splits/dia827_utt13.mp4
827,14,Monica,joy,Hello! Organic substances recently discovered in the depths of the rain forest!,data/raw/MELD-RAW/MELD.Raw/train/train_splits/dia827_utt14.mp4
827,15,Phoebe,neutral,They have the best stuff in there.,data/raw/MELD-RAW/MELD.Raw/train/train_splits/dia827_utt15.mp4
829,0,Phoebe,anger,Cause it's good money! But that doesn't change the fact that    this is an evil blood sucking corporate machine!,data/raw/MELD-RAW/MELD.Raw/train/train_splits/dia829_utt0.mp4
829,2,Phoebe,anger,"Ok, are they listening?",data/raw/MELD-RAW/MELD.Raw/train/train_splits/dia829_utt2.mp4
830,0,Chandler,joy,Varrrrrroom!,data/raw/MELD-RAW/MELD.Raw/train/train_splits/dia830_utt0.mp4
830,1,Chandler,joy,Hey!,data/raw/MELD-RAW/MELD.Raw/train/train_splits/dia830_utt1.mp4
830,2,Chandler,anger,Watch it lady!,data/raw/MELD-RAW/MELD.Raw/train/train_splits/dia830_utt2.mp4
830,3,Chandler,joy,Varrrrrrrrrrom!,data/raw/MELD-RAW/MELD.Raw/train/train_splits/dia830_utt3.mp4
830,4,Chandler,joy,Hey-hey good lookin'!,data/raw/MELD-RAW/MELD.Raw/train/train_splits/dia830_utt4.mp4
830,5,Chandler,joy,Varrrrrrrrroom.,data/raw/MELD-RAW/MELD.Raw/train/train_splits/dia830_utt5.mp4
830,6,Chandler,sadness,"All right, I'll leave.",data/raw/MELD-RAW/MELD.Raw/train/train_splits/dia830_utt6.mp4
830,7,Chandler,sadness,My bed's so boring.,data/raw/MELD-RAW/MELD.Raw/train/train_splits/dia830_utt7.mp4
832,2,Phoebe,neutral,Joey stuffing 15,data/raw/MELD-RAW/MELD.Raw/train/train_splits/dia832_utt2.mp4
832,4,Phoebe,neutral,Where were you?,data/raw/MELD-RAW/MELD.Raw/train/train_splits/dia832_utt4.mp4
832,6,Chandler,surprise,"Oh, yeah! How did you meet her?",data/raw/MELD-RAW/MELD.Raw/train/train_splits/dia832_utt6.mp4
832,7,Phoebe,neutral,"Oh, which museum?",data/raw/MELD-RAW/MELD.Raw/train/train_splits/dia832_utt7.mp4
832,8,Phoebe,neutral,"No, answer his.",data/raw/MELD-RAW/MELD.Raw/train/train_splits/dia832_utt8.mp4
832,11,Chandler,sadness,Were you so late because you were burring this woman?,data/raw/MELD-RAW/MELD.Raw/train/train_splits/dia832_utt11.mp4
832,14,Chandler,anger,How can she be great if she's from Poughkeepsie?  That joke would've killed in Albany.,data/raw/MELD-RAW/MELD.Raw/train/train_splits/dia832_utt14.mp4
833,0,Monica,joy,"No, there is no way! It can",data/raw/MELD-RAW/MELD.Raw/train/train_splits/dia833_utt0.mp4
833,1,Chandler,neutral,Why is your family,data/raw/MELD-RAW/MELD.Raw/train/train_splits/dia833_utt1.mp4
833,2,Monica,anger,He cannot play at our wedding!,data/raw/MELD-RAW/MELD.Raw/train/train_splits/dia833_utt2.mp4
833,3,Monica,anger,I mean everyone will leave!,data/raw/MELD-RAW/MELD.Raw/train/train_splits/dia833_utt3.mp4
833,4,Monica,anger,"I mean come on, that is just noise!",data/raw/MELD-RAW/MELD.Raw/train/train_splits/dia833_utt4.mp4
833,5,Monica,anger,It's not even a song!,data/raw/MELD-RAW/MELD.Raw/train/train_splits/dia833_utt5.mp4
833,6,Chandler,neutral,"If you listen very carefully, I think its",data/raw/MELD-RAW/MELD.Raw/train/train_splits/dia833_utt6.mp4
834,0,Phoebe,surprise,"Oh, I want to look too! . Yikes!",data/raw/MELD-RAW/MELD.Raw/train/train_splits/dia834_utt0.mp4
834,1,Monica,neutral,"So do you think that these picturesAre, are they trying to tell a story?",data/raw/MELD-RAW/MELD.Raw/train/train_splits/dia834_utt1.mp4
834,4,Monica,neutral,"Well, she's not going to find them lying in the grass like that.",data/raw/MELD-RAW/MELD.Raw/train/train_splits/dia834_utt4.mp4
834,5,Phoebe,joy,"Oh, yeah. Aw, remember the days when you used to go out to the barn, lift up your shirt, and bend over?",data/raw/MELD-RAW/MELD.Raw/train/train_splits/dia834_utt5.mp4
834,6,Monica,neutral,Yeah.,data/raw/MELD-RAW/MELD.Raw/train/train_splits/dia834_utt6.mp4
834,10,Monica,neutral,"Okay, I've got a question. If you had to pick one of us to date, who would it be?",data/raw/MELD-RAW/MELD.Raw/train/train_splits/dia834_utt10.mp4
834,12,Monica,neutral,Me neither.,data/raw/MELD-RAW/MELD.Raw/train/train_splits/dia834_utt12.mp4
834,13,Phoebe,neutral,Rachel.,data/raw/MELD-RAW/MELD.Raw/train/train_splits/dia834_utt13.mp4
834,14,Monica,surprise,What?!,data/raw/MELD-RAW/MELD.Raw/train/train_splits/dia834_utt14.mp4
834,15,Phoebe,neutral,I don't know.  Me neither.,data/raw/MELD-RAW/MELD.Raw/train/train_splits/dia834_utt15.mp4
835,0,Monica,sadness,"Look, I wanted to tell I'm-I'm sorry you lost.",data/raw/MELD-RAW/MELD.Raw/train/train_splits/dia835_utt0.mp4
835,1,Chandler,neutral,"Listen, I've got a secret for ya. I let him win.",data/raw/MELD-RAW/MELD.Raw/train/train_splits/dia835_utt1.mp4
835,2,Monica,anger,Is that a secret or a lie.,data/raw/MELD-RAW/MELD.Raw/train/train_splits/dia835_utt2.mp4
835,3,Chandler,neutral,"No, I let him winRoss!",data/raw/MELD-RAW/MELD.Raw/train/train_splits/dia835_utt3.mp4
835,5,Chandler,anger,Would you tell her I let you win please?,data/raw/MELD-RAW/MELD.Raw/train/train_splits/dia835_utt5.mp4
835,7,Chandler,anger,I am strong! I'll show you!,data/raw/MELD-RAW/MELD.Raw/train/train_splits/dia835_utt7.mp4
835,8,Monica,disgust,Chandler please!,data/raw/MELD-RAW/MELD.Raw/train/train_splits/dia835_utt8.mp4
835,9,Chandler,anger,Oh what's the matter? Are you scared?,data/raw/MELD-RAW/MELD.Raw/train/train_splits/dia835_utt9.mp4
835,10,Monica,anger,Let's go big bunny!,data/raw/MELD-RAW/MELD.Raw/train/train_splits/dia835_utt10.mp4
835,11,Chandler,neutral,Okay. 123Go!   I'm gonna kill myself!,data/raw/MELD-RAW/MELD.Raw/train/train_splits/dia835_utt11.mp4
837,1,Phoebe,joy,It's Phoebe! Phoebe!,data/raw/MELD-RAW/MELD.Raw/train/train_splits/dia837_utt1.mp4
838,0,Phoebe,surprise,Oh God. So-so you're making porn movies.,data/raw/MELD-RAW/MELD.Raw/train/train_splits/dia838_utt0.mp4
839,1,Phoebe,anger,You're making one right now!,data/raw/MELD-RAW/MELD.Raw/train/train_splits/dia839_utt1.mp4
839,2,Phoebe,neutral,And-,data/raw/MELD-RAW/MELD.Raw/train/train_splits/dia839_utt2.mp4
839,4,Phoebe,joy,"Look, I'm talking right now! You'reyou mean her.",data/raw/MELD-RAW/MELD.Raw/train/train_splits/dia839_utt4.mp4
839,6,Phoebe,surprise,What?!,data/raw/MELD-RAW/MELD.Raw/train/train_splits/dia839_utt6.mp4
839,8,Phoebe,disgust,No!!,data/raw/MELD-RAW/MELD.Raw/train/train_splits/dia839_utt8.mp4
839,11,Phoebe,anger,And stop using my name!,data/raw/MELD-RAW/MELD.Raw/train/train_splits/dia839_utt11.mp4
839,12,Phoebe,disgust,And shame on you!,data/raw/MELD-RAW/MELD.Raw/train/train_splits/dia839_utt12.mp4
839,13,Phoebe,disgust,And shame on all of you!,data/raw/MELD-RAW/MELD.Raw/train/train_splits/dia839_utt13.mp4
839,14,Phoebe,disgust,You're disgusting!,data/raw/MELD-RAW/MELD.Raw/train/train_splits/dia839_utt14.mp4
839,15,Phoebe,disgust,Especially you  with that!,data/raw/MELD-RAW/MELD.Raw/train/train_splits/dia839_utt15.mp4
840,0,Phoebe,joy,Hey!,data/raw/MELD-RAW/MELD.Raw/train/train_splits/dia840_utt0.mp4
840,2,Phoebe,neutral,Are you moving out?,data/raw/MELD-RAW/MELD.Raw/train/train_splits/dia840_utt2.mp4
840,4,Phoebe,neutral,"Um, um, Rachel can we talk for a sec?",data/raw/MELD-RAW/MELD.Raw/train/train_splits/dia840_utt4.mp4
840,6,Phoebe,fear,"Oh!  Ok, um, ok, um,",data/raw/MELD-RAW/MELD.Raw/train/train_splits/dia840_utt6.mp4
840,8,Phoebe,neutral,"Ok, um,  we haven't known each other for that long a time, and, um, there are three things that you should know about me.",data/raw/MELD-RAW/MELD.Raw/train/train_splits/dia840_utt8.mp4
840,9,Phoebe,neutral,"One, my friends are the most important thing in my life, two, I never lie, and three, I make the best oatmeal raisin cookies in the world.",data/raw/MELD-RAW/MELD.Raw/train/train_splits/dia840_utt9.mp4
840,11,Phoebe,neutral,"Oh, I don't make them a lot because I don't think it's fair to the other cookies",data/raw/MELD-RAW/MELD.Raw/train/train_splits/dia840_utt11.mp4
840,13,Phoebe,neutral,Which proves that I never lie.,data/raw/MELD-RAW/MELD.Raw/train/train_splits/dia840_utt13.mp4
840,15,Phoebe,sadness,Paolo made a pass at me.,data/raw/MELD-RAW/MELD.Raw/train/train_splits/dia840_utt15.mp4
841,0,Monica,fear,"I'm so sorry. Please, stop freaking out.",data/raw/MELD-RAW/MELD.Raw/train/train_splits/dia841_utt0.mp4
841,1,Chandler,neutral,I'm not freaking out.,data/raw/MELD-RAW/MELD.Raw/train/train_splits/dia841_utt1.mp4
841,2,Chandler,neutral,Why would I be freaking out?,data/raw/MELD-RAW/MELD.Raw/train/train_splits/dia841_utt2.mp4
841,3,Chandler,neutral,"A woman named Heldi called and said we were getting married, but that happens everyday.",data/raw/MELD-RAW/MELD.Raw/train/train_splits/dia841_utt3.mp4
841,4,Monica,anger,"Honey, we were at this beautiful place, and I-I-I just put our names down for fun!",data/raw/MELD-RAW/MELD.Raw/train/train_splits/dia841_utt4.mp4
841,5,Monica,neutral,"I mean, what's the harm in that?",data/raw/MELD-RAW/MELD.Raw/train/train_splits/dia841_utt5.mp4
841,6,Chandler,sadness,Right here!,data/raw/MELD-RAW/MELD.Raw/train/train_splits/dia841_utt6.mp4
841,7,Monica,anger,"Chandler, please don't think I was trying to pressure you. Phoebe and Rachel",data/raw/MELD-RAW/MELD.Raw/train/train_splits/dia841_utt7.mp4
841,8,Chandler,anger,Phoebe and Rachel!,data/raw/MELD-RAW/MELD.Raw/train/train_splits/dia841_utt8.mp4
841,9,Chandler,sadness,"So the people that knew about our wedding before me were you, Phoebe and Rachel, Heldi, and apparently some band called Starlight Magic 7 who are available by the way!",data/raw/MELD-RAW/MELD.Raw/train/train_splits/dia841_utt9.mp4
841,10,Monica,sadness,"It was a mistake. Please don't take this to mean anything, because it doesn't.",data/raw/MELD-RAW/MELD.Raw/train/train_splits/dia841_utt10.mp4
841,11,Chandler,neutral,Okay.,data/raw/MELD-RAW/MELD.Raw/train/train_splits/dia841_utt11.mp4
841,12,Monica,joy,Really?,data/raw/MELD-RAW/MELD.Raw/train/train_splits/dia841_utt12.mp4
841,13,Chandler,neutral,"Yes, if it really doesn't mean anything, because you know that I'm just not ready",data/raw/MELD-RAW/MELD.Raw/train/train_splits/dia841_utt13.mp4
841,14,Monica,neutral,I know! I know.,data/raw/MELD-RAW/MELD.Raw/train/train_splits/dia841_utt14.mp4
841,15,Chandler,neutral,Okay.,data/raw/MELD-RAW/MELD.Raw/train/train_splits/dia841_utt15.mp4
841,16,Monica,anger,I'm gonna go tell Joey that  that you're back. I was really worried about you.,data/raw/MELD-RAW/MELD.Raw/train/train_splits/dia841_utt16.mp4
841,17,Phoebe,neutral,"Hey, did she buy it?",data/raw/MELD-RAW/MELD.Raw/train/train_splits/dia841_utt17.mp4
841,18,Chandler,neutral,Totally.,data/raw/MELD-RAW/MELD.Raw/train/train_splits/dia841_utt18.mp4
841,19,Phoebe,neutral,So did Heldi show you the place?,data/raw/MELD-RAW/MELD.Raw/train/train_splits/dia841_utt19.mp4
841,20,Chandler,neutral,"Yeah, it's beautiful.",data/raw/MELD-RAW/MELD.Raw/train/train_splits/dia841_utt20.mp4
841,21,Phoebe,joy,I can't believe you're gonna ask Monica to marry you!,data/raw/MELD-RAW/MELD.Raw/train/train_splits/dia841_utt21.mp4
841,22,Chandler,neutral,I know.,data/raw/MELD-RAW/MELD.Raw/train/train_splits/dia841_utt22.mp4
842,4,Phoebe,sadness,"Ohh, I lost my mom to suicide.",data/raw/MELD-RAW/MELD.Raw/train/train_splits/dia842_utt4.mp4
842,6,Phoebe,sadness,Did I use that already today? I'm sorry.,data/raw/MELD-RAW/MELD.Raw/train/train_splits/dia842_utt6.mp4
842,11,Phoebe,neutral,So you don't know that's,data/raw/MELD-RAW/MELD.Raw/train/train_splits/dia842_utt11.mp4
843,0,Monica,surprise,I can't believe this. Do you think that your parents could help pay for it?,data/raw/MELD-RAW/MELD.Raw/train/train_splits/dia843_utt0.mp4
843,1,Chandler,sadness,"I don't know, my mother spent most of her money on her fourth wedding.",data/raw/MELD-RAW/MELD.Raw/train/train_splits/dia843_utt1.mp4
843,2,Chandler,anger,She's saving the rest for her divorce.,data/raw/MELD-RAW/MELD.Raw/train/train_splits/dia843_utt2.mp4
843,3,Chandler,neutral,And any extra cash my father has he saves for his yearly trips to,data/raw/MELD-RAW/MELD.Raw/train/train_splits/dia843_utt3.mp4
843,5,Monica,anger,My parents spent the money for our wedding!,data/raw/MELD-RAW/MELD.Raw/train/train_splits/dia843_utt5.mp4
843,6,Phoebe,surprise,My God! What did you order?!,data/raw/MELD-RAW/MELD.Raw/train/train_splits/dia843_utt6.mp4
843,8,Chandler,neutral,"Honey, it's gonna be okay.",data/raw/MELD-RAW/MELD.Raw/train/train_splits/dia843_utt8.mp4
843,9,Monica,sadness,No! No it's not! It's not gonna be okay! It sucks! No swing band! No lilies!,data/raw/MELD-RAW/MELD.Raw/train/train_splits/dia843_utt9.mp4
845,5,Chandler,joy,"Yes, but there's two in martini, soo everybody",data/raw/MELD-RAW/MELD.Raw/train/train_splits/dia845_utt5.mp4
845,7,Chandler,fear,"Oh it's Bing, sir. I'm sorry , I was just ah...",data/raw/MELD-RAW/MELD.Raw/train/train_splits/dia845_utt7.mp4
846,0,Phoebe,neutral,Yeah. You won't be able to take it.,data/raw/MELD-RAW/MELD.Raw/train/train_splits/dia846_utt0.mp4
846,1,Chandler,neutral,"So uh, now that little Chandler turned out to be a girl, what are they gonna name her?",data/raw/MELD-RAW/MELD.Raw/train/train_splits/dia846_utt1.mp4
846,2,Phoebe,neutral,They're gonna call her Chandler.,data/raw/MELD-RAW/MELD.Raw/train/train_splits/dia846_utt2.mp4
846,3,Chandler,neutral,"That's kind of a masculine name, don't you think?",data/raw/MELD-RAW/MELD.Raw/train/train_splits/dia846_utt3.mp4
846,4,Phoebe,neutral,Works on you.,data/raw/MELD-RAW/MELD.Raw/train/train_splits/dia846_utt4.mp4
850,0,Monica,joy,That really was some of your best work.,data/raw/MELD-RAW/MELD.Raw/train/train_splits/dia850_utt0.mp4
850,1,Chandler,neutral,"Hm-hmm, I told you!  I can't believe that I've only got two hours before I call in sick for work.",data/raw/MELD-RAW/MELD.Raw/train/train_splits/dia850_utt1.mp4
850,2,Monica,neutral,I have to be up in seven minutes.,data/raw/MELD-RAW/MELD.Raw/train/train_splits/dia850_utt2.mp4
850,3,Chandler,neutral,"Well, you're not gonna believe this, but if you have seven minutes",data/raw/MELD-RAW/MELD.Raw/train/train_splits/dia850_utt3.mp4
850,4,Monica,surprise,Really?!,data/raw/MELD-RAW/MELD.Raw/train/train_splits/dia850_utt4.mp4
850,5,Chandler,neutral,Do you wanna?,data/raw/MELD-RAW/MELD.Raw/train/train_splits/dia850_utt5.mp4
850,6,Monica,joy,Okay! You get the vacuum cleaner and I'll get the furniture polish!,data/raw/MELD-RAW/MELD.Raw/train/train_splits/dia850_utt6.mp4
852,0,Phoebe,neutral,Hey.,data/raw/MELD-RAW/MELD.Raw/train/train_splits/dia852_utt0.mp4
852,1,Phoebe,neutral,"Listen, um...",data/raw/MELD-RAW/MELD.Raw/train/train_splits/dia852_utt1.mp4
852,2,Phoebe,sadness,I'm sorry.,data/raw/MELD-RAW/MELD.Raw/train/train_splits/dia852_utt2.mp4
852,3,Phoebe,neutral,": Yeah, um...  You know you, you should just forget about what I said under the bridge, I was talkin'",data/raw/MELD-RAW/MELD.Raw/train/train_splits/dia852_utt3.mp4
852,4,Phoebe,sadness,"That's right, I don't... But I was, I was drunk on you!",data/raw/MELD-RAW/MELD.Raw/train/train_splits/dia852_utt4.mp4
852,5,Phoebe,neutral,"Okay, yeah, so it's not gonna work.",data/raw/MELD-RAW/MELD.Raw/train/train_splits/dia852_utt5.mp4
852,6,Phoebe,neutral,"If it was, would you stop hanging out with her?",data/raw/MELD-RAW/MELD.Raw/train/train_splits/dia852_utt6.mp4
852,7,Phoebe,anger,"Um, then yes, it's 'cause of Phoebe! So, you know, it's either her or me.",data/raw/MELD-RAW/MELD.Raw/train/train_splits/dia852_utt7.mp4
852,8,Phoebe,sadness,"You know...  You're gonna be really, really hard to get over.",data/raw/MELD-RAW/MELD.Raw/train/train_splits/dia852_utt8.mp4
853,1,Phoebe,anger,"Oh, hello liar.",data/raw/MELD-RAW/MELD.Raw/train/train_splits/dia853_utt1.mp4
853,3,Phoebe,anger,I could've been killed I hope you know!,data/raw/MELD-RAW/MELD.Raw/train/train_splits/dia853_utt3.mp4
853,5,Phoebe,joy,"Well, I would love to butthe bike got stolen and the police have no suspects.",data/raw/MELD-RAW/MELD.Raw/train/train_splits/dia853_utt5.mp4
853,7,Phoebe,anger,What?!  What the hell?!,data/raw/MELD-RAW/MELD.Raw/train/train_splits/dia853_utt7.mp4
853,10,Phoebe,surprise,What?! Why?!,data/raw/MELD-RAW/MELD.Raw/train/train_splits/dia853_utt10.mp4
853,12,Phoebe,anger,"All right. If you care enough to make up that load of crap, okay.",data/raw/MELD-RAW/MELD.Raw/train/train_splits/dia853_utt12.mp4
853,14,Phoebe,anger,Okay Ross!  Please don't die!,data/raw/MELD-RAW/MELD.Raw/train/train_splits/dia853_utt14.mp4
855,4,Chandler,joy,You can call off the roommate search!  Hi! I'll be living here.,data/raw/MELD-RAW/MELD.Raw/train/train_splits/dia855_utt4.mp4
855,6,Chandler,surprise,Why did you take the shower curtain down?,data/raw/MELD-RAW/MELD.Raw/train/train_splits/dia855_utt6.mp4
856,1,Chandler,neutral,"Hey man, how did the audition go?",data/raw/MELD-RAW/MELD.Raw/train/train_splits/dia856_utt1.mp4
857,4,Monica,neutral,"Well, it's getting late.",data/raw/MELD-RAW/MELD.Raw/train/train_splits/dia857_utt4.mp4
857,5,Chandler,neutral,"Yeah, we're gonna go.",data/raw/MELD-RAW/MELD.Raw/train/train_splits/dia857_utt5.mp4
857,7,Monica,neutral,"Ugh, y'know, umm we gotta get up early and catch that plane for New York.",data/raw/MELD-RAW/MELD.Raw/train/train_splits/dia857_utt7.mp4
857,8,Chandler,neutral,"Yeah, it's a very large plane.",data/raw/MELD-RAW/MELD.Raw/train/train_splits/dia857_utt8.mp4
857,10,Chandler,neutral,"But, we'll stay here with you.",data/raw/MELD-RAW/MELD.Raw/train/train_splits/dia857_utt10.mp4
858,0,Phoebe,surprise,"Hey, Mel Gibson and Clint Eastwood.",data/raw/MELD-RAW/MELD.Raw/train/train_splits/dia858_utt0.mp4
858,2,Phoebe,neutral,"Oh-okay, I get the game now.",data/raw/MELD-RAW/MELD.Raw/train/train_splits/dia858_utt2.mp4
858,10,Chandler,surprise,Really?,data/raw/MELD-RAW/MELD.Raw/train/train_splits/dia858_utt10.mp4
859,0,Phoebe,surprise,"Ursula!  Wait! Err-err, it's me! Phoebe!",data/raw/MELD-RAW/MELD.Raw/train/train_splits/dia859_utt0.mp4
859,2,Phoebe,surprise,"Wait a second! So, what's new with you?",data/raw/MELD-RAW/MELD.Raw/train/train_splits/dia859_utt2.mp4
860,1,Phoebe,neutral,Okay.,data/raw/MELD-RAW/MELD.Raw/train/train_splits/dia860_utt1.mp4
860,2,Phoebe,fear,"Umm look, you're coming on a little strong.",data/raw/MELD-RAW/MELD.Raw/train/train_splits/dia860_utt2.mp4
860,3,Phoebe,neutral,"But I'm going to give you the benefit of the doubt, because it seems the universe really wants to be together.",data/raw/MELD-RAW/MELD.Raw/train/train_splits/dia860_utt3.mp4
860,4,Phoebe,neutral,"So, why don't we just start over okay?",data/raw/MELD-RAW/MELD.Raw/train/train_splits/dia860_utt4.mp4
860,5,Phoebe,neutral,And you can just tell me about yourself.,data/raw/MELD-RAW/MELD.Raw/train/train_splits/dia860_utt5.mp4
860,7,Phoebe,neutral,Okay.,data/raw/MELD-RAW/MELD.Raw/train/train_splits/dia860_utt7.mp4
860,9,Phoebe,surprise,What?!,data/raw/MELD-RAW/MELD.Raw/train/train_splits/dia860_utt9.mp4
860,11,Phoebe,disgust,Oh my God!,data/raw/MELD-RAW/MELD.Raw/train/train_splits/dia860_utt11.mp4
860,13,Phoebe,surprise,Wow! You do?,data/raw/MELD-RAW/MELD.Raw/train/train_splits/dia860_utt13.mp4
860,15,Phoebe,disgust,All right.,data/raw/MELD-RAW/MELD.Raw/train/train_splits/dia860_utt15.mp4
861,2,Monica,sadness,"How-how are you, Mom?",data/raw/MELD-RAW/MELD.Raw/train/train_splits/dia861_utt2.mp4
861,4,Monica,surprise,What?,data/raw/MELD-RAW/MELD.Raw/train/train_splits/dia861_utt4.mp4
861,6,Monica,neutral,Nothing.,data/raw/MELD-RAW/MELD.Raw/train/train_splits/dia861_utt6.mp4
861,8,Monica,anger,"She is unbelievable, our mother is...",data/raw/MELD-RAW/MELD.Raw/train/train_splits/dia861_utt8.mp4
861,11,Monica,surprise,Oh God!,data/raw/MELD-RAW/MELD.Raw/train/train_splits/dia861_utt11.mp4
861,12,Monica,neutral,The fuzzy little mints at the bottom of her purse.,data/raw/MELD-RAW/MELD.Raw/train/train_splits/dia861_utt12.mp4
862,1,Monica,surprise,You can't!,data/raw/MELD-RAW/MELD.Raw/train/train_splits/dia862_utt1.mp4
862,3,Monica,neutral,In the hall.,data/raw/MELD-RAW/MELD.Raw/train/train_splits/dia862_utt3.mp4
863,3,Chandler,neutral,"Joey, if I go first, I wanna be looking for my keys.",data/raw/MELD-RAW/MELD.Raw/train/train_splits/dia863_utt3.mp4
864,3,Chandler,joy,"Well, thanks a lot for hookin' me up Rach. I want you to know that I want you to attend our wedding as my guest.",data/raw/MELD-RAW/MELD.Raw/train/train_splits/dia864_utt3.mp4
865,1,Monica,anger,Limited seating my ass. Let's see who made the cut.  Hi!,data/raw/MELD-RAW/MELD.Raw/train/train_splits/dia865_utt1.mp4
865,2,Monica,neutral,I'm Monica Gellar. Who do you know the bride and groom?,data/raw/MELD-RAW/MELD.Raw/train/train_splits/dia865_utt2.mp4
865,3,Monica,anger,Used to work with her. Used to! I'm a relative and I didn't get invited! A,data/raw/MELD-RAW/MELD.Raw/train/train_splits/dia865_utt3.mp4
865,5,Monica,joy,"So, how about you huh? How do you know the happy couple?",data/raw/MELD-RAW/MELD.Raw/train/train_splits/dia865_utt5.mp4
865,6,Monica,neutral,"Okay, you're fine.",data/raw/MELD-RAW/MELD.Raw/train/train_splits/dia865_utt6.mp4
866,1,Monica,neutral,You'll see.,data/raw/MELD-RAW/MELD.Raw/train/train_splits/dia866_utt1.mp4
866,4,Monica,neutral,"And the musicians, look, they can go over here , okay? And the chairs can face this way , and  You go.",data/raw/MELD-RAW/MELD.Raw/train/train_splits/dia866_utt4.mp4
866,10,Monica,sadness,Ohh. And I don't even have a date.,data/raw/MELD-RAW/MELD.Raw/train/train_splits/dia866_utt10.mp4
869,2,Chandler,anger,"Look, don't you see what's happening here.",data/raw/MELD-RAW/MELD.Raw/train/train_splits/dia869_utt2.mp4
869,3,Chandler,anger,"Instead of hitting on her right away, he's becoming her confidant.",data/raw/MELD-RAW/MELD.Raw/train/train_splits/dia869_utt3.mp4
869,4,Chandler,neutral,Now he's gonna be the guy she goes too to complain about you.,data/raw/MELD-RAW/MELD.Raw/train/train_splits/dia869_utt4.mp4
869,6,Chandler,neutral,"Well, why don't you send her a musical bug, op, no you already did that.",data/raw/MELD-RAW/MELD.Raw/train/train_splits/dia869_utt6.mp4
869,7,Chandler,neutral,"All right look, you're going to have to go there yourself now, okay, make a few surprise visits.",data/raw/MELD-RAW/MELD.Raw/train/train_splits/dia869_utt7.mp4
869,9,Chandler,disgust,"All right fine, don't do anything, just sit here and talk to us, meanwhile she is talking to him about you.",data/raw/MELD-RAW/MELD.Raw/train/train_splits/dia869_utt9.mp4
869,10,Chandler,disgust,"And he's being Mr. Joe Sensitive, and she starts thinking 'Maybe this is the guy for me, because he understands me.'",data/raw/MELD-RAW/MELD.Raw/train/train_splits/dia869_utt10.mp4
869,17,Chandler,neutral,He paints quite a picture doesn't he?,data/raw/MELD-RAW/MELD.Raw/train/train_splits/dia869_utt17.mp4
870,7,Chandler,neutral,"Hey guys, what are you doing?",data/raw/MELD-RAW/MELD.Raw/train/train_splits/dia870_utt7.mp4
871,0,Chandler,neutral,"Hey, y'know what, if you're gonna do that, if you're gonna name him Joey, you should name him Chandler.",data/raw/MELD-RAW/MELD.Raw/train/train_splits/dia871_utt0.mp4
871,1,Chandler,sadness,"Oh, come on!",data/raw/MELD-RAW/MELD.Raw/train/train_splits/dia871_utt1.mp4
871,2,Chandler,neutral,"Chandler's funny, sophisticated, and he's very loveable, once you get to know him.",data/raw/MELD-RAW/MELD.Raw/train/train_splits/dia871_utt2.mp4
871,4,Chandler,neutral,"Well, Chandler will be there for you too.",data/raw/MELD-RAW/MELD.Raw/train/train_splits/dia871_utt4.mp4
871,5,Chandler,neutral,"I mean, well, he might be a little late, but-but, he'll be there.",data/raw/MELD-RAW/MELD.Raw/train/train_splits/dia871_utt5.mp4
871,6,Chandler,neutral,"And he'll bring you some cold soda, if want you need him for is that you're really hot.",data/raw/MELD-RAW/MELD.Raw/train/train_splits/dia871_utt6.mp4
871,8,Phoebe,neutral,"Well, I, I like the idea of naming him after someone I love, and Joey and Chandler are great names.",data/raw/MELD-RAW/MELD.Raw/train/train_splits/dia871_utt8.mp4
871,9,Phoebe,neutral,"But, all right, I don'tmaybe I'll just name him The Hulk.",data/raw/MELD-RAW/MELD.Raw/train/train_splits/dia871_utt9.mp4
872,3,Monica,surprise,What's that supposed to mean?,data/raw/MELD-RAW/MELD.Raw/train/train_splits/dia872_utt3.mp4
872,5,Monica,neutral,No it's not.,data/raw/MELD-RAW/MELD.Raw/train/train_splits/dia872_utt5.mp4
873,1,Phoebe,neutral,Hi Joey.,data/raw/MELD-RAW/MELD.Raw/train/train_splits/dia873_utt1.mp4
873,3,Phoebe,neutral,I,data/raw/MELD-RAW/MELD.Raw/train/train_splits/dia873_utt3.mp4
873,5,Phoebe,anger,"Oh, I'm still mad at them but I also now that they bring happiness to lots of kids who's moms didn't kill themselves, so by supporting them, I'm doing a good thing, but I'm not",data/raw/MELD-RAW/MELD.Raw/train/train_splits/dia873_utt5.mp4
874,2,Chandler,surprise,Oh my God!,data/raw/MELD-RAW/MELD.Raw/train/train_splits/dia874_utt2.mp4
874,4,Monica,sadness,"Y'know, Joey, I think it's time to give up the bag.",data/raw/MELD-RAW/MELD.Raw/train/train_splits/dia874_utt4.mp4
874,15,Chandler,neutral,"Yeah umm, they're called wallets.",data/raw/MELD-RAW/MELD.Raw/train/train_splits/dia874_utt15.mp4
875,1,Chandler,joy,"Okay, great.",data/raw/MELD-RAW/MELD.Raw/train/train_splits/dia875_utt1.mp4
875,3,Chandler,surprise,Half a tank? We still got a lot of high-speed chasing to do!,data/raw/MELD-RAW/MELD.Raw/train/train_splits/dia875_utt3.mp4
875,4,Monica,anger,We're switching rooms again.,data/raw/MELD-RAW/MELD.Raw/train/train_splits/dia875_utt4.mp4
875,5,Chandler,surprise,What? Why?,data/raw/MELD-RAW/MELD.Raw/train/train_splits/dia875_utt5.mp4
875,6,Monica,anger,"This is a garden view room, and we paid for an ocean view room.",data/raw/MELD-RAW/MELD.Raw/train/train_splits/dia875_utt6.mp4
875,8,Monica,anger,"Excuse me, umm, can I talk to you over here for just a second?",data/raw/MELD-RAW/MELD.Raw/train/train_splits/dia875_utt8.mp4
875,9,Chandler,neutral,Uh-huh.,data/raw/MELD-RAW/MELD.Raw/train/train_splits/dia875_utt9.mp4
875,10,Monica,neutral,Chandler!,data/raw/MELD-RAW/MELD.Raw/train/train_splits/dia875_utt10.mp4
876,0,Chandler,anger,Are you kidding me?! Joey. Joey! Joey! Joey! Joey! Joey! Joey! Joey! Joey! Joey!!,data/raw/MELD-RAW/MELD.Raw/train/train_splits/dia876_utt0.mp4
876,2,Chandler,surprise,"Oh. Oh, did-did-did I wake you?",data/raw/MELD-RAW/MELD.Raw/train/train_splits/dia876_utt2.mp4
877,0,Phoebe,joy,Hey!,data/raw/MELD-RAW/MELD.Raw/train/train_splits/dia877_utt0.mp4
877,2,Phoebe,joy,"Oh, I wouldn't miss this.",data/raw/MELD-RAW/MELD.Raw/train/train_splits/dia877_utt2.mp4
877,4,Phoebe,joy,"Oh, you're such a gentleman.  Come on! We're going to my place!",data/raw/MELD-RAW/MELD.Raw/train/train_splits/dia877_utt4.mp4
878,1,Monica,neutral,Hey-hey.,data/raw/MELD-RAW/MELD.Raw/train/train_splits/dia878_utt1.mp4
878,3,Chandler,neutral,"Yeah, we talked and Monica made me see that I over reacted a little bit and some things in life are more important.",data/raw/MELD-RAW/MELD.Raw/train/train_splits/dia878_utt3.mp4
884,3,Chandler,surprise,Hey-Hey-Hey! Who was that?,data/raw/MELD-RAW/MELD.Raw/train/train_splits/dia884_utt3.mp4
884,5,Chandler,surprise,"Goin' out, huh? Wow! Wow!  So things didn't work out with Kathy, huh? Bummer.",data/raw/MELD-RAW/MELD.Raw/train/train_splits/dia884_utt5.mp4
884,7,Chandler,surprise,What?,data/raw/MELD-RAW/MELD.Raw/train/train_splits/dia884_utt7.mp4
884,9,Chandler,surprise,Wait! You're going out with Kathy!,data/raw/MELD-RAW/MELD.Raw/train/train_splits/dia884_utt9.mp4
884,11,Chandler,disgust,"Well, I'm upsetfor you. I mean, having sex with an endless line of beautiful women must be very unfulfilling for you.",data/raw/MELD-RAW/MELD.Raw/train/train_splits/dia884_utt11.mp4
884,13,Chandler,anger,"Look, Joey, Kathy is clearly not fulfilling your emotional needs.",data/raw/MELD-RAW/MELD.Raw/train/train_splits/dia884_utt13.mp4
884,14,Chandler,neutral,"But Casey, I mean granted I only saw the back of her head, but I got this sense that she's-she's smart, and funny, and gets you.",data/raw/MELD-RAW/MELD.Raw/train/train_splits/dia884_utt14.mp4
884,16,Chandler,neutral,"All right look, I think it's time for you to settle down. Y'know? Make a choice, pick a lane.",data/raw/MELD-RAW/MELD.Raw/train/train_splits/dia884_utt16.mp4
885,0,Chandler,joy,Can you people not see me?!,data/raw/MELD-RAW/MELD.Raw/train/train_splits/dia885_utt0.mp4
886,1,Chandler,joy,Hi!,data/raw/MELD-RAW/MELD.Raw/train/train_splits/dia886_utt1.mp4
886,2,Chandler,neutral,"Listen, can we watch cartoons on your television?",data/raw/MELD-RAW/MELD.Raw/train/train_splits/dia886_utt2.mp4
886,3,Chandler,neutral,We need a porn break.,data/raw/MELD-RAW/MELD.Raw/train/train_splits/dia886_utt3.mp4
886,4,Chandler,neutral,"We spent the last two hours watching In & Out & In, Again.",data/raw/MELD-RAW/MELD.Raw/train/train_splits/dia886_utt4.mp4
886,6,Chandler,neutral,Because then we would be the guys who turned off free porn.,data/raw/MELD-RAW/MELD.Raw/train/train_splits/dia886_utt6.mp4
886,7,Phoebe,joy,"Ooh, good, you're hear! Okay.",data/raw/MELD-RAW/MELD.Raw/train/train_splits/dia886_utt7.mp4
886,8,Monica,joy,Hey!,data/raw/MELD-RAW/MELD.Raw/train/train_splits/dia886_utt8.mp4
886,9,Phoebe,joy,Hi!,data/raw/MELD-RAW/MELD.Raw/train/train_splits/dia886_utt9.mp4
886,11,Phoebe,joy,"Oh this, well I'm glad you asked.",data/raw/MELD-RAW/MELD.Raw/train/train_splits/dia886_utt11.mp4
886,12,Phoebe,disgust,"Now, don't you hate it when you have to cut a tin can with an ordinary steak knife?",data/raw/MELD-RAW/MELD.Raw/train/train_splits/dia886_utt12.mp4
886,13,Phoebe,neutral,Ahh!,data/raw/MELD-RAW/MELD.Raw/train/train_splits/dia886_utt13.mp4
886,14,Phoebe,neutral,"Now, I know what you're thinking",data/raw/MELD-RAW/MELD.Raw/train/train_splits/dia886_utt14.mp4
886,15,Chandler,fear,Pregnant Woman Slays Four?,data/raw/MELD-RAW/MELD.Raw/train/train_splits/dia886_utt15.mp4
886,16,Monica,surprise,"Phoebe, they didn't make you pay for those knives, did they?",data/raw/MELD-RAW/MELD.Raw/train/train_splits/dia886_utt16.mp4
886,17,Phoebe,joy,No!,data/raw/MELD-RAW/MELD.Raw/train/train_splits/dia886_utt17.mp4
886,21,Phoebe,neutral,"No-no, I know that, but I just have to make enough money for the second part of my plan.",data/raw/MELD-RAW/MELD.Raw/train/train_splits/dia886_utt21.mp4
886,22,Chandler,neutral,What's the second part of your plan?,data/raw/MELD-RAW/MELD.Raw/train/train_splits/dia886_utt22.mp4
889,1,Phoebe,neutral,Uh-hmm.,data/raw/MELD-RAW/MELD.Raw/train/train_splits/dia889_utt1.mp4
889,3,Phoebe,neutral,"Oh, I know. I could only think of two names, him and Ed Begley Jr. and then I remembered he's gay.",data/raw/MELD-RAW/MELD.Raw/train/train_splits/dia889_utt3.mp4
889,5,Phoebe,surprise,Really?!,data/raw/MELD-RAW/MELD.Raw/train/train_splits/dia889_utt5.mp4
891,1,Chandler,neutral,Oh!  She's growing inside you.,data/raw/MELD-RAW/MELD.Raw/train/train_splits/dia891_utt1.mp4
891,3,Chandler,surprise,Oh!,data/raw/MELD-RAW/MELD.Raw/train/train_splits/dia891_utt3.mp4
891,5,Chandler,joy,I think that's the youngest girl ever to reject me.,data/raw/MELD-RAW/MELD.Raw/train/train_splits/dia891_utt5.mp4
891,6,Phoebe,joy,Oh hey you guys!,data/raw/MELD-RAW/MELD.Raw/train/train_splits/dia891_utt6.mp4
892,1,Chandler,neutral,I have a job interview I have to get ready for.,data/raw/MELD-RAW/MELD.Raw/train/train_splits/dia892_utt1.mp4
892,3,Chandler,neutral,And people say you don't pay attention.,data/raw/MELD-RAW/MELD.Raw/train/train_splits/dia892_utt3.mp4
892,4,Chandler,neutral,"No, this is a much better job.",data/raw/MELD-RAW/MELD.Raw/train/train_splits/dia892_utt4.mp4
892,5,Chandler,neutral,It's vice-president of a company that does data reconfiguration and statistical factoring for other companies.,data/raw/MELD-RAW/MELD.Raw/train/train_splits/dia892_utt5.mp4
892,7,Chandler,neutral,That's what I do now.,data/raw/MELD-RAW/MELD.Raw/train/train_splits/dia892_utt7.mp4
892,8,Monica,neutral,"Hey Joey, come taste this.",data/raw/MELD-RAW/MELD.Raw/train/train_splits/dia892_utt8.mp4
892,10,Monica,anger,Remember that guy that gave me a bad review? Well  I'm getting my revenge!,data/raw/MELD-RAW/MELD.Raw/train/train_splits/dia892_utt10.mp4
892,12,Monica,neutral,No.,data/raw/MELD-RAW/MELD.Raw/train/train_splits/dia892_utt12.mp4
892,13,Monica,neutral,"He teaches a course on food criticism at the New School, so before we go to the movies I wanna go by there and make him try my bouillabaisse again.",data/raw/MELD-RAW/MELD.Raw/train/train_splits/dia892_utt13.mp4
892,14,Monica,joy,"Oh, I cannot wait to read the front page of the Post tomorrow!",data/raw/MELD-RAW/MELD.Raw/train/train_splits/dia892_utt14.mp4
892,15,Monica,joy,"""Restaurant reviewer admits: I was wrong about Monica.""",data/raw/MELD-RAW/MELD.Raw/train/train_splits/dia892_utt15.mp4
892,16,Chandler,sadness,"The front page? You really do live in your own little world, don't ya?",data/raw/MELD-RAW/MELD.Raw/train/train_splits/dia892_utt16.mp4
893,1,Chandler,disgust,"No, but Horny for Monica Minister called, wanting to know if we were still together.",data/raw/MELD-RAW/MELD.Raw/train/train_splits/dia893_utt1.mp4
893,2,Monica,sadness,We're never gonna find anybody.,data/raw/MELD-RAW/MELD.Raw/train/train_splits/dia893_utt2.mp4
893,4,Chandler,joy,Joe,data/raw/MELD-RAW/MELD.Raw/train/train_splits/dia893_utt4.mp4
893,11,Monica,neutral,That is true.,data/raw/MELD-RAW/MELD.Raw/train/train_splits/dia893_utt11.mp4
893,16,Monica,joy,It might be kinda cool.,data/raw/MELD-RAW/MELD.Raw/train/train_splits/dia893_utt16.mp4
894,0,Phoebe,joy,Ah-ha! Too cocky!,data/raw/MELD-RAW/MELD.Raw/train/train_splits/dia894_utt0.mp4
895,1,Phoebe,neutral,Of course I do! And I'm gonna give it back to you as soon as they're done with it at the key shining place.,data/raw/MELD-RAW/MELD.Raw/train/train_splits/dia895_utt1.mp4
895,5,Phoebe,neutral,Well why don't you use your key?,data/raw/MELD-RAW/MELD.Raw/train/train_splits/dia895_utt5.mp4
895,10,Phoebe,neutral,Oh! We could have done that.,data/raw/MELD-RAW/MELD.Raw/train/train_splits/dia895_utt10.mp4
896,0,Chandler,neutral,"Luckily, the guy she settled for can't hear what you're talking about.",data/raw/MELD-RAW/MELD.Raw/train/train_splits/dia896_utt0.mp4
896,1,Phoebe,sadness,"Oh, I'm so sorry.",data/raw/MELD-RAW/MELD.Raw/train/train_splits/dia896_utt1.mp4
896,2,Phoebe,sadness,"Um, and maybe I'm wrong!",data/raw/MELD-RAW/MELD.Raw/train/train_splits/dia896_utt2.mp4
896,3,Phoebe,neutral,"I buty'know I'm gonna go out with him again, I'll find out more.",data/raw/MELD-RAW/MELD.Raw/train/train_splits/dia896_utt3.mp4
896,4,Chandler,surprise,You believe that this guy is destined for someone else and you're still gonna date him?,data/raw/MELD-RAW/MELD.Raw/train/train_splits/dia896_utt4.mp4
896,5,Phoebe,neutral,"Well, he may not be my soul mate, but a girl's gotta eat.",data/raw/MELD-RAW/MELD.Raw/train/train_splits/dia896_utt5.mp4
897,0,Monica,anger,"Oh, but it's made her so happy.",data/raw/MELD-RAW/MELD.Raw/train/train_splits/dia897_utt0.mp4
897,7,Monica,joy,"He is right, isn't he?",data/raw/MELD-RAW/MELD.Raw/train/train_splits/dia897_utt7.mp4
897,8,Chandler,neutral,"Y'know what, I think this might be one of the times he's wrong.",data/raw/MELD-RAW/MELD.Raw/train/train_splits/dia897_utt8.mp4
897,10,Chandler,neutral,"Oh-no, he's right.",data/raw/MELD-RAW/MELD.Raw/train/train_splits/dia897_utt10.mp4
898,1,Chandler,joy,"Alright, you did it! Do we have any fruit?",data/raw/MELD-RAW/MELD.Raw/train/train_splits/dia898_utt1.mp4
898,3,Chandler,neutral,"Really? So, you're gonna stick with this 'it's all for her' thing?",data/raw/MELD-RAW/MELD.Raw/train/train_splits/dia898_utt3.mp4
899,0,Phoebe,neutral,Oh.,data/raw/MELD-RAW/MELD.Raw/train/train_splits/dia899_utt0.mp4
899,1,Monica,neutral,Y'know those are a delicacy in India.,data/raw/MELD-RAW/MELD.Raw/train/train_splits/dia899_utt1.mp4
900,0,Phoebe,neutral,Me too.,data/raw/MELD-RAW/MELD.Raw/train/train_splits/dia900_utt0.mp4
900,1,Phoebe,neutral,"Although this city is my home, so.",data/raw/MELD-RAW/MELD.Raw/train/train_splits/dia900_utt1.mp4
900,2,Phoebe,neutral,"So that's dumb what I said, don't tell him I said that.",data/raw/MELD-RAW/MELD.Raw/train/train_splits/dia900_utt2.mp4
900,3,Phoebe,neutral,"Umm, you make something up.",data/raw/MELD-RAW/MELD.Raw/train/train_splits/dia900_utt3.mp4
900,4,Phoebe,joy,"Nice,  thank you.",data/raw/MELD-RAW/MELD.Raw/train/train_splits/dia900_utt4.mp4
900,5,Phoebe,neutral,This is me.,data/raw/MELD-RAW/MELD.Raw/train/train_splits/dia900_utt5.mp4
900,6,Phoebe,neutral,Here.,data/raw/MELD-RAW/MELD.Raw/train/train_splits/dia900_utt6.mp4
900,8,Phoebe,joy,"Thank you, very much! Oh!  Thank you!",data/raw/MELD-RAW/MELD.Raw/train/train_splits/dia900_utt8.mp4
900,10,Phoebe,neutral,"Okay, y'know what, you don't have to do that now.",data/raw/MELD-RAW/MELD.Raw/train/train_splits/dia900_utt10.mp4
900,11,Phoebe,joy,No-no-no-no!!,data/raw/MELD-RAW/MELD.Raw/train/train_splits/dia900_utt11.mp4
900,12,Phoebe,surprise,"Not him, you don't!",data/raw/MELD-RAW/MELD.Raw/train/train_splits/dia900_utt12.mp4
900,13,Phoebe,neutral,Well the moment's over.,data/raw/MELD-RAW/MELD.Raw/train/train_splits/dia900_utt13.mp4
900,14,Phoebe,neutral,Oh.,data/raw/MELD-RAW/MELD.Raw/train/train_splits/dia900_utt14.mp4
901,0,Chandler,anger,"Hey! Hold on a minute, hold on a second. Do you think these pearls are nice?",data/raw/MELD-RAW/MELD.Raw/train/train_splits/dia901_utt0.mp4
901,2,Chandler,neutral,"Janice's birthday is coming up, I want to get her something speacial. Come in here with me.",data/raw/MELD-RAW/MELD.Raw/train/train_splits/dia901_utt2.mp4
901,5,Chandler,disgust,"That's a good idea, Dear Janice have a Hubba-Bubba birthday'. I would like to get her something serious.",data/raw/MELD-RAW/MELD.Raw/train/train_splits/dia901_utt5.mp4
901,9,Chandler,anger,"All right. Look, I'm gonna go in here, and you don't buy me anything ever.",data/raw/MELD-RAW/MELD.Raw/train/train_splits/dia901_utt9.mp4
901,11,Chandler,surprise,Why not?!,data/raw/MELD-RAW/MELD.Raw/train/train_splits/dia901_utt11.mp4
901,13,Chandler,sadness,What is the thing?,data/raw/MELD-RAW/MELD.Raw/train/train_splits/dia901_utt13.mp4
901,15,Chandler,surprise,What?,data/raw/MELD-RAW/MELD.Raw/train/train_splits/dia901_utt15.mp4
901,17,Chandler,sadness,"Well she, she wouldn't do that, she's with, she's with me.",data/raw/MELD-RAW/MELD.Raw/train/train_splits/dia901_utt17.mp4
902,3,Chandler,neutral,How are you feeling?,data/raw/MELD-RAW/MELD.Raw/train/train_splits/dia902_utt3.mp4
902,4,Monica,neutral,You are,data/raw/MELD-RAW/MELD.Raw/train/train_splits/dia902_utt4.mp4
902,6,Chandler,neutral,"Now all you have to do is just get through a little bit more, okay?",data/raw/MELD-RAW/MELD.Raw/train/train_splits/dia902_utt6.mp4
902,7,Chandler,neutral,"Then we can put you in bed, okay?",data/raw/MELD-RAW/MELD.Raw/train/train_splits/dia902_utt7.mp4
902,8,Chandler,neutral,Just smile and don't talk to,data/raw/MELD-RAW/MELD.Raw/train/train_splits/dia902_utt8.mp4
902,9,Phoebe,joy,Speech! Speech! Let's hear from the birthday girl! Huh?,data/raw/MELD-RAW/MELD.Raw/train/train_splits/dia902_utt9.mp4
902,10,Chandler,joy,Pheebs!!,data/raw/MELD-RAW/MELD.Raw/train/train_splits/dia902_utt10.mp4
902,11,Phoebe,joy,Don't you see? Everyone's looking at me! The plan's working! I didn't even have to take off my top yet!,data/raw/MELD-RAW/MELD.Raw/train/train_splits/dia902_utt11.mp4
903,1,Chandler,joy,Well it's just while Monica and I were dancing to them it wasthe first time I knew thatyou were the woman I wanted to dance all my dances with.,data/raw/MELD-RAW/MELD.Raw/train/train_splits/dia903_utt1.mp4
903,2,Monica,anger,Oh crap!,data/raw/MELD-RAW/MELD.Raw/train/train_splits/dia903_utt2.mp4
904,0,Monica,neutral,All right.,data/raw/MELD-RAW/MELD.Raw/train/train_splits/dia904_utt0.mp4
904,1,Monica,neutral,The super couldn't figure out what it did.,data/raw/MELD-RAW/MELD.Raw/train/train_splits/dia904_utt1.mp4
904,2,Monica,sadness,A $200 an hour electrician couldn't figure out what it did.,data/raw/MELD-RAW/MELD.Raw/train/train_splits/dia904_utt2.mp4
904,3,Monica,sadness,I've had seven pretty serious shocks.,data/raw/MELD-RAW/MELD.Raw/train/train_splits/dia904_utt3.mp4
904,4,Monica,disgust,I officially give up.,data/raw/MELD-RAW/MELD.Raw/train/train_splits/dia904_utt4.mp4
904,6,Monica,joy,"I guess Joey was right, it does nothing.",data/raw/MELD-RAW/MELD.Raw/train/train_splits/dia904_utt6.mp4
904,7,Phoebe,anger,See? I'm doing it. I am totally doing it.  I lost it.,data/raw/MELD-RAW/MELD.Raw/train/train_splits/dia904_utt7.mp4
905,0,Chandler,sadness,Are there no conscious men in the city for you two?,data/raw/MELD-RAW/MELD.Raw/train/train_splits/dia905_utt0.mp4
905,1,Monica,neutral,He doesn't have anyone.,data/raw/MELD-RAW/MELD.Raw/train/train_splits/dia905_utt1.mp4
905,2,Phoebe,anger,"Yeah, we-we feel kinda responsible.",data/raw/MELD-RAW/MELD.Raw/train/train_splits/dia905_utt2.mp4
905,7,Chandler,neutral,"Y'know, we don't have to watch this.",data/raw/MELD-RAW/MELD.Raw/train/train_splits/dia905_utt7.mp4
905,10,Chandler,neutral,Exactly.,data/raw/MELD-RAW/MELD.Raw/train/train_splits/dia905_utt10.mp4
905,15,Chandler,disgust,"Yeah, well, you wouldn't think it was cool if you're eleven years old and all your friends are passing around page 79 of 'Mistress Bitch.'",data/raw/MELD-RAW/MELD.Raw/train/train_splits/dia905_utt15.mp4
906,2,Monica,neutral,"Aww, thank you.  Uh Rach?",data/raw/MELD-RAW/MELD.Raw/train/train_splits/dia906_utt2.mp4
906,4,Monica,surprise,Why does my cinamon stick have an eraser?,data/raw/MELD-RAW/MELD.Raw/train/train_splits/dia906_utt4.mp4
907,0,Phoebe,neutral,"Oh. Oh! Ma'am? Excuse me, ma'am?",data/raw/MELD-RAW/MELD.Raw/train/train_splits/dia907_utt0.mp4
907,1,Phoebe,anger,You can't put your cigarette out on a tree!,data/raw/MELD-RAW/MELD.Raw/train/train_splits/dia907_utt1.mp4
907,3,Phoebe,anger,No but you shouldn't! Don't ever do that again.,data/raw/MELD-RAW/MELD.Raw/train/train_splits/dia907_utt3.mp4
907,5,Phoebe,anger,Hold it!  N.Y.P.D! Freeze punk!,data/raw/MELD-RAW/MELD.Raw/train/train_splits/dia907_utt5.mp4
907,7,Phoebe,anger,Yeah that's right you are so busted.  Book 'em.,data/raw/MELD-RAW/MELD.Raw/train/train_splits/dia907_utt7.mp4
907,9,Phoebe,disgust,"Save it Red! Unless you wanna spend the night in the slammer, you apologize to the tree.",data/raw/MELD-RAW/MELD.Raw/train/train_splits/dia907_utt9.mp4
907,11,Phoebe,anger,You apologize to the tree right now or I am calling for backup.   Backup! Backup!!,data/raw/MELD-RAW/MELD.Raw/train/train_splits/dia907_utt11.mp4
907,13,Phoebe,neutral,"Okay, cancel backup! Cancel backup!",data/raw/MELD-RAW/MELD.Raw/train/train_splits/dia907_utt13.mp4
908,0,Phoebe,fear,Shh! Get me out of here.,data/raw/MELD-RAW/MELD.Raw/train/train_splits/dia908_utt0.mp4
909,0,Phoebe,joy,Wow! This place is incredible!  Sting's penthat he gave to Phoebe.  Come on! Secret passageway!,data/raw/MELD-RAW/MELD.Raw/train/train_splits/dia909_utt0.mp4
909,2,Phoebe,neutral,Hi!,data/raw/MELD-RAW/MELD.Raw/train/train_splits/dia909_utt2.mp4
909,4,Phoebe,neutral,Uh-huh.,data/raw/MELD-RAW/MELD.Raw/train/train_splits/dia909_utt4.mp4
909,6,Phoebe,neutral,Why else would I be here?,data/raw/MELD-RAW/MELD.Raw/train/train_splits/dia909_utt6.mp4
910,0,Monica,neutral,Hi.. how was the game?,data/raw/MELD-RAW/MELD.Raw/train/train_splits/dia910_utt0.mp4
910,3,Monica,surprise,Fantastic! I have one question: How is that possible?,data/raw/MELD-RAW/MELD.Raw/train/train_splits/dia910_utt3.mp4
910,8,Chandler,joy,"Yep, we sure showed those Hassidic jewellers a thing or two about softball..",data/raw/MELD-RAW/MELD.Raw/train/train_splits/dia910_utt8.mp4
910,9,Monica,neutral,Can I ask you guys a question? D'you ever think that Alan is maybe.. sometimes..,data/raw/MELD-RAW/MELD.Raw/train/train_splits/dia910_utt9.mp4
910,11,Monica,neutral,"..I dunno, a little too Alan?",data/raw/MELD-RAW/MELD.Raw/train/train_splits/dia910_utt11.mp4
910,14,Chandler,joy,I personally could have a gallon of Alan.,data/raw/MELD-RAW/MELD.Raw/train/train_splits/dia910_utt14.mp4
911,1,Monica,fear,"Oh, look! Acting for Beginners! Want to feel good about yourself?",data/raw/MELD-RAW/MELD.Raw/train/train_splits/dia911_utt1.mp4
911,3,Monica,neutral,Okay.,data/raw/MELD-RAW/MELD.Raw/train/train_splits/dia911_utt3.mp4
913,1,Chandler,neutral,"Okay, I'll stop.",data/raw/MELD-RAW/MELD.Raw/train/train_splits/dia913_utt1.mp4
913,4,Chandler,neutral,You wanna play?,data/raw/MELD-RAW/MELD.Raw/train/train_splits/dia913_utt4.mp4
913,7,Chandler,neutral,"Well, so, play for the next 30 minutes and then write until he gets home.",data/raw/MELD-RAW/MELD.Raw/train/train_splits/dia913_utt7.mp4
913,9,Chandler,neutral,I'm intrigued.,data/raw/MELD-RAW/MELD.Raw/train/train_splits/dia913_utt9.mp4
913,11,Chandler,joy,"Okay, but be careful okay, because I wanna get our security deposit back.",data/raw/MELD-RAW/MELD.Raw/train/train_splits/dia913_utt11.mp4
913,13,Chandler,neutral,Do you even remember which part of the wall is not spackle?,data/raw/MELD-RAW/MELD.Raw/train/train_splits/dia913_utt13.mp4
914,0,Monica,joy,"Hey, Rach. How was it with your friends?  Okay! How would you like some Tiki Death Punch?",data/raw/MELD-RAW/MELD.Raw/train/train_splits/dia914_utt0.mp4
914,2,Monica,neutral,"Weeeell, it's rum, and-",data/raw/MELD-RAW/MELD.Raw/train/train_splits/dia914_utt2.mp4
915,0,Monica,neutral,I'm sure they'll be here soon.,data/raw/MELD-RAW/MELD.Raw/train/train_splits/dia915_utt0.mp4
915,3,Chandler,fear,You are really frightening me.,data/raw/MELD-RAW/MELD.Raw/train/train_splits/dia915_utt3.mp4
915,4,Chandler,fear,"Somebody wanna help me, tryin' to rip out my heart.  Uh, that's great.  Anybody seen a nipple?",data/raw/MELD-RAW/MELD.Raw/train/train_splits/dia915_utt4.mp4
917,0,Chandler,neutral,Y'know what?,data/raw/MELD-RAW/MELD.Raw/train/train_splits/dia917_utt0.mp4
917,1,Chandler,joy,I am going to take you out to dinner tonight.,data/raw/MELD-RAW/MELD.Raw/train/train_splits/dia917_utt1.mp4
917,2,Chandler,joy,I found this place that makes the greatest mozzarella sticks and jalepino poppers .,data/raw/MELD-RAW/MELD.Raw/train/train_splits/dia917_utt2.mp4
917,3,Chandler,anger,No?,data/raw/MELD-RAW/MELD.Raw/train/train_splits/dia917_utt3.mp4
917,4,Chandler,surprise,Really?,data/raw/MELD-RAW/MELD.Raw/train/train_splits/dia917_utt4.mp4
917,5,Chandler,joy,They taste so good.,data/raw/MELD-RAW/MELD.Raw/train/train_splits/dia917_utt5.mp4
918,0,Phoebe,neutral,Drum roll.,data/raw/MELD-RAW/MELD.Raw/train/train_splits/dia918_utt0.mp4
918,1,Chandler,neutral,"Okay. Okay. All right. Help! Am I a Mark, or a John?",data/raw/MELD-RAW/MELD.Raw/train/train_splits/dia918_utt1.mp4
918,3,Chandler,neutral,"All right look, am I serious, okay? Tomorrow at 3:30 I am going down to the courthouse.",data/raw/MELD-RAW/MELD.Raw/train/train_splits/dia918_utt3.mp4
918,4,Phoebe,surprise,You're actually going through with this?,data/raw/MELD-RAW/MELD.Raw/train/train_splits/dia918_utt4.mp4
918,5,Chandler,anger,"Hey, look, this name has been holding me back my entire life.",data/raw/MELD-RAW/MELD.Raw/train/train_splits/dia918_utt5.mp4
918,6,Chandler,neutral,"Okay, it's probably why kids picked on me in school, and why I never do well with women So, as of 4 o'clock tomorrow, I'm either gonna be Mark Johnson or John Markson.",data/raw/MELD-RAW/MELD.Raw/train/train_splits/dia918_utt6.mp4
918,7,Phoebe,anger,You got problems because of you!,data/raw/MELD-RAW/MELD.Raw/train/train_splits/dia918_utt7.mp4
918,8,Phoebe,sadness,Not your name!,data/raw/MELD-RAW/MELD.Raw/train/train_splits/dia918_utt8.mp4
918,9,Phoebe,anger,"All right, this has got to stop!",data/raw/MELD-RAW/MELD.Raw/train/train_splits/dia918_utt9.mp4
918,10,Phoebe,anger,Chandler is a great name!,data/raw/MELD-RAW/MELD.Raw/train/train_splits/dia918_utt10.mp4
918,11,Phoebe,sadness,"In factyes,  I'm, I'm sorry.",data/raw/MELD-RAW/MELD.Raw/train/train_splits/dia918_utt11.mp4
918,12,Phoebe,neutral,"I know you really wanted me to name the baby Joey, but eh, so, I'm-I'm, I'm gonna, I'm gonna name the baby Chandler.",data/raw/MELD-RAW/MELD.Raw/train/train_splits/dia918_utt12.mp4
921,0,Phoebe,surprise,You-youyou had sex with Ursula?!,data/raw/MELD-RAW/MELD.Raw/train/train_splits/dia921_utt0.mp4
921,2,Phoebe,surprise,You didn't notice she was wearing different clothes?!,data/raw/MELD-RAW/MELD.Raw/train/train_splits/dia921_utt2.mp4
921,4,Phoebe,disgust,Oh. Ew! Ew! Ew! Ugh! Y'know what? This is too weird.,data/raw/MELD-RAW/MELD.Raw/train/train_splits/dia921_utt4.mp4
921,8,Phoebe,sadness,So I guess this is it.,data/raw/MELD-RAW/MELD.Raw/train/train_splits/dia921_utt8.mp4
921,10,Phoebe,anger,"Yeah, so do you.",data/raw/MELD-RAW/MELD.Raw/train/train_splits/dia921_utt10.mp4
922,0,Phoebe,joy,Hey!,data/raw/MELD-RAW/MELD.Raw/train/train_splits/dia922_utt0.mp4
922,2,Phoebe,neutral,"So, did shopping make you feel any better about Ross?",data/raw/MELD-RAW/MELD.Raw/train/train_splits/dia922_utt2.mp4
922,4,Phoebe,neutral,"Well,",data/raw/MELD-RAW/MELD.Raw/train/train_splits/dia922_utt4.mp4
922,6,Phoebe,neutral,Yeah. I just need you to bring me some photos of Ross.,data/raw/MELD-RAW/MELD.Raw/train/train_splits/dia922_utt6.mp4
922,8,Phoebe,neutral,And a small piece of chocolate.,data/raw/MELD-RAW/MELD.Raw/train/train_splits/dia922_utt8.mp4
923,1,Chandler,sadness,"Okay, we have to talk. I'm just getting out of a very serious relationship",data/raw/MELD-RAW/MELD.Raw/train/train_splits/dia923_utt1.mp4
923,2,Janice,fear,"I know! And I'm just getting out of a marriage, I mean talk about meant to be!",data/raw/MELD-RAW/MELD.Raw/train/train_splits/dia923_utt2.mp4
923,3,Chandler,joy,Right! I just think that this is happening too soon.,data/raw/MELD-RAW/MELD.Raw/train/train_splits/dia923_utt3.mp4
923,4,Janice,sadness,"Oh, too soon, too schmoon. Face it honey, I am not letting you get away this time.",data/raw/MELD-RAW/MELD.Raw/train/train_splits/dia923_utt4.mp4
923,5,Chandler,disgust,"I hear ya.  But! Unfortunately, my company is transferring me overseas!",data/raw/MELD-RAW/MELD.Raw/train/train_splits/dia923_utt5.mp4
923,6,Janice,surprise,Oh no! Where to?  Too Paris?,data/raw/MELD-RAW/MELD.Raw/train/train_splits/dia923_utt6.mp4
923,7,Chandler,neutral,"No! No! Not, Paris.",data/raw/MELD-RAW/MELD.Raw/train/train_splits/dia923_utt7.mp4
923,8,Janice,joy,"Too London? No-no, Rome? Vienna? Ooh-ooh, Barcelona?",data/raw/MELD-RAW/MELD.Raw/train/train_splits/dia923_utt8.mp4
923,9,Chandler,anger,"Okay, could you just stop talking for a second?  Yemen. That's right, yes, I'm being transferred to Yemen!",data/raw/MELD-RAW/MELD.Raw/train/train_splits/dia923_utt9.mp4
923,10,Janice,anger,When?,data/raw/MELD-RAW/MELD.Raw/train/train_splits/dia923_utt10.mp4
923,11,Chandler,neutral,I don't know exactly.,data/raw/MELD-RAW/MELD.Raw/train/train_splits/dia923_utt11.mp4
923,12,Janice,sadness,"Ugh, well I will just have to soak up every once of Chandler Bing until that moment comes.",data/raw/MELD-RAW/MELD.Raw/train/train_splits/dia923_utt12.mp4
923,13,Chandler,joy,But I do know that it's some time tomorrow.,data/raw/MELD-RAW/MELD.Raw/train/train_splits/dia923_utt13.mp4
924,0,Phoebe,joy,"Ooh, this is it!  Oh, that's him! That's him!",data/raw/MELD-RAW/MELD.Raw/train/train_splits/dia924_utt0.mp4
924,2,Phoebe,neutral,"Wait a second, or maybe you can go in first.",data/raw/MELD-RAW/MELD.Raw/train/train_splits/dia924_utt2.mp4
924,4,Phoebe,neutral,"No not you, Dr. Drake Remoray. You can ask him questions and see what's he like. People tell doctors everything.",data/raw/MELD-RAW/MELD.Raw/train/train_splits/dia924_utt4.mp4
924,5,Phoebe,sadness,"But lately all the guys I meet seem really nice at first, then they turn out to be the biggest jerks.",data/raw/MELD-RAW/MELD.Raw/train/train_splits/dia924_utt5.mp4
925,1,Chandler,neutral,"Mrs. Tedlock. You're looking lovely today. And may I say, that is a",data/raw/MELD-RAW/MELD.Raw/train/train_splits/dia925_utt1.mp4
925,3,Chandler,neutral,"Oh, listen.",data/raw/MELD-RAW/MELD.Raw/train/train_splits/dia925_utt3.mp4
925,4,Chandler,neutral,"If this is about those prank memos, I had nothing to do with them.",data/raw/MELD-RAW/MELD.Raw/train/train_splits/dia925_utt4.mp4
925,5,Chandler,joy,Really.,data/raw/MELD-RAW/MELD.Raw/train/train_splits/dia925_utt5.mp4
925,6,Chandler,neutral,Nothing at all.,data/raw/MELD-RAW/MELD.Raw/train/train_splits/dia925_utt6.mp4
925,7,Chandler,joy,Really.,data/raw/MELD-RAW/MELD.Raw/train/train_splits/dia925_utt7.mp4
925,8,Chandler,neutral,Nothing.,data/raw/MELD-RAW/MELD.Raw/train/train_splits/dia925_utt8.mp4
926,0,Chandler,neutral,"Y'know when we move in together, can I get a gumball machine?",data/raw/MELD-RAW/MELD.Raw/train/train_splits/dia926_utt0.mp4
926,1,Monica,sadness,Of course! Joey wouldn't let you have one?,data/raw/MELD-RAW/MELD.Raw/train/train_splits/dia926_utt1.mp4
926,2,Chandler,sadness,"No. When it comes to sweets, he's surprisingly strict.",data/raw/MELD-RAW/MELD.Raw/train/train_splits/dia926_utt2.mp4
926,3,Monica,neutral,"Hey, have you figured out a way to tell him you're moving out?",data/raw/MELD-RAW/MELD.Raw/train/train_splits/dia926_utt3.mp4
926,4,Chandler,anger,"No, no, I keep trying, y'know?",data/raw/MELD-RAW/MELD.Raw/train/train_splits/dia926_utt4.mp4
926,5,Chandler,sadness,"I can get out, ""Joey, I have too"" but then I lose my nerve and I always finish with, ""go to the bathroom.""",data/raw/MELD-RAW/MELD.Raw/train/train_splits/dia926_utt5.mp4
926,6,Chandler,neutral,He may think I'm sick.,data/raw/MELD-RAW/MELD.Raw/train/train_splits/dia926_utt6.mp4
926,7,Monica,neutral,"Y'know, I really have to tell Rachel, but I We just have to get it over with!",data/raw/MELD-RAW/MELD.Raw/train/train_splits/dia926_utt7.mp4
926,8,Monica,neutral,"Y'know, the next time we see them we're just gonna tell them.",data/raw/MELD-RAW/MELD.Raw/train/train_splits/dia926_utt8.mp4
926,9,Monica,neutral,That's it.,data/raw/MELD-RAW/MELD.Raw/train/train_splits/dia926_utt9.mp4
926,10,Chandler,joy,"Oh, so that's this is gonna work now? You're just gonna order me around all the time?",data/raw/MELD-RAW/MELD.Raw/train/train_splits/dia926_utt10.mp4
926,11,Monica,neutral,Pretty much.,data/raw/MELD-RAW/MELD.Raw/train/train_splits/dia926_utt11.mp4
926,12,Chandler,neutral,All right.,data/raw/MELD-RAW/MELD.Raw/train/train_splits/dia926_utt12.mp4
926,14,Monica,joy,Hi!,data/raw/MELD-RAW/MELD.Raw/train/train_splits/dia926_utt14.mp4
926,16,Monica,neutral,"Joey, we have something to tell you.",data/raw/MELD-RAW/MELD.Raw/train/train_splits/dia926_utt16.mp4
927,0,Phoebe,neutral,"Yeah, if you get married in Vegas, you're only married in Vegas.",data/raw/MELD-RAW/MELD.Raw/train/train_splits/dia927_utt0.mp4
927,1,Monica,neutral,What are you talking about? If you get married in Vegas you're married everywhere.,data/raw/MELD-RAW/MELD.Raw/train/train_splits/dia927_utt1.mp4
927,2,Phoebe,surprise,Really?!,data/raw/MELD-RAW/MELD.Raw/train/train_splits/dia927_utt2.mp4
927,3,Monica,neutral,Yeah!,data/raw/MELD-RAW/MELD.Raw/train/train_splits/dia927_utt3.mp4
927,4,Phoebe,surprise,Oh my God!Eh! Well,data/raw/MELD-RAW/MELD.Raw/train/train_splits/dia927_utt4.mp4
928,0,Monica,disgust,"You see that guy? He's in classics now, but y'know as soon as we leave he's going straight to the porn.",data/raw/MELD-RAW/MELD.Raw/train/train_splits/dia928_utt0.mp4
928,2,Monica,neutral,Yeah.,data/raw/MELD-RAW/MELD.Raw/train/train_splits/dia928_utt2.mp4
928,4,Monica,anger,Me too.,data/raw/MELD-RAW/MELD.Raw/train/train_splits/dia928_utt4.mp4
929,1,Phoebe,anger,"Hey, it's your Thanksgiving too, y'know, instead of watching football, you could help.",data/raw/MELD-RAW/MELD.Raw/train/train_splits/dia929_utt1.mp4
929,3,Monica,neutral,"Okay, Rachel, you wanna put the marshmellows in concentric circles.",data/raw/MELD-RAW/MELD.Raw/train/train_splits/dia929_utt3.mp4
929,5,Monica,neutral,Every year.,data/raw/MELD-RAW/MELD.Raw/train/train_splits/dia929_utt5.mp4
930,0,Phoebe,joy,Hey! Ross!,data/raw/MELD-RAW/MELD.Raw/train/train_splits/dia930_utt0.mp4
930,1,Chandler,neutral,Die Hard,data/raw/MELD-RAW/MELD.Raw/train/train_splits/dia930_utt1.mp4
930,3,Chandler,neutral,What'd you rent?,data/raw/MELD-RAW/MELD.Raw/train/train_splits/dia930_utt3.mp4
930,5,Chandler,neutral,"Joey, this is",data/raw/MELD-RAW/MELD.Raw/train/train_splits/dia930_utt5.mp4
930,12,Chandler,neutral,"Yeah, I just got uh, got plans.",data/raw/MELD-RAW/MELD.Raw/train/train_splits/dia930_utt12.mp4
930,14,Chandler,neutral,"No, see the thing is I want to get out of here before Joey gets all worked up and starts calling everybody bitch.",data/raw/MELD-RAW/MELD.Raw/train/train_splits/dia930_utt14.mp4
932,0,Phoebe,joy,"Good for you! And hey, I thought your paper on punctuated equilibrium    in the Devonian era was top notch!",data/raw/MELD-RAW/MELD.Raw/train/train_splits/dia932_utt0.mp4
932,3,Monica,joy,Hey!,data/raw/MELD-RAW/MELD.Raw/train/train_splits/dia932_utt3.mp4
932,5,Monica,fear,"No, you can't! Friends hooking up is a bad idea.",data/raw/MELD-RAW/MELD.Raw/train/train_splits/dia932_utt5.mp4
932,7,Monica,anger,That's different! I was drunk and stupid!,data/raw/MELD-RAW/MELD.Raw/train/train_splits/dia932_utt7.mp4
932,9,Monica,neutral,What about all the guys that you've got the phone numbers from?    Why don't you just kiss one of them?,data/raw/MELD-RAW/MELD.Raw/train/train_splits/dia932_utt9.mp4
932,11,Monica,neutral,Alright . I think it's a big mistake but it's your decision.,data/raw/MELD-RAW/MELD.Raw/train/train_splits/dia932_utt11.mp4
932,13,Monica,neutral,And I can't stop you.,data/raw/MELD-RAW/MELD.Raw/train/train_splits/dia932_utt13.mp4
933,6,Monica,neutral,"No, thank you.",data/raw/MELD-RAW/MELD.Raw/train/train_splits/dia933_utt6.mp4
933,10,Monica,surprise,"Joey, what are you doing?",data/raw/MELD-RAW/MELD.Raw/train/train_splits/dia933_utt10.mp4
933,16,Monica,surprise,"Joey, do you work here?",data/raw/MELD-RAW/MELD.Raw/train/train_splits/dia933_utt16.mp4
934,0,Chandler,neutral,"You've reached Monica and Chandler's, if you're listening to this message, we're probably screening.  Yeah we are.",data/raw/MELD-RAW/MELD.Raw/train/train_splits/dia934_utt0.mp4
934,4,Chandler,surprise,"This is Chandler Bing! This is Chandler Bing!  Yes, the groomNo! Not the groom!!",data/raw/MELD-RAW/MELD.Raw/train/train_splits/dia934_utt4.mp4
935,0,Monica,neutral,Thank you.,data/raw/MELD-RAW/MELD.Raw/train/train_splits/dia935_utt0.mp4
935,1,Phoebe,neutral,Thanks.,data/raw/MELD-RAW/MELD.Raw/train/train_splits/dia935_utt1.mp4
935,2,Monica,anger,I can't believe this! This is like the worst night ever!,data/raw/MELD-RAW/MELD.Raw/train/train_splits/dia935_utt2.mp4
935,3,Phoebe,neutral,Y'know Monica you had a minor setback in your relationship with Chandler. Big deal! It's only Chandler.  I am,data/raw/MELD-RAW/MELD.Raw/train/train_splits/dia935_utt3.mp4
935,4,Monica,sadness,"This is crazy! I mean, it's such a stupid argument. I don't even wanna see Richard again.",data/raw/MELD-RAW/MELD.Raw/train/train_splits/dia935_utt4.mp4
935,5,Phoebe,neutral,So go fix it!,data/raw/MELD-RAW/MELD.Raw/train/train_splits/dia935_utt5.mp4
935,6,Phoebe,neutral,Go find Chandler!,data/raw/MELD-RAW/MELD.Raw/train/train_splits/dia935_utt6.mp4
935,7,Phoebe,sadness,He's probably up in your room!,data/raw/MELD-RAW/MELD.Raw/train/train_splits/dia935_utt7.mp4
935,8,Phoebe,anger,Tell him that you're sorry and that you love him.,data/raw/MELD-RAW/MELD.Raw/train/train_splits/dia935_utt8.mp4
935,9,Monica,joy,Y'know what? You're right Phoebe. You're right. Thank you!,data/raw/MELD-RAW/MELD.Raw/train/train_splits/dia935_utt9.mp4
935,10,Phoebe,joy,"Sure!   Yeah! Las Vegas, number one!",data/raw/MELD-RAW/MELD.Raw/train/train_splits/dia935_utt10.mp4
935,11,Monica,neutral,Anybody lose this?,data/raw/MELD-RAW/MELD.Raw/train/train_splits/dia935_utt11.mp4
935,13,Monica,neutral,Hmm.,data/raw/MELD-RAW/MELD.Raw/train/train_splits/dia935_utt13.mp4
936,1,Phoebe,surprise,"Yeah, it's in the guys' apartment under the sink. Why?",data/raw/MELD-RAW/MELD.Raw/train/train_splits/dia936_utt1.mp4
936,3,Phoebe,surprise,What?! What do you mean you're going to London?,data/raw/MELD-RAW/MELD.Raw/train/train_splits/dia936_utt3.mp4
936,6,Phoebe,fear,"IRachel, you can't go! Ross loves Emily!",data/raw/MELD-RAW/MELD.Raw/train/train_splits/dia936_utt6.mp4
936,10,Phoebe,sadness,That's not why you're going!,data/raw/MELD-RAW/MELD.Raw/train/train_splits/dia936_utt10.mp4
936,11,Phoebe,sadness,"You're going because you hope he's gonna say, ""Yeah, I love you too, Rach.",data/raw/MELD-RAW/MELD.Raw/train/train_splits/dia936_utt11.mp4
936,12,Phoebe,sadness,"Forget that British chippy.""",data/raw/MELD-RAW/MELD.Raw/train/train_splits/dia936_utt12.mp4
936,14,Phoebe,sadness,No!,data/raw/MELD-RAW/MELD.Raw/train/train_splits/dia936_utt14.mp4
936,15,Phoebe,sadness,Because he's in love with the British chippy!,data/raw/MELD-RAW/MELD.Raw/train/train_splits/dia936_utt15.mp4
936,16,Phoebe,anger,"Look, Rachel, if you go, you're just gonna mess with his head and ruin his wedding!",data/raw/MELD-RAW/MELD.Raw/train/train_splits/dia936_utt16.mp4
936,17,Phoebe,anger,"Y'know, it's too late!",data/raw/MELD-RAW/MELD.Raw/train/train_splits/dia936_utt17.mp4
936,18,Phoebe,sadness,You missed you're chance!,data/raw/MELD-RAW/MELD.Raw/train/train_splits/dia936_utt18.mp4
936,19,Phoebe,sadness,"I'm sorry, I know this must be really hard, it's over.",data/raw/MELD-RAW/MELD.Raw/train/train_splits/dia936_utt19.mp4
936,21,Phoebe,joy,"I do! I do! I do!  I do!  Ugh, like I can really chase you. I'm carrying a litter.",data/raw/MELD-RAW/MELD.Raw/train/train_splits/dia936_utt21.mp4
939,0,Phoebe,anger,Hey!,data/raw/MELD-RAW/MELD.Raw/train/train_splits/dia939_utt0.mp4
939,2,Phoebe,neutral,Are you all right?,data/raw/MELD-RAW/MELD.Raw/train/train_splits/dia939_utt2.mp4
939,4,Phoebe,surprise,Oh my God! He did it?,data/raw/MELD-RAW/MELD.Raw/train/train_splits/dia939_utt4.mp4
939,6,Phoebe,surprise,Are you kidding?,data/raw/MELD-RAW/MELD.Raw/train/train_splits/dia939_utt6.mp4
939,7,Phoebe,joy,I’m like the one who talked him into it.,data/raw/MELD-RAW/MELD.Raw/train/train_splits/dia939_utt7.mp4
939,8,Phoebe,sadness,I  like to think of myself as the puppet master of the group.,data/raw/MELD-RAW/MELD.Raw/train/train_splits/dia939_utt8.mp4
939,10,Phoebe,neutral,"I just talked him into it, don’t tell me I have to do you too.  The puppet master gets tired people.",data/raw/MELD-RAW/MELD.Raw/train/train_splits/dia939_utt10.mp4
939,12,Phoebe,surprise,"Why?! You two are so meant to be together, everybody thinks  so.",data/raw/MELD-RAW/MELD.Raw/train/train_splits/dia939_utt12.mp4
939,14,Phoebe,joy,Especially Ross!,data/raw/MELD-RAW/MELD.Raw/train/train_splits/dia939_utt14.mp4
939,17,Phoebe,joy,"There he goes, your fiancée.",data/raw/MELD-RAW/MELD.Raw/train/train_splits/dia939_utt17.mp4
939,19,Phoebe,neutral,Although he does play with himself in his sleep.,data/raw/MELD-RAW/MELD.Raw/train/train_splits/dia939_utt19.mp4
940,0,Phoebe,sadness,"Oh, that is so unfortunate.",data/raw/MELD-RAW/MELD.Raw/train/train_splits/dia940_utt0.mp4
940,2,Phoebe,joy,Cute naked guy is really starting to put on weight.,data/raw/MELD-RAW/MELD.Raw/train/train_splits/dia940_utt2.mp4
940,3,Monica,neutral,"Okay, I'll be back in just a minute. Oh, Phoebe I'm sorry that I left lipstick marks on the phone.",data/raw/MELD-RAW/MELD.Raw/train/train_splits/dia940_utt3.mp4
940,4,Phoebe,neutral,You didn't leave lipstick marks on the phone.,data/raw/MELD-RAW/MELD.Raw/train/train_splits/dia940_utt4.mp4
940,5,Monica,neutral,"Oh, then it must've been you. Bye.",data/raw/MELD-RAW/MELD.Raw/train/train_splits/dia940_utt5.mp4
940,6,Phoebe,joy,Bye-bye!  That's why I moved out.,data/raw/MELD-RAW/MELD.Raw/train/train_splits/dia940_utt6.mp4
940,8,Phoebe,neutral,I think on some levels she already knows.,data/raw/MELD-RAW/MELD.Raw/train/train_splits/dia940_utt8.mp4
941,2,Monica,surprise,"Look Julio, someone left their book here.",data/raw/MELD-RAW/MELD.Raw/train/train_splits/dia941_utt2.mp4
941,4,Monica,neutral,"Oh yeah, what are you reading?",data/raw/MELD-RAW/MELD.Raw/train/train_splits/dia941_utt4.mp4
941,6,Monica,neutral,"Have I read it?  No, are you enjoying it?",data/raw/MELD-RAW/MELD.Raw/train/train_splits/dia941_utt6.mp4
941,8,Monica,neutral,Your a poet and don't know it.,data/raw/MELD-RAW/MELD.Raw/train/train_splits/dia941_utt8.mp4
941,10,Monica,neutral,"Oh, then you do know it.  So um what kind of things do you write about?",data/raw/MELD-RAW/MELD.Raw/train/train_splits/dia941_utt10.mp4
941,12,Monica,neutral,Mine?  Right here?,data/raw/MELD-RAW/MELD.Raw/train/train_splits/dia941_utt12.mp4
941,14,Monica,joy,"How would that go?  Well, it didn't rhyme, but I liked it.",data/raw/MELD-RAW/MELD.Raw/train/train_splits/dia941_utt14.mp4
943,0,Monica,neutral,"Okay, here's batch 22.",data/raw/MELD-RAW/MELD.Raw/train/train_splits/dia943_utt0.mp4
943,1,Monica,anger,"Oh, maybe these'll taste a little like your grandmother's.",data/raw/MELD-RAW/MELD.Raw/train/train_splits/dia943_utt1.mp4
943,2,Monica,neutral,"This has a little bit of orange peel, but no nutmeg.",data/raw/MELD-RAW/MELD.Raw/train/train_splits/dia943_utt2.mp4
943,4,Phoebe,surprise,"Oh, what was that for? Like a bake sale?",data/raw/MELD-RAW/MELD.Raw/train/train_splits/dia943_utt4.mp4
943,5,Monica,neutral,"No, just a Friday night.",data/raw/MELD-RAW/MELD.Raw/train/train_splits/dia943_utt5.mp4
944,0,Phoebe,neutral,Would she?,data/raw/MELD-RAW/MELD.Raw/train/train_splits/dia944_utt0.mp4
945,1,Monica,sadness,"I know honey, I'm sorry.",data/raw/MELD-RAW/MELD.Raw/train/train_splits/dia945_utt1.mp4
945,3,Monica,joy,"Gee, I don't know Rach. Order up!! I got a Yentel soup, a James Beans, and a Howdy hold the Dowdy!",data/raw/MELD-RAW/MELD.Raw/train/train_splits/dia945_utt3.mp4
946,0,Phoebe,neutral,Do you think they have yesterday's daily news?,data/raw/MELD-RAW/MELD.Raw/train/train_splits/dia946_utt0.mp4
946,1,Monica,surprise,Why?,data/raw/MELD-RAW/MELD.Raw/train/train_splits/dia946_utt1.mp4
946,2,Phoebe,neutral,"Just wanna check my horoscope, see if it was right.",data/raw/MELD-RAW/MELD.Raw/train/train_splits/dia946_utt2.mp4
946,3,Monica,surprise,Oh my God.,data/raw/MELD-RAW/MELD.Raw/train/train_splits/dia946_utt3.mp4
946,4,Monica,neutral,Phoebe.,data/raw/MELD-RAW/MELD.Raw/train/train_splits/dia946_utt4.mp4
946,5,Monica,neutral,"Don't look now, but behind us is a guy who has the potential to break our hearts and plunge us into a pit of depression.",data/raw/MELD-RAW/MELD.Raw/train/train_splits/dia946_utt5.mp4
946,6,Phoebe,joy,"Where?  Ooh, come to Momma.",data/raw/MELD-RAW/MELD.Raw/train/train_splits/dia946_utt6.mp4
946,7,Monica,anger,"He's coming. Be cool, be cool, be cool.",data/raw/MELD-RAW/MELD.Raw/train/train_splits/dia946_utt7.mp4
946,8,Phoebe,joy,We should do something. Whistle.,data/raw/MELD-RAW/MELD.Raw/train/train_splits/dia946_utt8.mp4
946,9,Monica,anger,We are not going to whistle.,data/raw/MELD-RAW/MELD.Raw/train/train_splits/dia946_utt9.mp4
946,10,Phoebe,neutral,"Come on, do it.",data/raw/MELD-RAW/MELD.Raw/train/train_splits/dia946_utt10.mp4
946,11,Monica,anger,No!,data/raw/MELD-RAW/MELD.Raw/train/train_splits/dia946_utt11.mp4
946,12,Phoebe,joy,Do it!,data/raw/MELD-RAW/MELD.Raw/train/train_splits/dia946_utt12.mp4
946,13,Monica,anger,No!,data/raw/MELD-RAW/MELD.Raw/train/train_splits/dia946_utt13.mp4
946,14,Phoebe,joy,Do it do it do it!,data/raw/MELD-RAW/MELD.Raw/train/train_splits/dia946_utt14.mp4
946,15,Monica,joy,Woo-woo!,data/raw/MELD-RAW/MELD.Raw/train/train_splits/dia946_utt15.mp4
946,16,Phoebe,surprise,I can't believe you did that!,data/raw/MELD-RAW/MELD.Raw/train/train_splits/dia946_utt16.mp4
947,0,Monica,neutral,"Hi! Umm, I'm Monica Geller, I'm the chef at Alessandro's.",data/raw/MELD-RAW/MELD.Raw/train/train_splits/dia947_utt0.mp4
947,2,Monica,neutral,"I think the things that you said about me are really unfair, and I would like for you to give my bouillabaisse another chance.",data/raw/MELD-RAW/MELD.Raw/train/train_splits/dia947_utt2.mp4
947,5,Monica,joy,"Spoon?  So, what do you think?",data/raw/MELD-RAW/MELD.Raw/train/train_splits/dia947_utt5.mp4
947,9,Monica,neutral,I can.,data/raw/MELD-RAW/MELD.Raw/train/train_splits/dia947_utt9.mp4
947,11,Monica,neutral,"Well umm, they both have a egg yolk and butter base, but a bearnaise has shallots, shirvel, and most importantly tarragon.",data/raw/MELD-RAW/MELD.Raw/train/train_splits/dia947_utt11.mp4
947,13,Monica,neutral,Monica.,data/raw/MELD-RAW/MELD.Raw/train/train_splits/dia947_utt13.mp4
947,15,Monica,joy,Okay.,data/raw/MELD-RAW/MELD.Raw/train/train_splits/dia947_utt15.mp4
948,0,Phoebe,neutral,"And there's a country called Argentinaaaa,    it's a place I've never seeeeen.",data/raw/MELD-RAW/MELD.Raw/train/train_splits/dia948_utt0.mp4
948,1,Phoebe,neutral,But I'm told for fifty pesos you can buy a    human spleen.,data/raw/MELD-RAW/MELD.Raw/train/train_splits/dia948_utt1.mp4
948,2,Phoebe,neutral,Human spleeeen.,data/raw/MELD-RAW/MELD.Raw/train/train_splits/dia948_utt2.mp4
948,3,Phoebe,joy,Olé!,data/raw/MELD-RAW/MELD.Raw/train/train_splits/dia948_utt3.mp4
948,4,Monica,surprise,What are you doing here!,data/raw/MELD-RAW/MELD.Raw/train/train_splits/dia948_utt4.mp4
948,5,Phoebe,joy,"Well, you said that you had customers lined up in the street,    so I am here to entertain!",data/raw/MELD-RAW/MELD.Raw/train/train_splits/dia948_utt5.mp4
948,6,Monica,joy,Great!,data/raw/MELD-RAW/MELD.Raw/train/train_splits/dia948_utt6.mp4
948,7,Phoebe,joy,Yeah!,data/raw/MELD-RAW/MELD.Raw/train/train_splits/dia948_utt7.mp4
948,8,Phoebe,joy,"It really has been great too, you know, some of this people    must have seen me play before because they were requesting a bunch of my songs!",data/raw/MELD-RAW/MELD.Raw/train/train_splits/dia948_utt8.mp4
948,9,Phoebe,joy,"Yeah, ""You suck"" and ""shut up and go home"".",data/raw/MELD-RAW/MELD.Raw/train/train_splits/dia948_utt9.mp4
948,10,Monica,joy,Listen Phoebe...,data/raw/MELD-RAW/MELD.Raw/train/train_splits/dia948_utt10.mp4
948,11,Phoebe,neutral,Yeah.,data/raw/MELD-RAW/MELD.Raw/train/train_splits/dia948_utt11.mp4
948,12,Monica,neutral,"You know how much I love listening to your music, you know,    but...",data/raw/MELD-RAW/MELD.Raw/train/train_splits/dia948_utt12.mp4
948,13,Phoebe,neutral,But what?,data/raw/MELD-RAW/MELD.Raw/train/train_splits/dia948_utt13.mp4
948,14,Monica,neutral,This is kind of a classy place.,data/raw/MELD-RAW/MELD.Raw/train/train_splits/dia948_utt14.mp4
948,15,Phoebe,neutral,"Ok, say no more.",data/raw/MELD-RAW/MELD.Raw/train/train_splits/dia948_utt15.mp4
950,0,Chandler,surprise,Oh my God!,data/raw/MELD-RAW/MELD.Raw/train/train_splits/dia950_utt0.mp4
950,1,Monica,sadness,"We heard about your pants, I'm so sorry.",data/raw/MELD-RAW/MELD.Raw/train/train_splits/dia950_utt1.mp4
950,6,Monica,joy,"Hey, hey, look. Look Ross, Ben drew a picture of you!  Huh? You're-you're a cowboy!",data/raw/MELD-RAW/MELD.Raw/train/train_splits/dia950_utt6.mp4
950,8,Monica,joy,"See? Ben doesn't think you're a loser, he thinks you're a cowboy! Now that's something.",data/raw/MELD-RAW/MELD.Raw/train/train_splits/dia950_utt8.mp4
950,16,Monica,neutral,"Okay, now that everything's wrapped up here, I think I'm, I'm gonna go do my laundry.",data/raw/MELD-RAW/MELD.Raw/train/train_splits/dia950_utt16.mp4
950,17,Chandler,neutral,"Oh yeah, me too. Y'know if this shirt is dirty.  Yep.",data/raw/MELD-RAW/MELD.Raw/train/train_splits/dia950_utt17.mp4
951,1,Chandler,surprise,Oh yeah!,data/raw/MELD-RAW/MELD.Raw/train/train_splits/dia951_utt1.mp4
952,5,Phoebe,disgust,"Oh, please!",data/raw/MELD-RAW/MELD.Raw/train/train_splits/dia952_utt5.mp4
953,0,Phoebe,neutral,Hey Mikey,data/raw/MELD-RAW/MELD.Raw/train/train_splits/dia953_utt0.mp4
953,2,Phoebe,neutral,What are you doing?,data/raw/MELD-RAW/MELD.Raw/train/train_splits/dia953_utt2.mp4
953,4,Phoebe,surprise,To kill Bob??,data/raw/MELD-RAW/MELD.Raw/train/train_splits/dia953_utt4.mp4
953,6,Phoebe,anger,"No, Mike, I don't want to kill him!",data/raw/MELD-RAW/MELD.Raw/train/train_splits/dia953_utt6.mp4
953,7,Phoebe,sadness,"I thought we were just gonna    capture him and, and you know, set him free in the country side where he can    maybe meet a friendly possom and a wisecracking owl.",data/raw/MELD-RAW/MELD.Raw/train/train_splits/dia953_utt7.mp4
953,9,Phoebe,neutral,"I'll find Bob, I'll get him.",data/raw/MELD-RAW/MELD.Raw/train/train_splits/dia953_utt9.mp4
953,10,Phoebe,fear,Bob?,data/raw/MELD-RAW/MELD.Raw/train/train_splits/dia953_utt10.mp4
953,11,Phoebe,sadness,Bob!,data/raw/MELD-RAW/MELD.Raw/train/train_splits/dia953_utt11.mp4
953,12,Phoebe,anger,Robert!,data/raw/MELD-RAW/MELD.Raw/train/train_splits/dia953_utt12.mp4
953,13,Phoebe,neutral,"Oh wait, I think I hear him.",data/raw/MELD-RAW/MELD.Raw/train/train_splits/dia953_utt13.mp4
953,14,Phoebe,surprise,Oh - Oh my god!,data/raw/MELD-RAW/MELD.Raw/train/train_splits/dia953_utt14.mp4
953,15,Phoebe,surprise,Bob    had babies!,data/raw/MELD-RAW/MELD.Raw/train/train_splits/dia953_utt15.mp4
953,16,Phoebe,surprise,Bob's a mom!,data/raw/MELD-RAW/MELD.Raw/train/train_splits/dia953_utt16.mp4
953,18,Phoebe,neutral,"I don't know, I kinda like Bob for a girl.",data/raw/MELD-RAW/MELD.Raw/train/train_splits/dia953_utt18.mp4
953,20,Phoebe,sadness,"Oh my god, we killed Bob!",data/raw/MELD-RAW/MELD.Raw/train/train_splits/dia953_utt20.mp4
953,22,Phoebe,neutral,Suzie,data/raw/MELD-RAW/MELD.Raw/train/train_splits/dia953_utt22.mp4
955,0,Monica,surprise,What one? You wanted him to invite you to the party and he did it!,data/raw/MELD-RAW/MELD.Raw/train/train_splits/dia955_utt0.mp4
955,5,Monica,anger,Great. So the ball is in his court?,data/raw/MELD-RAW/MELD.Raw/train/train_splits/dia955_utt5.mp4
960,0,Monica,anger,The waiter carried the breadsticks in his pants!,data/raw/MELD-RAW/MELD.Raw/train/train_splits/dia960_utt0.mp4
960,2,Monica,neutral,"All right, that I'll retract.",data/raw/MELD-RAW/MELD.Raw/train/train_splits/dia960_utt2.mp4
960,3,Monica,disgust,"But I stand by my review, I know food and that wasn't it.",data/raw/MELD-RAW/MELD.Raw/train/train_splits/dia960_utt3.mp4
960,4,Monica,disgust,You're marinara sauce tasted like tomato juice!,data/raw/MELD-RAW/MELD.Raw/train/train_splits/dia960_utt4.mp4
960,5,Monica,disgust,You should serve it with vodka and a piece of celery.,data/raw/MELD-RAW/MELD.Raw/train/train_splits/dia960_utt5.mp4
960,7,Monica,surprise,Oh my God! You own an Italian restaurant and you think that tastes good?! Where are you even from?,data/raw/MELD-RAW/MELD.Raw/train/train_splits/dia960_utt7.mp4
960,9,Monica,anger,"Hand me those tomatoes, I'm gonna show you what it should taste like! Come on, hand me them.",data/raw/MELD-RAW/MELD.Raw/train/train_splits/dia960_utt9.mp4
961,0,Phoebe,neutral,"Okay, then what happened?",data/raw/MELD-RAW/MELD.Raw/train/train_splits/dia961_utt0.mp4
961,1,Phoebe,anger,Ohh. Uh-huh. Uh-huh.  You'll get your turn!,data/raw/MELD-RAW/MELD.Raw/train/train_splits/dia961_utt1.mp4
961,3,Phoebe,anger,Nothing!   This is not over!,data/raw/MELD-RAW/MELD.Raw/train/train_splits/dia961_utt3.mp4
961,5,Phoebe,surprise,What?!,data/raw/MELD-RAW/MELD.Raw/train/train_splits/dia961_utt5.mp4
962,0,Chandler,joy,That was amazing.,data/raw/MELD-RAW/MELD.Raw/train/train_splits/dia962_utt0.mp4
962,1,Monica,neutral,I know.,data/raw/MELD-RAW/MELD.Raw/train/train_splits/dia962_utt1.mp4
962,2,Monica,joy,"Hey, do you realize we may have just changed our lives forever?",data/raw/MELD-RAW/MELD.Raw/train/train_splits/dia962_utt2.mp4
962,3,Monica,joy,We may have just started a family.,data/raw/MELD-RAW/MELD.Raw/train/train_splits/dia962_utt3.mp4
962,4,Monica,joy,"Nine months from now we can be here, having our own baby.",data/raw/MELD-RAW/MELD.Raw/train/train_splits/dia962_utt4.mp4
962,5,Chandler,neutral,"And if not, we got to do it on a bucket.",data/raw/MELD-RAW/MELD.Raw/train/train_splits/dia962_utt5.mp4
963,0,Chandler,anger,Ross! You gotta stop! Okay?! You can't just stare through the peep hole for three hours! You're gonna get peep eye!,data/raw/MELD-RAW/MELD.Raw/train/train_splits/dia963_utt0.mp4
963,7,Chandler,neutral,You didn't just break up.,data/raw/MELD-RAW/MELD.Raw/train/train_splits/dia963_utt7.mp4
963,9,Chandler,disgust,You slept with somebody three hours after you thought you broke up. I mean bullets have left guns slower!,data/raw/MELD-RAW/MELD.Raw/train/train_splits/dia963_utt9.mp4
965,0,Monica,fear,Not yet! Not yet! Not yet! Not yet! Not yet! Not yet! Not yet! Not yet!,data/raw/MELD-RAW/MELD.Raw/train/train_splits/dia965_utt0.mp4
966,1,Phoebe,surprise,How can you let him talk to your crotch like that?,data/raw/MELD-RAW/MELD.Raw/train/train_splits/dia966_utt1.mp4
966,3,Phoebe,surprise,Ohh!,data/raw/MELD-RAW/MELD.Raw/train/train_splits/dia966_utt3.mp4
966,4,Phoebe,surprise,Okay!,data/raw/MELD-RAW/MELD.Raw/train/train_splits/dia966_utt4.mp4
966,5,Phoebe,surprise,"Okay, cause when-when he said, ""I can't wait to hear your first words,"" I thought, ""There's a trick.""",data/raw/MELD-RAW/MELD.Raw/train/train_splits/dia966_utt5.mp4
966,7,Phoebe,neutral,Okay.,data/raw/MELD-RAW/MELD.Raw/train/train_splits/dia966_utt7.mp4
968,0,Chandler,neutral,"Okay, what do you guys think?",data/raw/MELD-RAW/MELD.Raw/train/train_splits/dia968_utt0.mp4
968,3,Chandler,surprise,You really like it?,data/raw/MELD-RAW/MELD.Raw/train/train_splits/dia968_utt3.mp4
968,5,Chandler,neutral,I stole Monica's and changed the name.,data/raw/MELD-RAW/MELD.Raw/train/train_splits/dia968_utt5.mp4
973,0,Phoebe,neutral,Relax every muscle in your body.,data/raw/MELD-RAW/MELD.Raw/train/train_splits/dia973_utt0.mp4
973,1,Phoebe,neutral,Listen to the plinky-plunky music.,data/raw/MELD-RAW/MELD.Raw/train/train_splits/dia973_utt1.mp4
973,2,Phoebe,neutral,"Okay, now close you eyes, and think of a happy place.",data/raw/MELD-RAW/MELD.Raw/train/train_splits/dia973_utt2.mp4
973,3,Phoebe,neutral,"Okay, tell me your happy place.",data/raw/MELD-RAW/MELD.Raw/train/train_splits/dia973_utt3.mp4
973,4,Monica,joy,"Richard's living room, drinking wine.",data/raw/MELD-RAW/MELD.Raw/train/train_splits/dia973_utt4.mp4
973,5,Phoebe,anger,"All right. No, no, no, not a Richard thing, just put down the glass. And get out!",data/raw/MELD-RAW/MELD.Raw/train/train_splits/dia973_utt5.mp4
973,6,Monica,sadness,"I'm sorry, but that's my happy place.",data/raw/MELD-RAW/MELD.Raw/train/train_splits/dia973_utt6.mp4
973,7,Phoebe,neutral,"Well, okay, fine, use my happy place.",data/raw/MELD-RAW/MELD.Raw/train/train_splits/dia973_utt7.mp4
973,8,Phoebe,neutral,"Okay, I'm just gonna, I have to ask that you don't move anything.",data/raw/MELD-RAW/MELD.Raw/train/train_splits/dia973_utt8.mp4
973,9,Monica,neutral,"All right, I'll try not to.",data/raw/MELD-RAW/MELD.Raw/train/train_splits/dia973_utt9.mp4
973,10,Phoebe,neutral,"Okay, all right, so, your in a meadow, millions of stars in the sky....",data/raw/MELD-RAW/MELD.Raw/train/train_splits/dia973_utt10.mp4
973,11,Monica,sadness,Do you think breaking up with him was a huge mistake?,data/raw/MELD-RAW/MELD.Raw/train/train_splits/dia973_utt11.mp4
973,12,Phoebe,joy,"All right, there are no questions in the happy place. Okay, just, the warm breeze, and the moonlight flowing through the trees....",data/raw/MELD-RAW/MELD.Raw/train/train_splits/dia973_utt12.mp4
973,13,Monica,sadness,"I'll bet he's totally over me, I'll bet he's fine.",data/raw/MELD-RAW/MELD.Raw/train/train_splits/dia973_utt13.mp4
973,14,Phoebe,neutral,"All right, betting and wagering of any kind, are, I'm sure, not permitted in the happy place.",data/raw/MELD-RAW/MELD.Raw/train/train_splits/dia973_utt14.mp4
973,15,Phoebe,neutral,Okay.,data/raw/MELD-RAW/MELD.Raw/train/train_splits/dia973_utt15.mp4
973,16,Phoebe,joy,"Just-just, you know, the-the lovely waterfalls, and the, the trickling fountains.",data/raw/MELD-RAW/MELD.Raw/train/train_splits/dia973_utt16.mp4
973,17,Phoebe,neutral,And the-the calming sounds of the babbling brook....,data/raw/MELD-RAW/MELD.Raw/train/train_splits/dia973_utt17.mp4
973,18,Monica,disgust,"Okay, this isn't working. I'm still awake and now I have to pee.",data/raw/MELD-RAW/MELD.Raw/train/train_splits/dia973_utt18.mp4
976,0,Phoebe,joy,"Hey Rach, wanna hear the new song I'm thinkin' of singing this afternoon? I wrote it this morning in the shower.",data/raw/MELD-RAW/MELD.Raw/train/train_splits/dia976_utt0.mp4
977,14,Chandler,neutral,"Yeah. Either that, or you just turned him on and sent him off to a stripper.",data/raw/MELD-RAW/MELD.Raw/train/train_splits/dia977_utt14.mp4
978,0,Chandler,surprise,I can't believe you came back.,data/raw/MELD-RAW/MELD.Raw/train/train_splits/dia978_utt0.mp4
979,0,Phoebe,surprise,"I justI thought you guys were doing it, I didn't know you were in love!",data/raw/MELD-RAW/MELD.Raw/train/train_splits/dia979_utt0.mp4
979,2,Chandler,joy,And hats off to Phoebe. Quite a competitor.  And might I say your breasts are still showing.,data/raw/MELD-RAW/MELD.Raw/train/train_splits/dia979_utt2.mp4
979,3,Phoebe,surprise,God!,data/raw/MELD-RAW/MELD.Raw/train/train_splits/dia979_utt3.mp4
979,5,Monica,neutral,"Well actually, Ross doesn't.",data/raw/MELD-RAW/MELD.Raw/train/train_splits/dia979_utt5.mp4
979,6,Chandler,neutral,"Yes, and we'd appreciate it if no one told him yet.",data/raw/MELD-RAW/MELD.Raw/train/train_splits/dia979_utt6.mp4
980,6,Chandler,neutral,"Well, that?s the part where you tell him that I moved to France. When actually I?ll be in Cuba.",data/raw/MELD-RAW/MELD.Raw/train/train_splits/dia980_utt6.mp4
980,10,Chandler,fear,What if Mary-Angela comes to the door and I ask for Mary-Angela?,data/raw/MELD-RAW/MELD.Raw/train/train_splits/dia980_utt10.mp4
981,0,Chandler,neutral,Hey.,data/raw/MELD-RAW/MELD.Raw/train/train_splits/dia981_utt0.mp4
982,1,Chandler,neutral,"Okay, here you go.  I have two queens, what do you have?",data/raw/MELD-RAW/MELD.Raw/train/train_splits/dia982_utt1.mp4
982,3,Chandler,joy,"Ho-ho, you win! 50 dollars!",data/raw/MELD-RAW/MELD.Raw/train/train_splits/dia982_utt3.mp4
982,5,Chandler,neutral,"Oh yeah! Okay, let's play again.  What do you got?",data/raw/MELD-RAW/MELD.Raw/train/train_splits/dia982_utt5.mp4
982,7,Chandler,surprise,You're kidding right?,data/raw/MELD-RAW/MELD.Raw/train/train_splits/dia982_utt7.mp4
982,9,Chandler,surprise,Well that's a full cup!,data/raw/MELD-RAW/MELD.Raw/train/train_splits/dia982_utt9.mp4
984,0,Phoebe,joy,Oh hey Joey! What's up?,data/raw/MELD-RAW/MELD.Raw/train/train_splits/dia984_utt0.mp4
984,2,Phoebe,neutral,"Yeah, I've been around.",data/raw/MELD-RAW/MELD.Raw/train/train_splits/dia984_utt2.mp4
984,4,Phoebe,neutral,"Ooh, if you take the northern route there's a man in Illinois with a beard of bees.",data/raw/MELD-RAW/MELD.Raw/train/train_splits/dia984_utt4.mp4
986,0,Phoebe,surprise,You mean whenever Monica and Chandler where like y'know doing laundry or going grocery shopping orOh!,data/raw/MELD-RAW/MELD.Raw/train/train_splits/dia986_utt0.mp4
986,1,Phoebe,surprise,All that time Monica spent on the phone with sad Linda from camp!,data/raw/MELD-RAW/MELD.Raw/train/train_splits/dia986_utt1.mp4
986,3,Phoebe,surprise,"Oh, I can't believe it!",data/raw/MELD-RAW/MELD.Raw/train/train_splits/dia986_utt3.mp4
986,4,Phoebe,joy,I mean I think it's great!,data/raw/MELD-RAW/MELD.Raw/train/train_splits/dia986_utt4.mp4
986,5,Phoebe,neutral,For him.,data/raw/MELD-RAW/MELD.Raw/train/train_splits/dia986_utt5.mp4
986,6,Phoebe,neutral,She might be able to do better.,data/raw/MELD-RAW/MELD.Raw/train/train_splits/dia986_utt6.mp4
986,12,Phoebe,surprise,"Okay, so now they know that you know and they don't know that Rachel knows?",data/raw/MELD-RAW/MELD.Raw/train/train_splits/dia986_utt12.mp4
987,0,Chandler,neutral,"It's a tradition, like the parade. If the parade decided it was gay, moved out, and abandoned its entire family.",data/raw/MELD-RAW/MELD.Raw/train/train_splits/dia987_utt0.mp4
988,0,Phoebe,neutral,"Y'know, you're friend's getting married, it's gotta change things.",data/raw/MELD-RAW/MELD.Raw/train/train_splits/dia988_utt0.mp4
988,2,Phoebe,surprise,How could it not be?,data/raw/MELD-RAW/MELD.Raw/train/train_splits/dia988_utt2.mp4
988,3,Phoebe,sadness,"I mean pretty soon they're gonna be having kids, and then they're just gonna be hanging out with other couples who have kids.",data/raw/MELD-RAW/MELD.Raw/train/train_splits/dia988_utt3.mp4
988,4,Phoebe,sadness,And then maybe they're gonna have to leave the city to be near a,data/raw/MELD-RAW/MELD.Raw/train/train_splits/dia988_utt4.mp4
989,1,Chandler,neutral,Mrs. Braverman must be out.,data/raw/MELD-RAW/MELD.Raw/train/train_splits/dia989_utt1.mp4
989,3,Chandler,fear,"By then, the cheesecake may have gone bad. We don't want her to come back to bad cheesecake.",data/raw/MELD-RAW/MELD.Raw/train/train_splits/dia989_utt3.mp4
989,5,Chandler,neutral,"Well, we don't want that.",data/raw/MELD-RAW/MELD.Raw/train/train_splits/dia989_utt5.mp4
989,7,Chandler,neutral,But we should take it.,data/raw/MELD-RAW/MELD.Raw/train/train_splits/dia989_utt7.mp4
989,9,Chandler,surprise,Why?,data/raw/MELD-RAW/MELD.Raw/train/train_splits/dia989_utt9.mp4
989,11,Chandler,fear,Go! Go! Go! Go! Go! Go! Go! Go! Go! Go!,data/raw/MELD-RAW/MELD.Raw/train/train_splits/dia989_utt11.mp4
990,0,Chandler,neutral,"Hey, Kicky. What're you doing?",data/raw/MELD-RAW/MELD.Raw/train/train_splits/dia990_utt0.mp4
990,2,Chandler,neutral,"Well, you're gonna.",data/raw/MELD-RAW/MELD.Raw/train/train_splits/dia990_utt2.mp4
990,4,Chandler,neutral,"Are they end to end, or tall like pancakes?",data/raw/MELD-RAW/MELD.Raw/train/train_splits/dia990_utt4.mp4
990,8,Chandler,neutral,"Hey, you're not him.",data/raw/MELD-RAW/MELD.Raw/train/train_splits/dia990_utt8.mp4
990,9,Chandler,neutral,You're you.,data/raw/MELD-RAW/MELD.Raw/train/train_splits/dia990_utt9.mp4
990,10,Chandler,neutral,"When they were all over you to go into your father's pipe-fitting business, did you cave?",data/raw/MELD-RAW/MELD.Raw/train/train_splits/dia990_utt10.mp4
990,12,Chandler,neutral,No.,data/raw/MELD-RAW/MELD.Raw/train/train_splits/dia990_utt12.mp4
990,13,Chandler,neutral,You decided to go into the out-of-work actor business.,data/raw/MELD-RAW/MELD.Raw/train/train_splits/dia990_utt13.mp4
990,14,Chandler,neutral,"Now that wasn't easy, but you did it!",data/raw/MELD-RAW/MELD.Raw/train/train_splits/dia990_utt14.mp4
990,15,Chandler,neutral,"And I'd like to believe that when the right woman comes along, you will have the courage and the guts to say ""No thanks, I'm married.""",data/raw/MELD-RAW/MELD.Raw/train/train_splits/dia990_utt15.mp4
990,17,Chandler,neutral,Yeah. I really do.,data/raw/MELD-RAW/MELD.Raw/train/train_splits/dia990_utt17.mp4
990,19,Chandler,anger,Get off!,data/raw/MELD-RAW/MELD.Raw/train/train_splits/dia990_utt19.mp4
991,8,Monica,surprise,Oh no!,data/raw/MELD-RAW/MELD.Raw/train/train_splits/dia991_utt8.mp4
991,9,Monica,neutral,I don't know anything about cooking.,data/raw/MELD-RAW/MELD.Raw/train/train_splits/dia991_utt9.mp4
991,10,Monica,neutral,"I had to ask someone what it's called when the, when the water makes those little bubbles.",data/raw/MELD-RAW/MELD.Raw/train/train_splits/dia991_utt10.mp4
991,12,Monica,neutral,"I-I-I'm sorry, your-your mouth was full, I didn't hear what you said. Umm, hats off to who now?",data/raw/MELD-RAW/MELD.Raw/train/train_splits/dia991_utt12.mp4
991,14,Monica,joy,That's right.,data/raw/MELD-RAW/MELD.Raw/train/train_splits/dia991_utt14.mp4
992,1,Phoebe,neutral,Hey.,data/raw/MELD-RAW/MELD.Raw/train/train_splits/dia992_utt1.mp4
992,2,Monica,neutral,How's it going?,data/raw/MELD-RAW/MELD.Raw/train/train_splits/dia992_utt2.mp4
992,3,Phoebe,joy,Good. Oh oh! Roger's having a dinner thing and he wanted me to invite you guys.,data/raw/MELD-RAW/MELD.Raw/train/train_splits/dia992_utt3.mp4
992,4,Phoebe,neutral,So what's going on?,data/raw/MELD-RAW/MELD.Raw/train/train_splits/dia992_utt4.mp4
992,5,Monica,neutral,"Nothing, um, it's just, um... It's Roger.",data/raw/MELD-RAW/MELD.Raw/train/train_splits/dia992_utt5.mp4
992,7,Chandler,neutral,Basically we just feel that he's...,data/raw/MELD-RAW/MELD.Raw/train/train_splits/dia992_utt7.mp4
992,11,Phoebe,neutral,Uh-huh.,data/raw/MELD-RAW/MELD.Raw/train/train_splits/dia992_utt11.mp4
992,12,Phoebe,neutral,Okay.,data/raw/MELD-RAW/MELD.Raw/train/train_splits/dia992_utt12.mp4
992,13,Phoebe,neutral,"Okay, don't you think, maybe, though, it's just that he's so perceptive that it freaks you out?",data/raw/MELD-RAW/MELD.Raw/train/train_splits/dia992_utt13.mp4
994,0,Chandler,fear,Yes that was mine.,data/raw/MELD-RAW/MELD.Raw/train/train_splits/dia994_utt0.mp4
994,2,Chandler,sadness,Yes that would have made more sense.,data/raw/MELD-RAW/MELD.Raw/train/train_splits/dia994_utt2.mp4
995,0,Chandler,anger,"Oh hey! There's some kids playing in the street, you wanna go down there and give them a project, ruin their day?",data/raw/MELD-RAW/MELD.Raw/train/train_splits/dia995_utt0.mp4
997,0,Monica,neutral,"Hi, honey.",data/raw/MELD-RAW/MELD.Raw/train/train_splits/dia997_utt0.mp4
997,1,Chandler,neutral,See you later.,data/raw/MELD-RAW/MELD.Raw/train/train_splits/dia997_utt1.mp4
997,2,Monica,joy,"What? I-I bought groceries, I was gonna make you dinner!",data/raw/MELD-RAW/MELD.Raw/train/train_splits/dia997_utt2.mp4
997,3,Chandler,anger,Well next time ask! Or at least wait for me to ask!,data/raw/MELD-RAW/MELD.Raw/train/train_splits/dia997_utt3.mp4
997,5,Monica,surprise,Oh no!,data/raw/MELD-RAW/MELD.Raw/train/train_splits/dia997_utt5.mp4
997,7,Monica,fear,"Oh please, he didn't hear it! He didn't hear it!!",data/raw/MELD-RAW/MELD.Raw/train/train_splits/dia997_utt7.mp4
997,8,Chandler,surprise,This is Chandler Bing! This is Chandler Bing!,data/raw/MELD-RAW/MELD.Raw/train/train_splits/dia997_utt8.mp4
997,9,Monica,anger,NOOOO!!!!!!!!,data/raw/MELD-RAW/MELD.Raw/train/train_splits/dia997_utt9.mp4
1000,0,Monica,disgust,Would you look at this dump? He hated us. This is his final revenge!,data/raw/MELD-RAW/MELD.Raw/train/train_splits/dia1000_utt0.mp4
1000,2,Chandler,anger,"Actually, I think this apartment sullies the good name of crap",data/raw/MELD-RAW/MELD.Raw/train/train_splits/dia1000_utt2.mp4
1001,1,Monica,neutral,"I'm at work, ordinary day, you know, chop chop chop, sauti, sauti, sauti.",data/raw/MELD-RAW/MELD.Raw/train/train_splits/dia1001_utt1.mp4
1001,2,Monica,neutral,"All of a sudden, Leon, the manager, calls me into his office.",data/raw/MELD-RAW/MELD.Raw/train/train_splits/dia1001_utt2.mp4
1001,3,Monica,joy,"It turns out they fired the head lunch chef, and guess who got the job.",data/raw/MELD-RAW/MELD.Raw/train/train_splits/dia1001_utt3.mp4
1001,5,Monica,joy,"Fortunately, it is me.",data/raw/MELD-RAW/MELD.Raw/train/train_splits/dia1001_utt5.mp4
1001,6,Monica,joy,"And, they made me head of purchasing, thank you very much.",data/raw/MELD-RAW/MELD.Raw/train/train_splits/dia1001_utt6.mp4
1001,7,Monica,joy,"Anyway, I just ran into Ross and Chandler downstairs, and they think we should go out and celebrate.",data/raw/MELD-RAW/MELD.Raw/train/train_splits/dia1001_utt7.mp4
1001,8,Monica,neutral,"Y'know, someplace nice.",data/raw/MELD-RAW/MELD.Raw/train/train_splits/dia1001_utt8.mp4
1002,0,Chandler,neutral,"So, what do you think?",data/raw/MELD-RAW/MELD.Raw/train/train_splits/dia1002_utt0.mp4
1002,2,Chandler,joy,I know!,data/raw/MELD-RAW/MELD.Raw/train/train_splits/dia1002_utt2.mp4
1002,3,Monica,neutral,"So how does this work, you going to balance the plates on these little guys' heads?",data/raw/MELD-RAW/MELD.Raw/train/train_splits/dia1002_utt3.mp4
1002,5,Monica,joy,Heads up Ross!  Score!  You suck!,data/raw/MELD-RAW/MELD.Raw/train/train_splits/dia1002_utt5.mp4
1003,0,Monica,neutral,Thank you. Just make yourself comfortable.,data/raw/MELD-RAW/MELD.Raw/train/train_splits/dia1003_utt0.mp4
1003,2,Monica,neutral,This place is really my Grandmother's.,data/raw/MELD-RAW/MELD.Raw/train/train_splits/dia1003_utt2.mp4
1003,3,Monica,neutral,"I got it from her when she moved to Florida, otherwise I could never afford a place like this.",data/raw/MELD-RAW/MELD.Raw/train/train_splits/dia1003_utt3.mp4
1003,4,Monica,neutral,"So if the landlord ever asks, I'm 87 year old woman, who's afraid of her VCR.",data/raw/MELD-RAW/MELD.Raw/train/train_splits/dia1003_utt4.mp4
1003,5,Monica,neutral,So are you thirsty?,data/raw/MELD-RAW/MELD.Raw/train/train_splits/dia1003_utt5.mp4
1003,7,Monica,surprise,"Okay, here's your penis!",data/raw/MELD-RAW/MELD.Raw/train/train_splits/dia1003_utt7.mp4
1005,1,Phoebe,joy,"Ooh, absolutely!",data/raw/MELD-RAW/MELD.Raw/train/train_splits/dia1005_utt1.mp4
1005,3,Phoebe,neutral,"Ooh, I love that place!  So, no.",data/raw/MELD-RAW/MELD.Raw/train/train_splits/dia1005_utt3.mp4
1005,5,Phoebe,neutral,Enh. Sure!,data/raw/MELD-RAW/MELD.Raw/train/train_splits/dia1005_utt5.mp4
1005,7,Phoebe,neutral,"Oh, no-no, this place is totally healthy!",data/raw/MELD-RAW/MELD.Raw/train/train_splits/dia1005_utt7.mp4
1005,8,Phoebe,neutral,Thatthis milk is mine.,data/raw/MELD-RAW/MELD.Raw/train/train_splits/dia1005_utt8.mp4
1005,9,Phoebe,neutral,"I bought this today, 'cause I was thirsty for milk, y'know.",data/raw/MELD-RAW/MELD.Raw/train/train_splits/dia1005_utt9.mp4
1005,10,Phoebe,joy,"Okay, let's go!",data/raw/MELD-RAW/MELD.Raw/train/train_splits/dia1005_utt10.mp4
1005,14,Phoebe,anger,"Okay, stop!",data/raw/MELD-RAW/MELD.Raw/train/train_splits/dia1005_utt14.mp4
1005,15,Phoebe,neutral,"Larry, okay, can't you just be Larry and not Larry the health inspector guy?",data/raw/MELD-RAW/MELD.Raw/train/train_splits/dia1005_utt15.mp4
1005,16,Phoebe,anger,"Y'know I mean it was really exciting at first but now it's like, okay, so where are we gonna eat ever?",data/raw/MELD-RAW/MELD.Raw/train/train_splits/dia1005_utt16.mp4
1005,18,Phoebe,joy,Thank you.,data/raw/MELD-RAW/MELD.Raw/train/train_splits/dia1005_utt18.mp4
1005,19,Phoebe,neutral,Go!,data/raw/MELD-RAW/MELD.Raw/train/train_splits/dia1005_utt19.mp4
1005,20,Phoebe,anger,Go!,data/raw/MELD-RAW/MELD.Raw/train/train_splits/dia1005_utt20.mp4
1005,21,Phoebe,disgust,"Now, if after dinner you still really need to bust someone, I know a hot dog vendor who picks his nose.",data/raw/MELD-RAW/MELD.Raw/train/train_splits/dia1005_utt21.mp4
1006,1,Phoebe,joy,No but at Monica's you can eat cookies over the sink!,data/raw/MELD-RAW/MELD.Raw/train/train_splits/dia1006_utt1.mp4
1006,3,Phoebe,neutral,All right fine! This looks like so much fun.,data/raw/MELD-RAW/MELD.Raw/train/train_splits/dia1006_utt3.mp4
1006,5,Phoebe,neutral,"God, what a mess.",data/raw/MELD-RAW/MELD.Raw/train/train_splits/dia1006_utt5.mp4
1007,0,Chandler,neutral,"Tell us what happened, Brown Bird Ross.",data/raw/MELD-RAW/MELD.Raw/train/train_splits/dia1007_utt0.mp4
1007,4,Chandler,joy,Hey! How'd the interview go?,data/raw/MELD-RAW/MELD.Raw/train/train_splits/dia1007_utt4.mp4
1007,8,Phoebe,sadness,This is the worst Christmas ever.,data/raw/MELD-RAW/MELD.Raw/train/train_splits/dia1007_utt8.mp4
1007,9,Chandler,neutral,"Y'know what Rach, maybe you should just, y'know stay here at the coffee house.",data/raw/MELD-RAW/MELD.Raw/train/train_splits/dia1007_utt9.mp4
1008,2,Monica,joy,"You know, it's a really funny story how this happened.",data/raw/MELD-RAW/MELD.Raw/train/train_splits/dia1008_utt2.mp4
1009,1,Monica,neutral,"No, you were right. I don't have a plan.",data/raw/MELD-RAW/MELD.Raw/train/train_splits/dia1009_utt1.mp4
1009,3,Monica,neutral,Phoebe?,data/raw/MELD-RAW/MELD.Raw/train/train_splits/dia1009_utt3.mp4
1009,4,Phoebe,neutral,What?,data/raw/MELD-RAW/MELD.Raw/train/train_splits/dia1009_utt4.mp4
1009,5,Monica,neutral,Do you have a plan?,data/raw/MELD-RAW/MELD.Raw/train/train_splits/dia1009_utt5.mp4
1009,6,Phoebe,joy,I don't even have a 'pl'.,data/raw/MELD-RAW/MELD.Raw/train/train_splits/dia1009_utt6.mp4
1009,8,Monica,surprise,Wait! Did you say 'G.Stephanopoulos?',data/raw/MELD-RAW/MELD.Raw/train/train_splits/dia1009_utt8.mp4
1009,9,Monica,surprise,"Wait, was this a-a small mediterranean guy with curiously intelligent good looks?",data/raw/MELD-RAW/MELD.Raw/train/train_splits/dia1009_utt9.mp4
1009,10,Monica,joy,Was he wearing a stunning blue suit?,data/raw/MELD-RAW/MELD.Raw/train/train_splits/dia1009_utt10.mp4
1009,11,Phoebe,joy,And-and a power tie?,data/raw/MELD-RAW/MELD.Raw/train/train_splits/dia1009_utt11.mp4
1009,12,Monica,surprise,Oh God.,data/raw/MELD-RAW/MELD.Raw/train/train_splits/dia1009_utt12.mp4
1009,13,Monica,surprise,Are you nuts?! We've got George Stephanopoulos' pizza!,data/raw/MELD-RAW/MELD.Raw/train/train_splits/dia1009_utt13.mp4
1009,15,Phoebe,neutral,Big Bird's friend.,data/raw/MELD-RAW/MELD.Raw/train/train_splits/dia1009_utt15.mp4
1009,16,Monica,joy,I see pizza!,data/raw/MELD-RAW/MELD.Raw/train/train_splits/dia1009_utt16.mp4
1009,17,Phoebe,joy,"Oh, I wanna see! Lemme see! Lemme see!",data/raw/MELD-RAW/MELD.Raw/train/train_splits/dia1009_utt17.mp4
1010,1,Monica,neutral,What?!,data/raw/MELD-RAW/MELD.Raw/train/train_splits/dia1010_utt1.mp4
1010,4,Monica,disgust,What are you crazy?!,data/raw/MELD-RAW/MELD.Raw/train/train_splits/dia1010_utt4.mp4
1010,7,Monica,joy,"Aww, thank you.",data/raw/MELD-RAW/MELD.Raw/train/train_splits/dia1010_utt7.mp4
1011,0,Monica,surprise,It's beautiful! It's like the first bathroom floor there ever was.  Whoa! Are you going in there for?,data/raw/MELD-RAW/MELD.Raw/train/train_splits/dia1011_utt0.mp4
1011,1,Chandler,neutral,"What, like a number?",data/raw/MELD-RAW/MELD.Raw/train/train_splits/dia1011_utt1.mp4
1011,3,Chandler,neutral,Hi! Bye!,data/raw/MELD-RAW/MELD.Raw/train/train_splits/dia1011_utt3.mp4
1011,8,Monica,neutral,And who laminated it?,data/raw/MELD-RAW/MELD.Raw/train/train_splits/dia1011_utt8.mp4
1012,1,Phoebe,surprise,Hi! And you're going into what grade?,data/raw/MELD-RAW/MELD.Raw/train/train_splits/dia1012_utt1.mp4
1012,3,Phoebe,joy,"Uh-huh, me too. Ross, maybe I should've specified that I'd be needing a grown up doctor.",data/raw/MELD-RAW/MELD.Raw/train/train_splits/dia1012_utt3.mp4
1012,5,Phoebe,anger,Shh!,data/raw/MELD-RAW/MELD.Raw/train/train_splits/dia1012_utt5.mp4
1012,6,Phoebe,anger,"Doogie, shh!",data/raw/MELD-RAW/MELD.Raw/train/train_splits/dia1012_utt6.mp4
1012,7,Phoebe,surprise,Doesn't anybody understand that I'm gonna be having babies soon?,data/raw/MELD-RAW/MELD.Raw/train/train_splits/dia1012_utt7.mp4
1012,8,Phoebe,surprise,Huh?,data/raw/MELD-RAW/MELD.Raw/train/train_splits/dia1012_utt8.mp4
1012,9,Phoebe,anger,Go!,data/raw/MELD-RAW/MELD.Raw/train/train_splits/dia1012_utt9.mp4
1012,10,Phoebe,anger,"Go little boy, go!",data/raw/MELD-RAW/MELD.Raw/train/train_splits/dia1012_utt10.mp4
1013,1,Monica,anger,"Well, they're just gonna have to wait aren't they? I've only got two hands!!",data/raw/MELD-RAW/MELD.Raw/train/train_splits/dia1013_utt1.mp4
1013,3,Monica,anger,No! You don't know the system! There'll be nobody messing with the system!,data/raw/MELD-RAW/MELD.Raw/train/train_splits/dia1013_utt3.mp4
1015,3,Chandler,neutral,"Thanks. Listen, about the weekly numbers, I'm gonna need them on my desk",data/raw/MELD-RAW/MELD.Raw/train/train_splits/dia1015_utt3.mp4
1015,6,Chandler,joy,"You have to give 'em something, you know.",data/raw/MELD-RAW/MELD.Raw/train/train_splits/dia1015_utt6.mp4
1015,7,Chandler,neutral,"Okay, now that was Gerston, Santos, and who's the guy with the moustache?",data/raw/MELD-RAW/MELD.Raw/train/train_splits/dia1015_utt7.mp4
1015,8,Phoebe,neutral,Petrie.,data/raw/MELD-RAW/MELD.Raw/train/train_splits/dia1015_utt8.mp4
1015,9,Chandler,neutral,"Petrie, right, right. Okay, some people gonna be working",data/raw/MELD-RAW/MELD.Raw/train/train_splits/dia1015_utt9.mp4
1016,7,Phoebe,joy,"Ross, thank God.",data/raw/MELD-RAW/MELD.Raw/train/train_splits/dia1016_utt7.mp4
1016,9,Phoebe,disgust,I ate a bug.,data/raw/MELD-RAW/MELD.Raw/train/train_splits/dia1016_utt9.mp4
1016,10,Monica,joy,"Hey Rach, the tampons here are only a penny. Let's stock up.",data/raw/MELD-RAW/MELD.Raw/train/train_splits/dia1016_utt10.mp4
1016,11,Phoebe,fear,"Listen Ross, we ran out of gas, and we don't know where we are, so we can't get a tow truck.",data/raw/MELD-RAW/MELD.Raw/train/train_splits/dia1016_utt11.mp4
1016,13,Phoebe,neutral,"Yes, please.",data/raw/MELD-RAW/MELD.Raw/train/train_splits/dia1016_utt13.mp4
1017,0,Monica,sadness,"God, I feel so guilty about Ross.",data/raw/MELD-RAW/MELD.Raw/train/train_splits/dia1017_utt0.mp4
1017,1,Phoebe,sadness,"Oh, I know.",data/raw/MELD-RAW/MELD.Raw/train/train_splits/dia1017_utt1.mp4
1017,3,Chandler,anger,Kind of? If you just kept this to yourself none of this would've happened.,data/raw/MELD-RAW/MELD.Raw/train/train_splits/dia1017_utt3.mp4
1017,5,Chandler,anger,"Well, I think it's very brave what you said.",data/raw/MELD-RAW/MELD.Raw/train/train_splits/dia1017_utt5.mp4
1017,6,Phoebe,neutral,"All right, I can't sit here anymore. I have to walk places.",data/raw/MELD-RAW/MELD.Raw/train/train_splits/dia1017_utt6.mp4
1017,7,Chandler,anger,"Pheebs, what are you doing with the coat? How about the whole animal rights thing?",data/raw/MELD-RAW/MELD.Raw/train/train_splits/dia1017_utt7.mp4
1017,8,Phoebe,anger,"Well, I've been reading up and for your information, minks are not very nice.",data/raw/MELD-RAW/MELD.Raw/train/train_splits/dia1017_utt8.mp4
1017,9,Phoebe,anger,"Okay, I admit it!",data/raw/MELD-RAW/MELD.Raw/train/train_splits/dia1017_utt9.mp4
1017,10,Phoebe,joy,I love this coat!,data/raw/MELD-RAW/MELD.Raw/train/train_splits/dia1017_utt10.mp4
1017,11,Phoebe,joy,"Okay, Iit's the best thing I've ever had wrapped around me, including Phil Huntley!",data/raw/MELD-RAW/MELD.Raw/train/train_splits/dia1017_utt11.mp4
1017,12,Phoebe,neutral,Remember Phil Huntley?,data/raw/MELD-RAW/MELD.Raw/train/train_splits/dia1017_utt12.mp4
1017,13,Phoebe,joy,He was fine!,data/raw/MELD-RAW/MELD.Raw/train/train_splits/dia1017_utt13.mp4
1018,2,Phoebe,neutral,I'd better go. (She goes and sits down in the,data/raw/MELD-RAW/MELD.Raw/train/train_splits/dia1018_utt2.mp4
1018,11,Phoebe,anger,That's it?!,data/raw/MELD-RAW/MELD.Raw/train/train_splits/dia1018_utt11.mp4
1018,12,Phoebe,surprise,You call that a fight?,data/raw/MELD-RAW/MELD.Raw/train/train_splits/dia1018_utt12.mp4
1018,13,Phoebe,anger,Come on!,data/raw/MELD-RAW/MELD.Raw/train/train_splits/dia1018_utt13.mp4
1018,14,Phoebe,anger,"""We were on a break!""",data/raw/MELD-RAW/MELD.Raw/train/train_splits/dia1018_utt14.mp4
1018,15,Phoebe,anger,"""No we weren't!""",data/raw/MELD-RAW/MELD.Raw/train/train_splits/dia1018_utt15.mp4
1018,16,Phoebe,surprise,What happened to you two?,data/raw/MELD-RAW/MELD.Raw/train/train_splits/dia1018_utt16.mp4
1019,0,Chandler,neutral,"Hi, could we get two burritos to go, please?",data/raw/MELD-RAW/MELD.Raw/train/train_splits/dia1019_utt0.mp4
1019,1,Monica,neutral,I'm sorry.,data/raw/MELD-RAW/MELD.Raw/train/train_splits/dia1019_utt1.mp4
1019,2,Monica,neutral,"But not that sorry, 'cause you don't have to live with it.",data/raw/MELD-RAW/MELD.Raw/train/train_splits/dia1019_utt2.mp4
1019,3,Monica,neutral,"Um, we have a reservation under the name Chandler Bing.",data/raw/MELD-RAW/MELD.Raw/train/train_splits/dia1019_utt3.mp4
1019,5,Chandler,surprise,Forty-five minutes? We have tickets to the,data/raw/MELD-RAW/MELD.Raw/train/train_splits/dia1019_utt5.mp4
1019,7,Chandler,sadness,Is this because of the burrito thing?,data/raw/MELD-RAW/MELD.Raw/train/train_splits/dia1019_utt7.mp4
1019,8,Monica,neutral,You need to give him money.,data/raw/MELD-RAW/MELD.Raw/train/train_splits/dia1019_utt8.mp4
1019,9,Chandler,surprise,Give him money? It was a joke!,data/raw/MELD-RAW/MELD.Raw/train/train_splits/dia1019_utt9.mp4
1019,10,Monica,anger,"No, to get a table! Places like this are always shakin' you down. Everybody wants to be paid off.",data/raw/MELD-RAW/MELD.Raw/train/train_splits/dia1019_utt10.mp4
1019,11,Chandler,neutral,"Right, calm down, O'Mally. I'll slip him some money.",data/raw/MELD-RAW/MELD.Raw/train/train_splits/dia1019_utt11.mp4
1019,12,Monica,neutral,You've got to be smooth about it.,data/raw/MELD-RAW/MELD.Raw/train/train_splits/dia1019_utt12.mp4
1019,13,Chandler,neutral,"Hey, I can be smooth.",data/raw/MELD-RAW/MELD.Raw/train/train_splits/dia1019_utt13.mp4
1019,14,Chandler,neutral,"Listen, we're a little bit in a hurry, so, if you can get us a table a little quicker, I'd appreciate it.",data/raw/MELD-RAW/MELD.Raw/train/train_splits/dia1019_utt14.mp4
1019,16,Chandler,neutral,Okay.,data/raw/MELD-RAW/MELD.Raw/train/train_splits/dia1019_utt16.mp4
1021,0,Chandler,neutral,I can blow dry it.,data/raw/MELD-RAW/MELD.Raw/train/train_splits/dia1021_utt0.mp4
1021,1,Chandler,neutral,I can put gel on it.,data/raw/MELD-RAW/MELD.Raw/train/train_splits/dia1021_utt1.mp4
1021,2,Chandler,neutral,"It doesn't matter, I still wind up with this little  cowlicky thing on the middle part of my head.",data/raw/MELD-RAW/MELD.Raw/train/train_splits/dia1021_utt2.mp4
1021,3,Chandler,disgust,It's so annoying.,data/raw/MELD-RAW/MELD.Raw/train/train_splits/dia1021_utt3.mp4
1021,4,Chandler,sadness,Does it bug you?,data/raw/MELD-RAW/MELD.Raw/train/train_splits/dia1021_utt4.mp4
1021,6,Chandler,neutral,Is there any chance you didn't see that?,data/raw/MELD-RAW/MELD.Raw/train/train_splits/dia1021_utt6.mp4
1023,0,Chandler,joy,"Well, I feel like a snack!",data/raw/MELD-RAW/MELD.Raw/train/train_splits/dia1023_utt0.mp4
1023,1,Monica,neutral,Do you want some shortbread? Eh that's Scottish like you are.,data/raw/MELD-RAW/MELD.Raw/train/train_splits/dia1023_utt1.mp4
1023,2,Chandler,neutral,Oh no thanks. I don't like,data/raw/MELD-RAW/MELD.Raw/train/train_splits/dia1023_utt2.mp4
1023,4,Chandler,sadness,"Well it's just my entire family was run out of Scotland byVikings. Anyway, lots of bad memories.",data/raw/MELD-RAW/MELD.Raw/train/train_splits/dia1023_utt4.mp4
1023,6,Monica,anger,You can not play bagpipes at the wedding!!,data/raw/MELD-RAW/MELD.Raw/train/train_splits/dia1023_utt6.mp4
1025,0,Monica,disgust,"Dad, please don't pick your teeth out here!",data/raw/MELD-RAW/MELD.Raw/train/train_splits/dia1025_utt0.mp4
1025,1,Monica,disgust,"Alright, and if you're gonna put your feet up, why don't you sit on the-",data/raw/MELD-RAW/MELD.Raw/train/train_splits/dia1025_utt1.mp4
1025,2,Phoebe,anger,"Monica, leave him alone",data/raw/MELD-RAW/MELD.Raw/train/train_splits/dia1025_utt2.mp4
1025,14,Monica,anger,"Ross, if you don't tell them, then I will!",data/raw/MELD-RAW/MELD.Raw/train/train_splits/dia1025_utt14.mp4
1026,0,Monica,joy,You are so cute! How did you get to be so cute?,data/raw/MELD-RAW/MELD.Raw/train/train_splits/dia1026_utt0.mp4
1026,1,Chandler,joy,"Well, my Grandfather was Swedish and my Grandmother was actually a tiny little bunny.",data/raw/MELD-RAW/MELD.Raw/train/train_splits/dia1026_utt1.mp4
1026,2,Monica,joy,"Okay, now you're even cuter!!",data/raw/MELD-RAW/MELD.Raw/train/train_splits/dia1026_utt2.mp4
1026,3,Chandler,neutral,Y'know that is a popular opinion today I must say.,data/raw/MELD-RAW/MELD.Raw/train/train_splits/dia1026_utt3.mp4
1026,4,Monica,surprise,What?,data/raw/MELD-RAW/MELD.Raw/train/train_splits/dia1026_utt4.mp4
1026,5,Chandler,surprise,"The weirdest thing happened at the coffee house, I think, I think Phoebe was hitting on me.",data/raw/MELD-RAW/MELD.Raw/train/train_splits/dia1026_utt5.mp4
1026,6,Monica,surprise,What are you talking about?,data/raw/MELD-RAW/MELD.Raw/train/train_splits/dia1026_utt6.mp4
1026,7,Chandler,joy,I'm telling you I think Phoebe thinks I'm foxy.,data/raw/MELD-RAW/MELD.Raw/train/train_splits/dia1026_utt7.mp4
1026,8,Monica,joy,That's not possible!,data/raw/MELD-RAW/MELD.Raw/train/train_splits/dia1026_utt8.mp4
1026,9,Chandler,surprise,Ow!,data/raw/MELD-RAW/MELD.Raw/train/train_splits/dia1026_utt9.mp4
1026,10,Monica,joy,"I'm sorry it's just, Phoebe just always thought you were, you were charming in a, in a sexless kind of way.",data/raw/MELD-RAW/MELD.Raw/train/train_splits/dia1026_utt10.mp4
1026,11,Chandler,anger,"Oh, y'know I-I can't hear that enough.",data/raw/MELD-RAW/MELD.Raw/train/train_splits/dia1026_utt11.mp4
1026,12,Monica,sadness,"I'm sorry, I think that you just misunderstood her.",data/raw/MELD-RAW/MELD.Raw/train/train_splits/dia1026_utt12.mp4
1026,13,Chandler,anger,"No, I didn't misunderstand, okay? She was all over me! She touched my bicep for crying out loud!",data/raw/MELD-RAW/MELD.Raw/train/train_splits/dia1026_utt13.mp4
1026,14,Monica,surprise,This bicep?,data/raw/MELD-RAW/MELD.Raw/train/train_splits/dia1026_utt14.mp4
1026,15,Chandler,anger,Well it's not flexed right now!,data/raw/MELD-RAW/MELD.Raw/train/train_splits/dia1026_utt15.mp4
1027,0,Phoebe,neutral,It's Phoebe.,data/raw/MELD-RAW/MELD.Raw/train/train_splits/dia1027_utt0.mp4
1027,1,Phoebe,sadness,"Umm, well I sorta have some bad news, can I come in?",data/raw/MELD-RAW/MELD.Raw/train/train_splits/dia1027_utt1.mp4
1027,2,Phoebe,sadness,"Umm, well, umm Grandma died.",data/raw/MELD-RAW/MELD.Raw/train/train_splits/dia1027_utt2.mp4
1027,3,Phoebe,sadness,"No, she just died today! Okay, umm, we're having a memorial service tomorrow.",data/raw/MELD-RAW/MELD.Raw/train/train_splits/dia1027_utt3.mp4
1027,4,Phoebe,joy,No you didn't!,data/raw/MELD-RAW/MELD.Raw/train/train_splits/dia1027_utt4.mp4
1027,5,Phoebe,anger,"Well, lots of people! Look, are you coming to memorial service or not?",data/raw/MELD-RAW/MELD.Raw/train/train_splits/dia1027_utt5.mp4
1027,6,Phoebe,disgust,"Fine. Okay, enjoy your concert.",data/raw/MELD-RAW/MELD.Raw/train/train_splits/dia1027_utt6.mp4
1031,1,Monica,neutral,Yeah. That-that was the problem.,data/raw/MELD-RAW/MELD.Raw/train/train_splits/dia1031_utt1.mp4
1031,2,Chandler,joy,"Excuse me, Doug?  Hey there sports fan!!",data/raw/MELD-RAW/MELD.Raw/train/train_splits/dia1031_utt2.mp4
1032,1,Monica,neutral,"Umm. Well, there's Rachel, and umm, I think that's it. How bout you?",data/raw/MELD-RAW/MELD.Raw/train/train_splits/dia1032_utt1.mp4
1032,6,Monica,neutral,Is that all?,data/raw/MELD-RAW/MELD.Raw/train/train_splits/dia1032_utt6.mp4
1032,8,Monica,surprise,"Ohh, how is he?",data/raw/MELD-RAW/MELD.Raw/train/train_splits/dia1032_utt8.mp4
1032,10,Monica,neutral,Isn't he an architect now?,data/raw/MELD-RAW/MELD.Raw/train/train_splits/dia1032_utt10.mp4
1033,1,Chandler,neutral,But you found the keys to his clothes?,data/raw/MELD-RAW/MELD.Raw/train/train_splits/dia1033_utt1.mp4
1033,3,Monica,surprise,And people will think you own a Porsche because you're wearing the clothes?,data/raw/MELD-RAW/MELD.Raw/train/train_splits/dia1033_utt3.mp4
1035,1,Chandler,neutral,"I'm not even getting married! Okay, this is a question for science fiction writers!",data/raw/MELD-RAW/MELD.Raw/train/train_splits/dia1035_utt1.mp4
1035,4,Chandler,neutral,I'm not even I'm not even,data/raw/MELD-RAW/MELD.Raw/train/train_splits/dia1035_utt4.mp4
1038,0,Chandler,neutral,Hey.,data/raw/MELD-RAW/MELD.Raw/train/train_splits/dia1038_utt0.mp4
1038,2,Monica,neutral,So how was Joan?,data/raw/MELD-RAW/MELD.Raw/train/train_splits/dia1038_utt2.mp4
1038,3,Chandler,neutral,I broke up with her.,data/raw/MELD-RAW/MELD.Raw/train/train_splits/dia1038_utt3.mp4
1038,5,Chandler,disgust,"They were huge. When she sneezed, bats flew out of them.",data/raw/MELD-RAW/MELD.Raw/train/train_splits/dia1038_utt5.mp4
1038,7,Chandler,disgust,"I'm tellin' you, she leaned back; I could see her brain.",data/raw/MELD-RAW/MELD.Raw/train/train_splits/dia1038_utt7.mp4
1038,8,Monica,surprise,How many perfectly fine women are you gonna reject over the most superficial insignificant things?,data/raw/MELD-RAW/MELD.Raw/train/train_splits/dia1038_utt8.mp4
1038,13,Chandler,neutral,You or me?,data/raw/MELD-RAW/MELD.Raw/train/train_splits/dia1038_utt13.mp4
